addr,end,kind,name,extra
00400000,00400080,data,"IMAGE_DOS_HEADER_00400000",IMAGE_DOS_HEADER
00400080,00400110,data,"DAT_00400080",IMAGE_RICH_HEADER
00400128,00400220,data,"DAT_00400128",IMAGE_NT_HEADERS32
00400220,00400248,data,"DAT_00400220",IMAGE_SECTION_HEADER
00400248,00400270,data,"DAT_00400248",IMAGE_SECTION_HEADER
00400270,00400298,data,"DAT_00400270",IMAGE_SECTION_HEADER
00400298,004002c0,data,"DAT_00400298",IMAGE_SECTION_HEADER
00401000,00401030,func,"`vector_constructor_iterator'",
00401030,00401050,func,"FUN_00401030",
00401050,004010f0,func,"trk_Init",
004010f0,00401130,func,"trk_Update",
00401130,004011a0,func,"ModelInstance::GetTracker",
004011a0,00401200,func,"trk_SetCurTime",
00401200,004012e0,func,"trk_SetCurAnim",
004012e0,00401310,func,"trk_Reset",
00401310,00401400,func,"trk_SetAtKeyFrame",
00401400,00401600,func,"trk_ScanToKeyFrame",
00401600,00401700,func,"trk_UpdatePositionInterpolant",
00401700,00401760,func,"AnimTimeRef::IsValid",
00401760,004017a0,func,"FUN_00401760",
004017a0,004017c0,func,"FUN_004017a0",
004017c0,00401820,func,"FUN_004017c0",
00401820,00401870,func,"bm_GetInstanceHandle",
00401870,00401890,func,"FUN_00401870",
00401890,004018d0,func,"FUN_00401890",
004018d0,00401900,func,"FUN_004018d0",
00401900,00401b00,func,"BinkVideoMgr::Init",
00401b00,00401c00,func,"FUN_00401b00",
00401c00,00401c20,func,"FUN_00401c00",
00401c20,00401c40,func,"FUN_00401c20",
00401c40,00401c80,func,"FUN_00401c40",
00401c80,00401ca0,func,"FUN_00401c80",
00401ca0,00401cc0,func,"FUN_00401ca0",
00401cc0,00401cf0,func,"FUN_00401cc0",
00401cf0,00401da0,func,"FUN_00401cf0",
00401da0,00401e40,func,"BinkVideoInst::Init",
00401e40,004020b0,func,"BinkVideoInst::InitScreen",
004020b0,00402190,func,"BinkVideoInst::InitTexture",
00402190,004021c0,func,"FUN_00402190",
004021c0,00402210,func,"BinkVideoInst::OnRenderTerm",
00402210,00402230,func,"FUN_00402210",
00402230,00402250,func,"FUN_00402230",
00402250,00402270,func,"FUN_00402250",
00402270,00402330,func,"BinkVideoInst::BindToSurface",
00402330,00402350,func,"FUN_00402330",
00402350,004025a0,func,"BinkVideoInst::UpdateOnScreen",
004025a0,00402680,func,"BinkVideoInst::UpdateTextureVideo",
00402680,00402730,func,"cb_LoadModule",
00402730,004027a0,func,"cb_VerifyClassDefProperties",
004027a0,004027c0,func,"cb_UnloadModule",
004027c0,004027d0,func,"cb_GetNumClassDefs",
004027d0,004027e0,func,"cb_GetClassDefs",
004027e0,00402850,func,"cb_FindClass",
00402850,00402870,func,"cb_IsClassFlagSet",
00402870,00402890,func,"FUN_00402870",
00402890,004028a0,func,"CClassMgr::Term",
004028a0,004028c0,func,"CClassMgr::Init",
004028c0,00402970,func,"CClassMgr::Term",
00402970,004029b0,func,"FUN_00402970",
004029b0,00402ab0,func,"LoadServerBinaries",
00402ab0,00402c30,func,"InitExtraClassData",
00402c30,00402c80,func,"SetupClassFunctions",
00402c80,00402cb0,func,"SetupClassNullFunctions",
00402cb0,00402ed0,func,"FUN_00402cb0",
00402ed0,00402ef0,func,"FUN_00402ed0",
00402ef0,00402f90,func,"FUN_00402ef0",
00402f90,00402fb0,func,"FUN_00402f90",
00402fb0,00403350,func,"RunClientApp",
00403350,004034d0,func,"StartClient",
004034d0,00403a00,func,"MainWndProc",
0040352f,0040352f,label,"switchD_0040352f::switchD",Label
00403536,00403536,label,"switchD_0040352f::caseD_f",Label
00403563,00403563,label,"switchD_0040352f::caseD_14",Label
0040357e,0040357e,label,"switchD_0040352f::caseD_1c",Label
004037dd,004037dd,label,"switchD_0040352f::caseD_2",Label
00403902,00403902,label,"switchD_0040352f::caseD_3",Label
00403909,00403909,label,"switchD_0040352f::default",Label
004039c8,004039dc,jumptable,"switchD_0040352f::switchdataD_004039c8",ptr
004039dc,004039f7,jumptable,"switchD_0040352f::switchdataD_004039dc",byte
00403a00,00403d90,func,"FUN_00403a00",
00403d90,00403e80,func,"ClientWinMain",
00403e80,00403f10,func,"FUN_00403e80",
00403f10,00403f50,func,"CHelpers::FormatFilename",
00403f50,00404060,func,"cf_Init",
00404060,00404120,func,"FUN_00404060",
00404120,00404140,func,"FUN_00404120",
00404140,00404160,func,"FUN_00404140",
00404160,004041f0,func,"CClientFileMgr::OnConnect",
004041f0,00404320,func,"CClientFileMgr::OnNewFile",
00404320,00404380,func,"FUN_00404320",
00404380,004043d0,func,"cf_FindServerFile",
004043d0,004043e0,func,"FUN_004043d0",
004043e0,004044b0,func,"CClientFileMgr::OnDisconnect",
004044b0,00404540,func,"CClientFileMgr::AddResourceTrees",
00404540,00404580,func,"cf_GetFilename",
00404580,004045e0,func,"FUN_00404580",
004045e0,004047f0,func,"FUN_004045e0",
004047f0,00404820,func,"FUN_004047f0",
00404820,004048b0,func,"cf_OpenFile",
004048b0,00404920,func,"FUN_004048b0",
00404920,00404940,func,"FUN_00404920",
00404940,00404980,func,"FUN_00404940",
00404980,004049c0,func,"FUN_00404980",
004049c0,004049f0,func,"ci_IntersectSegment",
004049f0,00404a00,func,"thunk_FUN_00404a00",
00404a00,00404a20,func,"FUN_00404a00",
00404a20,00404ac0,func,"ClientLightAnimLT::SetLightAnimInfo",
00404ac0,00404c20,func,"FUN_00404ac0",
00404c20,00404c40,func,"ILTClient::~ILTClient",
00404c40,00404cc0,func,"CPhysicsLT::SetVelocity",
00404cc0,00404d40,func,"CPhysicsLT::SetAcceleration",
00404d40,00404ee0,func,"CPhysicsLT::MoveObject",
00404ee0,00404fb0,func,"CPhysicsLT::UpdateMovement",
00404fb0,00405110,func,"CPhysicsLT::SetObjectDims",
00405110,00405140,func,"ILTPhysics::GetGlobalForce",
00405140,004051e0,func,"ILTPhysics::SetGlobalForce",
004051e0,00405310,func,"CPhysicsLT::MovePushObjects",
00405310,00405460,func,"CPhysicsLT::RotatePushObjects",
00405460,00405470,func,"ILTPhysics::GetStairHeight",
00405470,00405480,func,"ILTPhysics::SetStairHeight",
00405480,00405590,func,"ClientCommonLT::SetObjectFilenames",
00405590,004055b0,func,"ILTCommon::CreateMessage",
004055b0,00405680,func,"ILTCommon::GetPolyTextureFlags",
00405680,004057b0,func,"ILTCommon::GetPolyInfo",
004057b0,00405880,func,"ILTCommon::GetPolySurfaceFlags",
00405880,004058b0,func,"ILTCommon::GetPointStatus",
004058b0,00405980,func,"CLTClient::GetPointShade",
00405980,00405f50,func,"CLightTable::GetLightVal",
00405f50,00406020,func,"ClientCommonLT::GetAttachmentObjects",
00406020,00406040,func,"ILTCommon::~ILTCommon",
00406040,00406060,func,"FUN_00406040",
00406060,00406080,func,"FUN_00406060",
00406080,004060a0,func,"FUN_00406080",
004060a0,004060c0,func,"FUN_004060a0",
004060c0,004060e0,func,"FUN_004060c0",
004060e0,00406100,func,"FUN_004060e0",
00406100,00406120,func,"FUN_00406100",
00406120,00406140,func,"FUN_00406120",
00406140,004061e0,func,"LVideoMgr::StartOnScreenVideo",
004061e0,00406280,func,"LVideoMgr::StartTextureVideo",
00406280,00406340,func,"ILTVideoMgr::UpdateVideo",
00406340,00406400,func,"ILTVideoMgr::GetVideoStatus",
00406400,004064c0,func,"ILTVideoMgr::StopVideo",
004064c0,004065e0,func,"LVideoMgr::BindTextureVideoToPoly",
004065e0,00406660,func,"ClientModelLT::SetCurAnim",
00406660,00406690,func,"ILTLightAnim::FindLightAnim",
00406690,00406700,func,"ClientLightAnimLT::GetNumFrames",
00406700,00406770,func,"ClientLightAnimLT::GetLightAnimInfo",
00406770,00406790,func,"ILTLightAnim::SetLightAnimInfo",
00406790,00406870,func,"CLTClient::OpenFile",
00406870,004068a0,func,"ILTCSBase::CopyFile",
004068a0,00406910,func,"CLTClient::SetObjectPos",
00406910,00406930,func,"ILTServer::SetObjectFlags",
00406930,00406ac0,func,"ILTClient::AddParticle",
00406ac0,00406b10,func,"ILTClient::StartQuery",
00406b10,00406b60,func,"ILTClient::UpdateQuery",
00406b60,00406bc0,func,"ILTClient::GetQueryResults",
00406bc0,00406c10,func,"ILTClient::EndQuery",
00406c10,00406cc0,func,"CLTClient::GetSConValueFloat",
00406cc0,00406d90,func,"CLTClient::GetSConValueString",
00406d90,00406dc0,func,"ILTClient::GetServerConVarValueFloat",
00406dc0,00406df0,func,"ILTClient::GetServerConVarValueString",
00406df0,00407030,func,"CLTClient::SendToServer",
00407030,004070a0,func,"CLTClient::ProcessAttachments",
004070a0,00407100,func,"CLTClient::GetSpriteControl",
00407100,00407170,func,"CLTClient::ModelNodeControl",
00407170,004071e0,func,"CLTClient::GetCanvasFn",
004071e0,00407250,func,"CLTClient::SetCanvasFn",
00407250,004072b0,func,"ILTClient::GetCanvasRadius",
004072b0,00407320,func,"ILTClient::SetCanvasRadius",
00407320,00407350,func,"ILTClient::GetGlobalLightDir",
00407350,00407410,func,"ILTClient::SetGlobalLightDir",
00407410,00407440,func,"ILTClient::GetGlobalLightColor",
00407440,00407470,func,"ILTClient::SetGlobalLightColor",
00407470,004074a0,func,"ILTClient::GetAmbientLight",
004074a0,004074f0,func,"ILTClient::SetAmbientLight",
004074f0,00407560,func,"CLTClient::GetAttachments",
00407560,004075f0,func,"CLTClient::StartVideo",
004075f0,00407620,func,"ILTClient::StopVideo",
00407620,00407640,func,"ILTClient::UpdateVideo",
00407640,00407680,func,"ILTClient::IsVideoPlaying",
00407680,00407690,func,"ILTClient::GetPointStatus",
00407690,004076a0,func,"ILTClient::GetPointShade",
004076a0,004076d0,func,"ILTClient::StartMessage",
004076d0,00407750,func,"CLTClient::EndMessage2",
00407750,00407770,func,"ILTClient::EndMessage",
00407770,00407800,func,"ILTCSBase::StartHMessageWrite",
00407800,00407840,func,"ILTCSBase::GetModelAnimation",
00407840,00407870,func,"ILTCSBase::SetModelAnimation",
00407870,004078a0,func,"ILTCSBase::ResetModelAnimation",
004078a0,004078e0,func,"ILTCSBase::GetModelPlaybackState",
004078e0,00407920,func,"ILTCSBase::GetModelLooping",
00407920,00407950,func,"ILTCSBase::SetModelLooping",
00407950,00407990,func,"ILTClient::GetModelPlaying",
00407990,004079c0,func,"ILTClient::SetModelPlaying",
004079c0,004079d0,func,"ILTCSBase::FreeUnusedModels",
004079d0,00407a10,func,"ILTCSBase::CPrint",
00407a10,00407a90,func,"ILTCSBase::GetPointContainers",
00407a90,00407ac0,func,"ILTCSBase::GetContainerCode",
00407ac0,00407b70,func,"ILTCSBase::FormatString",
00407b70,00407b90,func,"ILTCSBase::CopyString",
00407b90,00407bb0,func,"ILTCSBase::CreateString",
00407bb0,00407be0,func,"ILTCSBase::CompareStrings",
00407be0,00407c10,func,"ILTCSBase::CompareStringsUpper",
00407c10,00407c30,func,"ILTCSBase::GetStringData",
00407c30,00407c50,func,"ILTCSBase::GetVarValueFloat",
00407c50,00407c70,func,"ILTCSBase::GetVarValueString",
00407c70,00407c80,func,"ILTCSBase::GetTime",
00407c80,00407c90,func,"ILTCSBase::GetFrameTime",
00407c90,00407d30,func,"CLTClient::RemoveObject",
00407d30,00407d80,func,"ILTClient::~ILTClient",
00407d80,00407dd0,func,"FUN_00407d80",
00407dd0,00407f60,func,"FUN_00407dd0",
00407f60,004080c0,func,"ILTClient::GetSurfaceBounds",
004080c0,004081a0,func,"CLTClient::SetPolyHideStatus",
004081a0,00408280,func,"CLTClient::GetPolyTextureFlags",
00408280,004082b0,func,"ILTClient::SetModelHook",
004082b0,004082f0,func,"ILTClient::InitNetworking",
004082f0,00408310,func,"ILTClient::GetServiceList",
00408310,00408370,func,"ILTClient::FreeServiceList",
00408370,004083d0,func,"CLTClient::SelectService",
004083d0,004083f0,func,"ILTClient::GetSessionList",
004083f0,00408410,func,"ILTClient::FreeSessionList",
00408410,00408450,func,"ILTClient::AddInternetDriver",
00408450,00408490,func,"ILTClient::RemoveInternetDriver",
00408490,004084f0,func,"CLTClient::GetTcpIpAddress",
004084f0,00408570,func,"CLTClient::IsLobbyLaunched",
00408570,00408640,func,"CLTClient::GetLobbyLaunchInfo",
00408640,00408cb0,func,"FUN_00408640",
00408cb0,00408cd0,func,"ILTClient::StartGame",
00408cd0,00408d70,func,"ILTClient::SetGameInfo",
00408d70,00408da0,func,"ILTClient::GetGameMode",
00408da0,00408de0,func,"ILTClient::GetLocalClientID",
00408de0,00408e00,func,"ILTClient::IsConnected",
00408e00,00408e30,func,"ILTClient::Disconnect",
00408e30,00408e70,func,"ILTClient::ShutdownWithMessage",
00408e70,00408e80,func,"ILTClient::Shutdown",
00408e80,00408ee0,func,"ILTClient::FlipScreen",
00408ee0,00409010,func,"ILTClient::ClearScreen",
00409010,004090a0,func,"ILTClient::Start3D",
004090a0,00409190,func,"ILTClient::RenderCamera",
00409190,004092c0,func,"ILTClient::RenderObjects",
004092c0,00409350,func,"ILTClient::StartOptimized2D",
00409350,004093e0,func,"ILTClient::EndOptimized2D",
004093e0,00409480,func,"ILTClient::SetOptimized2DBlend",
00409480,00409520,func,"ILTClient::SetOptimized2DColor",
00409520,004095b0,func,"ILTClient::End3D",
004095b0,004095d0,func,"ILTClient::GetFileList",
004095d0,004096b0,func,"ILTClient::GetWorldInfoString",
004096b0,004096d0,func,"ILTClient::ReadConfigFile",
004096d0,004096f0,func,"ILTClient::WriteConfigFile",
004096f0,00409720,func,"ILTClient::GetAxisOffsets",
00409720,00409750,func,"ILTClient::PlayJoystickEffect",
00409750,00409770,func,"ILTClient::InitMusic",
00409770,004097a0,func,"ILTClient::SetMusicDirectory",
004097a0,004097d0,func,"ILTClient::InitInstruments",
004097d0,00409810,func,"ILTClient::LoadSong",
00409810,00409830,func,"ILTClient::DestroyAllSongs",
00409830,00409890,func,"ILTClient::PlayBreak",
00409890,004098b0,func,"ILTClient::StopMusic",
004098b0,004098d0,func,"ILTClient::PauseMusic",
004098d0,004098f0,func,"ILTClient::ResumeMusic",
004098f0,00409970,func,"ILTClient::AddSongToPlayList",
00409970,004099b0,func,"ILTClient::DeletePlayList",
004099b0,00409a40,func,"ILTClient::PlayList",
00409a40,00409a80,func,"ILTClient::PlayMotif",
00409a80,00409aa0,func,"ILTClient::StopMotif",
00409aa0,00409ad0,func,"ILTClient::GetMusicVolume",
00409ad0,00409b00,func,"ILTClient::SetMusicVolume",
00409b00,00409b20,func,"ILTClient::GetSound3DProviderLists",
00409b20,00409b40,func,"ILTClient::ReleaseSound3DProviderList",
00409b40,00409b60,func,"ILTClient::InitSound",
00409b60,00409b80,func,"ILTClient::GetSoundVolume",
00409b80,00409ba0,func,"ILTClient::SetSoundVolume",
00409ba0,00409bc0,func,"ILTClient::SetReverbProperties",
00409bc0,00409be0,func,"ILTClient::GetReverbProperties",
00409be0,00409c20,func,"ILTClient::PlaySound",
00409c20,00409c40,func,"ILTClient::SetSoundPosition",
00409c40,00409c60,func,"ILTClient::GetSoundPosition",
00409c60,00409c70,func,"ILTClient::PauseSounds",
00409c70,00409c80,func,"ILTClient::ResumeSounds",
00409c80,00409ca0,func,"ILTClient::GetSoundDuration",
00409ca0,00409db0,func,"ILTClient::GetSoundTimer",
00409db0,00409f40,func,"ILTClient::GetSoundData",
00409f40,0040a0a0,func,"ILTClient::GetSoundOffset",
0040a0a0,0040a0c0,func,"ILTClient::IsDone",
0040a0c0,0040a0e0,func,"ILTClient::KillSound",
0040a0e0,0040a100,func,"ILTClient::KillSoundLoop",
0040a100,0040a1d0,func,"ILTClient::SetListener",
0040a1d0,0040a320,func,"ILTClient::GetListener",
0040a320,0040a3f0,func,"ILTClient::CastRay",
0040a3f0,0040a590,func,"ILTClient::FindObjectsInSphere",
0040a590,0040a5c0,func,"FUN_0040a590",
0040a5c0,0040a630,func,"CLTClient::RegisterConsoleProgram",
0040a630,0040a6b0,func,"CLTClient::UnregisterConsoleProgram",
0040a6b0,0040a790,func,"ILTClient::SetGlobalPanTexture",
0040a790,0040a800,func,"ILTClient::SetGlobalPanInfo",
0040a800,0040a820,func,"ILTClient::AddSurfaceEffect",
0040a820,0040a840,func,"ILTClient::SetInputState",
0040a840,0040a850,func,"ILTClient::ClearInput",
0040a850,0040a870,func,"ILTClient::GetDeviceBindings",
0040a870,0040a890,func,"ILTClient::FreeDeviceBindings",
0040a890,0040a8e0,func,"ILTClient::StartDeviceTrack",
0040a8e0,0040a920,func,"ILTClient::TrackDevice",
0040a920,0040a960,func,"ILTClient::EndDeviceTrack",
0040a960,0040a980,func,"ILTClient::GetDeviceObjects",
0040a980,0040a9a0,func,"ILTClient::FreeDeviceObjects",
0040a9a0,0040a9e0,func,"ILTClient::GetDeviceName",
0040a9e0,0040aa10,func,"ILTClient::IsDeviceEnabled",
0040aa10,0040aa40,func,"ILTClient::EnableDevice",
0040aa40,0040aa60,func,"ILTClient::GetGameTime",
0040aa60,0040aa80,func,"ILTClient::GetGameFrameTime",
0040aa80,0040aaa0,func,"ILTClient::GetSkyDef",
0040aaa0,0040aae0,func,"ILTClient::IsCommandOn",
0040aae0,0040aaf0,func,"ILTClient::RunConsoleString",
0040aaf0,0040ab10,func,"ILTClient::GetClientObject",
0040ab10,0040ab30,func,"ILTClient::GetGlobalVertexTint",
0040ab30,0040ac40,func,"ILTClient::SetGlobalVertexTint",
0040ac40,0040ad90,func,"ILTClient::OffsetGlobalVertexTint",
0040ad90,0040adb0,func,"ILTClient::GetGlobalLightScale",
0040adb0,0040aec0,func,"ILTClient::SetGlobalLightScale",
0040aec0,0040b010,func,"ILTClient::OffsetGlobalLightScale",
0040b010,0040b0b0,func,"ILTClient::CreateObject",
0040b0b0,0040b0e0,func,"ILTClient::SetObjectPosAndRotation",
0040b0e0,0040b140,func,"CLTClient::GetObjectScale",
0040b140,0040b1a0,func,"CLTClient::SetObjectScale",
0040b1a0,0040b230,func,"ILTClient::GetObjectColor",
0040b230,0040b290,func,"ILTClient::SetObjectColor",
0040b290,0040b2f0,func,"CLTClient::GetObjectUserFlags",
0040b2f0,0040b380,func,"CLTClient::SetObjectUserFlags",
0040b380,0040b3a0,func,"ILTClient::GetObjectClientFlags",
0040b3a0,0040b3c0,func,"ILTClient::SetObjectClientFlags",
0040b3c0,0040b3e0,func,"ILTClient::GetObjectUserData",
0040b3e0,0040b400,func,"ILTClient::SetObjectUserData",
0040b400,0040b430,func,"ILTClient::GetObjectPos",
0040b430,0040b470,func,"ILTClient::GetObjectRotation",
0040b470,0040b4a0,func,"ILTClient::SetObjectRotation",
0040b4a0,0040b720,func,"ILTClient::Get3DCameraPt",
0040b720,0040b760,func,"ILTClient::GetCameraFOV",
0040b760,0040b810,func,"ILTClient::SetCameraFOV",
0040b810,0040b880,func,"ILTClient::GetCameraRect",
0040b880,0040b8d0,func,"ILTClient::SetCameraRect",
0040b8d0,0040b910,func,"ILTClient::GetCameraLightAdd",
0040b910,0040b950,func,"ILTClient::SetCameraLightAdd",
0040b950,0040ba10,func,"ILTClient::SetupParticleSystem",
0040ba10,0040baa0,func,"CLTClient::SetSoftwarePSColor",
0040baa0,0040bad0,func,"ILTClient::AddParticles",
0040bad0,0040bb10,func,"ILTClient::GetParticles",
0040bb10,0040bb40,func,"ILTClient::GetParticlePos",
0040bb40,0040bb90,func,"ILTClient::GetParticleLifetime",
0040bb90,0040bbe0,func,"ILTClient::GetParticleTotalLifetime",
0040bbe0,0040bcc0,func,"ILTClient::SetParticlePos",
0040bcc0,0040bd10,func,"ILTClient::RemoveParticle",
0040bd10,0040bd80,func,"CLTClient::OptimizeParticles",
0040bd80,0040bda0,func,"ILTClient::SetupPolyGrid",
0040bda0,0040be60,func,"CLTClient::SetPolyGridTexture",
0040be60,0040bf50,func,"ILTClient::SetPolyGridEnvMap",
0040bf50,0040c030,func,"CLTClient::GetPolyGridTextureInfo",
0040c030,0040c0b0,func,"CLTClient::SetPolyGridTextureInfo",
0040c0b0,0040c150,func,"ILTClient::GetPolyGridInfo",
0040c150,0040c300,func,"CLTClient::FitPolyGrid",
0040c300,0040c320,func,"ILTClient::GetLightColor",
0040c320,0040c360,func,"ILTClient::SetLightColor",
0040c360,0040c3a0,func,"ILTClient::SetLightRadius",
0040c3a0,0040c3d0,func,"ILTClient::ClipSprite",
0040c3d0,0040c3e0,func,"ic_Parse",
0040c3e0,0040c3f0,func,"thunk_FUN_0040f0d0",
0040c3f0,0040c460,func,"FUN_0040c3f0",
0040c460,0040c470,func,"FUN_0040c460",
0040c470,0040c480,func,"FUN_0040c470",
0040c480,0040c4a0,func,"FUN_0040c480",
0040c4a0,0040c4b0,func,"FUN_0040c4a0",
0040c4b0,0040c4d0,func,"FUN_0040c4b0",
0040c4d0,0040c4e0,func,"thunk_FUN_0040c4e0",
0040c4e0,0040c4f0,func,"FUN_0040c4e0",
0040c4f0,0040c500,func,"thunk_FUN_0040c500",
0040c500,0040c510,func,"FUN_0040c500",
0040c510,0040c520,func,"FUN_0040c510",
0040c520,0040c650,func,"cis_InternalCreateSurface",
0040c650,0040c690,func,"cis_CreateSurfaceFromPcx",
0040c690,0040c880,func,"cis_InternalBitmapToSurface",
0040c880,0040c970,func,"cis_DeleteSurface",
0040c970,0040c9a0,func,"FUN_0040c970",
0040c9a0,0040c9c0,func,"FUN_0040c9a0",
0040c9c0,0040cac0,func,"ILTClient::GetPixel",
0040cac0,0040cbd0,func,"ILTClient::SetPixel",
0040cbd0,0040cd80,func,"FUN_0040cbd0",
0040cd80,0040cde0,func,"ILTClient::CreateColor",
0040cde0,0040ce00,func,"ILTClient::SetupColor1",
0040ce00,0040ce20,func,"ILTClient::SetupColor2",
0040ce20,0040d050,func,"ILTClient::GetBorderSize",
0040d050,0040d0b0,func,"IsVertSpanSolidColor",
0040d0b0,0040d110,func,"IsHorzSpanSolidColor",
0040d110,0040d1b0,func,"ILTClient::OptimizeSurface",
0040d1b0,0040d220,func,"ILTClient::UnoptimizeSurface",
0040d220,0040d230,func,"ILTClient::GetScreenSurface",
0040d230,0040d2e0,func,"ILTClient::CreateSurfaceFromBitmap",
0040d2e0,0040d340,func,"FUN_0040d2e0",
0040d340,0040d350,func,"ILTClient::CreateSurface",
0040d350,0040d360,func,"ILTClient::GetSurfaceUserData",
0040d360,0040d370,func,"ILTClient::SetSurfaceUserData",
0040d370,0040d3b0,func,"ILTClient::GetSurfaceDims",
0040d3b0,0040d4c0,func,"ILTClient::DrawBitmapToSurface",
0040d4c0,0040d560,func,"ILTClient::DrawSurfaceSolidColor",
0040d560,0040d630,func,"FUN_0040d560",
0040d630,0040d9f0,func,"cis_DoDrawSurfaceToSurface",
0040d9f0,0040daa0,func,"cis_OpaqueDraw",
0040daa0,0040db60,func,"FUN_0040daa0",
0040db60,0040dba0,func,"cis_OptimizeDirty",
0040dba0,0040dc30,func,"ILTClient::DrawSurfaceMasked",
0040dc30,0040dee0,func,"FUN_0040dc30",
0040dee0,0040df50,func,"ILTClient::DrawSurfaceToSurface",
0040df50,0040dfc0,func,"ILTClient::DrawSurfaceToSurfaceTransparent",
0040dfc0,0040e030,func,"ILTClient::ScaleSurfaceToSurface",
0040e030,0040e320,func,"cis_InternalScaleSurfaceToSurface",
0040e320,0040e3a0,func,"ILTClient::ScaleSurfaceToSurfaceTransparent",
0040e3a0,0040e410,func,"ILTClient::ScaleSurfaceToSurfaceSolidColor",
0040e410,0040e480,func,"ILTClient::WarpSurfaceToSurface",
0040e480,0040e690,func,"cis_InternalWarpSurfaceToSurface",
0040e690,0040e700,func,"ILTClient::WarpSurfaceToSurfaceTransparent",
0040e700,0040e7a0,func,"ILTClient::WarpSurfaceToSurfaceSolidColor",
0040e7a0,0040e820,func,"ILTClient::TransformSurfaceToSurface",
0040e820,0040ec90,func,"cis_InternalTransformSurfaceToSurface",
0040ec90,0040ed30,func,"ILTClient::TransformSurfaceToSurfaceTransparent",
0040ed30,0040ef70,func,"ILTClient::FillRect",
0040ef70,0040efc0,func,"ILTClient::GetSurfaceAlpha",
0040efc0,0040f050,func,"ILTClient::SetSurfaceAlpha",
0040f050,0040f0d0,func,"ILTClient::GetEngineHook",
0040f0d0,0040f100,func,"FUN_0040f0d0",
0040f100,0040f160,func,"cis_DeleteSurfaces",
0040f160,0040f1a0,func,"FUN_0040f160",
0040f1a0,0040f1f0,func,"cis_RestoreSurfaces",
0040f1f0,0040f320,func,"cis_RestoreSurface",
0040f320,0040f3d0,func,"cis_RendererGoingAway",
0040f3d0,0040f420,func,"cis_BackupSurfaces",
0040f420,0040f4c0,func,"cis_BackupSurface",
0040f4c0,0040f4e0,func,"FUN_0040f4c0",
0040f4e0,0040f4f0,func,"FUN_0040f4e0",
0040f4f0,0040f5e0,func,"FUN_0040f4f0",
0040f5e0,0040f6c0,func,"CMoArray<unsigned_char,DefaultCache>::Remove2",
0040f6c0,0040f7f0,func,"FUN_0040f6c0",
0040f7f0,0040f8d0,func,"FUN_0040f7f0",
0040f8d0,0040f900,func,"CMoArray<unsigned_char,class_DefaultCache>::GenFindElement",
0040f900,0040f940,func,"CGLinkedList<CConTextLine_*>::GenRemoveAt",
0040f940,0040f970,func,"FUN_0040f940",
0040f970,0040fa60,func,"FUN_0040f970",
0040fa60,0040fa70,func,"FUN_0040fa60",
0040fa70,0040fa80,func,"FUN_0040fa70",
0040fa80,0040fa90,func,"FUN_0040fa80",
0040fa90,0040fac0,func,"FUN_0040fa90",
0040fac0,0040fad0,func,"FUN_0040fac0",
0040fad0,0040fae0,func,"FUN_0040fad0",
0040fae0,0040faf0,func,"FUN_0040fae0",
0040faf0,0040fb20,func,"FUN_0040faf0",
0040fb20,0040fb30,func,"FUN_0040fb20",
0040fb30,0040fb60,func,"FUN_0040fb30",
0040fb60,0040fb70,func,"FUN_0040fb60",
0040fb70,0040fba0,func,"FUN_0040fb70",
0040fba0,0040fbb0,func,"GetClientILTSoundMgrImpl",
0040fbb0,0040fbc0,func,"GetMusicMgr",
0040fbc0,0040fc70,func,"_GetRModeFromConsoleVariables",
0040fc70,00410050,func,"CClientMgr::Init",
00410050,004101c0,func,"CNetMgr::SendPacket",
004101c0,00410310,func,"FUN_004101c0",
00410310,004103d0,func,"FUN_00410310",
004103d0,004104c0,func,"FUN_004103d0",
004104c0,004104e0,func,"CClientMgr::OnEnterWorld",
004104e0,00410500,func,"FUN_004104e0",
00410500,00410a40,func,"CClientMgr::StartShell",
00410a40,00410a70,func,"FUN_00410a40",
00410a70,00410bf0,func,"CClientMgr::AppInitMusic",
00410bf0,00410c00,func,"music_TermDriver",
00410c00,00410c20,func,"CClientMgr::BindClientShellWorlds",
00410c20,00410c30,func,"CClientMgr::UnbindClientShellWorlds",
00410c30,00410c80,func,"CClientMgr::BindSharedTextures",
00410c80,00410cb0,func,"CClientMgr::UnbindSharedTextures",
00410cb0,00410d00,func,"CClientMgr::InitConsole",
00410d00,00410d10,func,"CClientMgr::TermConsole",
00410d10,00410d30,func,"CClientMgr::InitGlobals",
00410d30,00410d60,func,"FUN_00410d30",
00410d60,00410db0,func,"FUN_00410d60",
00410db0,004110b0,func,"FUN_00410db0",
004110b0,00411150,func,"FUN_004110b0",
00411150,00411180,func,"FUN_00411150",
00411180,004111b0,func,"FUN_00411180",
004111b0,00411260,func,"FUN_004111b0",
00411260,004112c0,func,"CClientMgr::UpdateAllSounds",
004112c0,00411650,func,"cm_Init",
00411650,00411670,func,"FUN_00411650",
00411670,00411710,func,"MotionInfo::SetForce",
00411710,00411720,func,"FUN_00411710",
00411720,00411b80,func,"CClientMgr::~CClientMgr",
00411b80,00411ba0,func,"FUN_00411b80",
00411ba0,00411c10,func,"FUN_00411ba0",
00411c10,00411c50,func,"FUN_00411c10",
00411c50,00411cb0,func,"FUN_00411c50",
00411cb0,00411cc0,func,"FUN_00411cb0",
00411cc0,00411d10,func,"FUN_00411cc0",
00411d10,00411de0,func,"FUN_00411d10",
00411de0,00412070,func,"FUN_00411de0",
00412070,004120d0,func,"cm_OnEnterServer",
004120d0,00412110,func,"FUN_004120d0",
00412110,004121e0,func,"cm_RunCommandLine",
004121e0,00412210,func,"FUN_004121e0",
00412210,00412230,func,"FUN_00412210",
00412230,00412260,func,"FUN_00412230",
00412260,00412660,func,"FUN_00412260",
00412660,00412680,func,"CRect::CRect",
00412680,004126a0,func,"FUN_00412680",
004126a0,00412820,func,"cm_AddObjectToClientWorld",
00412820,004128b0,func,"cm_RemoveObjectFromClientWorld",
004128b0,00412900,func,"FUN_004128b0",
00412900,00412930,func,"FUN_00412900",
00412930,00412960,func,"FUN_00412930",
00412960,00412980,func,"_CVector<float>::_CVector",
00412980,004129a0,func,"FUN_00412980",
004129a0,00412a70,func,"FUN_004129a0",
00412a70,00412ab0,func,"FUN_00412a70",
00412ab0,00412af0,func,"FUN_00412ab0",
00412af0,00412b30,func,"FUN_00412af0",
00412b30,00412b70,func,"FUN_00412b30",
00412b70,00412bb0,func,"FUN_00412b70",
00412bb0,00412bf0,func,"FUN_00412bb0",
00412bf0,00412c20,func,"FUN_00412bf0",
00412c20,00412c60,func,"FUN_00412c20",
00412c60,00412ca0,func,"FUN_00412c60",
00412ca0,00412ce0,func,"FUN_00412ca0",
00412ce0,00412d20,func,"FUN_00412ce0",
00412d20,00412d50,func,"FUN_00412d20",
00412d50,00412d80,func,"FUN_00412d50",
00412d80,00412ec0,func,"FUN_00412d80",
00412ec0,00412fe0,func,"FUN_00412ec0",
00412fe0,00413120,func,"FUN_00412fe0",
00413120,00413230,func,"FUN_00413120",
00413230,00413260,func,"GenFindElement",
00413260,00413350,func,"FUN_00413260",
00413350,00413430,func,"FUN_00413350",
00413430,00413450,func,"FUN_00413430",
00413450,00413470,func,"FUN_00413450",
00413470,00413490,func,"FUN_00413470",
00413490,004135b0,func,"FUN_00413490",
004135b0,004135e0,func,"FUN_004135b0",
004135e0,00413610,func,"FUN_004135e0",
00413610,00413750,func,"FUN_00413610",
00413750,00413880,func,"FUN_00413750",
00413880,004139c0,func,"FUN_00413880",
004139c0,00413ad0,func,"FUN_004139c0",
00413ad0,00413b10,func,"FUN_00413ad0",
00413b10,00413b40,func,"FUN_00413b10",
00413b40,00413b90,func,"FUN_00413b40",
00413b90,00413bf0,func,"WONAPI::ConstSmartPtr<class_WONAPI::AuthCertificateBase>::operator=",
00413bf0,00413ce0,func,"FUN_00413bf0",
00413ce0,00413d50,func,"FUN_00413ce0",
00413d50,00413e30,func,"FUN_00413d50",
00413e30,00413e50,func,"ObjectBank<LTObject>::~ObjectBank",
00413e50,00413e90,func,"FUN_00413e50",
00413e90,00413eb0,func,"FUN_00413e90",
00413eb0,00413ed0,func,"FUN_00413eb0",
00413ed0,00413ef0,func,"FUN_00413ed0",
00413ef0,00413f10,func,"FUN_00413ef0",
00413f10,00413f30,func,"FUN_00413f10",
00413f30,00413f50,func,"FUN_00413f30",
00413f50,00413f70,func,"FUN_00413f50",
00413f70,00413f90,func,"FUN_00413f70",
00413f90,00413fb0,func,"FUN_00413f90",
00413fb0,00413fd0,func,"FUN_00413fb0",
00413fd0,00413ff0,func,"FUN_00413fd0",
00413ff0,00414110,func,"FUN_00413ff0",
00414110,00414180,func,"FUN_00414110",
00414180,00414290,func,"FUN_00414180",
00414290,004142b0,func,"FUN_00414290",
004142b0,004142d0,func,"FUN_004142b0",
004142d0,004142f0,func,"FUN_004142d0",
004142f0,00414330,func,"FUN_004142f0",
00414330,00414370,func,"FUN_00414330",
00414370,004143b0,func,"FUN_00414370",
004143b0,004143f0,func,"FUN_004143b0",
004143f0,00414430,func,"FUN_004143f0",
00414430,00414470,func,"FUN_00414430",
00414470,004144b0,func,"FUN_00414470",
004144b0,004144f0,func,"FUN_004144b0",
004144f0,00414530,func,"FUN_004144f0",
00414530,00414570,func,"FUN_00414530",
00414570,004145b0,func,"FUN_00414570",
004145b0,004145f0,func,"FUN_004145b0",
004145f0,00414630,func,"FUN_004145f0",
00414630,00414720,func,"CMoArray<unsigned_char,DefaultCache>::Insert2",
00414720,00414750,func,"CMoArray<unsigned_char,DefaultCache>::_DeleteAndDestroyArray",
00414750,004147e0,func,"CLTDirectMusicMgr::CSegment::`vector_deleting_destructor'",
004147e0,00414860,func,"CLTDirectMusicMgr::CStyle::`vector_deleting_destructor'",
00414860,00414880,func,"FUN_00414860",
00414880,004148c0,func,"FUN_00414880",
004148c0,004148e0,func,"FUN_004148c0",
004148e0,004148f0,func,"thunk_FUN_004148f0",
004148f0,00414900,func,"FUN_004148f0",
00414900,00414990,func,"CClientShell::CClientShell",
00414990,004149b0,func,"FUN_00414990",
004149b0,004149d0,func,"FUN_004149b0",
004149d0,004149f0,func,"FUN_004149d0",
004149f0,00414a30,func,"CClientShell::Init",
00414a30,00414b20,func,"FUN_00414a30",
00414b20,00414b30,func,"FUN_00414b20",
00414b30,00414cd0,func,"CClientShell::StartupLocal",
00414cd0,00414e80,func,"CClientShell::CreateServerMgr",
00414e80,004150c0,func,"CServerMgr::~CServerMgr",
004150c0,004150e0,func,"FUN_004150c0",
004150e0,004154f0,func,"CClientShell::Update",
004154f0,004156f0,func,"FUN_004154f0",
004156f0,00415750,func,"FUN_004156f0",
00415750,00415770,func,"FUN_00415750",
00415770,004157a0,func,"FUN_00415770",
004157a0,004157b0,func,"ILTClient::StartCounter",
004157b0,00415fb0,func,"ClientShell::DoLoadWorld",
00415fb0,00415ff0,func,"FUN_00415fb0",
00415ff0,00416120,func,"WorldBsp::SetPolyTexturePointers",
00416120,00416160,func,"WorldTree::InsertObject",
00416160,00416180,func,"CClientMgr::OnExitWorld",
00416180,004161a0,func,"FUN_00416180",
004161a0,00416270,func,"CClientShell::CloseWorlds",
00416270,004162a0,func,"WorldTreeObj::RemoveFromWorldTree",
004162a0,004165f0,func,"CClientShell::CreateVisContainerObjects",
004165f0,00416670,func,"ObjectCreateStruct::Clear",
00416670,00416680,func,"FUN_00416670",
00416680,004166c0,func,"CClientShell::BindWorlds",
004166c0,004166f0,func,"CClientShell::UnbindWorlds",
004166f0,00416720,func,"FUN_004166f0",
00416720,00416740,func,"FUN_00416720",
00416740,00416750,func,"FUN_00416740",
00416750,00416800,func,"FUN_00416750",
00416800,00416820,func,"FUN_00416800",
00416820,00416870,func,"FUN_00416820",
00416870,00416920,func,"FUN_00416870",
00416920,00416930,func,"FUN_00416920",
00416930,00416950,func,"FUN_00416930",
00416950,00416970,func,"GenGetNext",
00416970,00416990,func,"GenGetAt",
00416990,00416ab0,func,"FUN_00416990",
00416ab0,00416af0,func,"ObjectBank<LThreadMessage,NullCS>::AllocVoid",
00416af0,00416b20,func,"FUN_00416af0",
00416b20,00416b40,func,"CLTMemory::Free",
00416b40,00416b60,func,"FUN_00416b40",
00416b60,00416b80,func,"FUN_00416b60",
00416b80,00416ba0,func,"FUN_00416b80",
00416ba0,00416bc0,func,"CClassMgr::~CClassMgr",
00416bc0,00416be0,func,"LAlloc::Free",
00416be0,00416c00,func,"FUN_00416be0",
00416c00,00416c90,func,"FUN_00416c00",
00416c90,00416cb0,func,"FUN_00416c90",
00416cb0,00416d20,func,"FUN_00416cb0",
00416d20,00416e10,func,"FUN_00416d20",
00416e10,00416e30,func,"FUN_00416e10",
00416e30,00416e50,func,"FUN_00416e30",
00416e50,00416e90,func,"FUN_00416e50",
00416e90,00416ed0,func,"FUN_00416e90",
00416ed0,00416ef0,func,"FUN_00416ed0",
00416ef0,00416f10,func,"FUN_00416ef0",
00416f10,004172c0,func,"PolyTouchesBox",
004172c0,004172d0,func,"FUN_004172c0",
004172d0,004172f0,func,"FUN_004172d0",
004172f0,00417330,func,"FUN_004172f0",
00417330,00417360,func,"FUN_00417330",
00417360,004173d0,func,"FUN_00417360",
004173d0,004173e0,func,"FUN_004173d0",
004173e0,00417400,func,"FUN_004173e0",
00417400,00417420,func,"FUN_00417400",
00417420,004174d0,func,"FUN_00417420",
004174d0,00417500,func,"FUN_004174d0",
00417500,00417580,func,"CLoaderThread::LoadModel",
00417580,00417590,func,"FUN_00417580",
00417590,004175a0,func,"FUN_00417590",
004175a0,00417630,func,"FUN_004175a0",
00417630,00417640,func,"FUN_00417630",
00417640,004178b0,func,"FUN_00417640",
004178b0,00417940,func,"quat_Mul",
00417940,004179a0,func,"FUN_00417940",
004179a0,004179e0,func,"FUN_004179a0",
004179e0,004179f0,func,"FUN_004179e0",
004179f0,00417a00,func,"CMoveAbstract::GetObjectClassName",
00417a00,00417a50,func,"FUN_00417a00",
00417a50,00417c20,func,"FUN_00417a50",
00417c20,00417d80,func,"FUN_00417c20",
00417d80,00417de0,func,"CClientMgr::UpdateAnimations",
00417de0,00417e50,func,"CClientMgr::UpdateObjects",
00417e50,00417f60,func,"CClientMgr::UpdateParticleSystems",
00417f60,00418000,func,"FUN_00417f60",
00418000,00418120,func,"FUN_00418000",
00418120,004181a0,func,"CClientMgr::UpdatePolyGrids",
004181a0,004181f0,func,"FUN_004181a0",
004181f0,004182b0,func,"CClientMgr::UpdateModels",
004182b0,004182c0,func,"thunk_FUN_004182c0",
004182c0,004182d0,func,"FUN_004182c0",
004182d0,004182e0,func,"thunk_FUN_004182e0",
004182e0,004182f0,func,"FUN_004182e0",
004182f0,00418300,func,"thunk_FUN_00418300",
00418300,00418310,func,"FUN_00418300",
00418310,00418320,func,"thunk_FUN_00418320",
00418320,00418330,func,"FUN_00418320",
00418330,00418340,func,"thunk_FUN_00418340",
00418340,00418350,func,"FUN_00418340",
00418350,00418360,func,"thunk_FUN_00418360",
00418360,00418370,func,"FUN_00418360",
00418370,00418380,func,"thunk_FUN_00418380",
00418380,00418480,func,"FUN_00418380",
00418480,00418560,func,"ReallyClassifyPointsGeneric",
00418560,00418600,func,"FUN_00418560",
00418600,00418660,func,"FUN_00418600",
00418660,004186c0,func,"FUN_00418660",
004186c0,00418720,func,"FUN_004186c0",
00418720,00418780,func,"FUN_00418720",
00418780,004187e0,func,"FUN_00418780",
004187e0,00418840,func,"FUN_004187e0",
00418840,00418cf0,func,"FUN_00418840",
00418cf0,00418ea0,func,"CMovingCylinder::Recalc",
00418ea0,004190b0,func,"CMovingCylinder::GetPlaneSide",
004190b0,004190f0,func,"FUN_004190b0",
004190f0,00419930,func,"FUN_004190f0",
00419930,00419b20,func,"CMovingCylinder::HandleCollision",
00419b20,00419d40,func,"FUN_00419b20",
00419d40,0041a1b0,func,"FUN_00419d40",
0041a1b0,0041a570,func,"FUN_0041a1b0",
0041a570,0041a7f0,func,"FUN_0041a570",
0041a7f0,0041aed0,func,"FUN_0041a7f0",
0041aed0,0041b2a0,func,"FUN_0041aed0",
0041b2a0,0041b380,func,"SimpleBoxBSPIntersect",
0041b380,0041b4d0,func,"StairStep",
0041b4d0,0041b930,func,"FUN_0041b4d0",
0041b930,0041bdd0,func,"FUN_0041b930",noncontig
0041bdd0,0041c400,func,"CollideWithWorld",
0041c400,0041c460,func,"FUN_0041c400",
0041c460,0041d620,func,"FUN_0041c460",
0041d620,0041d640,func,"FUN_0041d620",
0041d640,0041d770,func,"FUN_0041d640",
0041d770,0041d820,func,"FUN_0041d770",
0041d820,0041da50,func,"FUN_0041d820",
0041da50,0041e290,func,"FUN_0041da50",
0041e290,0041edb0,func,"CollideCylinderWithTree",
0041edb0,0041f3d0,func,"ClipBoxIntoTree2",
0041f3d0,0041f680,func,"DoInterObjectCollisionResponse",
0041f680,0041f6a0,func,"FUN_0041f680",
0041f6a0,0041f6d0,func,"FUN_0041f6a0",
0041f6d0,0041f6f0,func,"FUN_0041f6d0",
0041f6f0,0041f710,func,"FUN_0041f6f0",
0041f710,0041f740,func,"_CVector<float>::operator+",
0041f740,0041f770,func,"_CVector<float>::operator-",
0041f770,0041f7a0,func,"FUN_0041f770",
0041f7a0,0041f7c0,func,"TVector3<float>::Dot",
0041f7c0,0041f7e0,func,"FUN_0041f7c0",
0041f7e0,0041f820,func,"TVector3<float>::operator!=",
0041f820,0041f870,func,"FUN_0041f820",
0041f870,0041f890,func,"cc_HandleCommand",
0041f890,0041f8b0,func,"cc_HandleCommand2",
0041f8b0,0041fb80,func,"cc_HandleCommand3",
0041fb80,0041fbe0,func,"FUN_0041fb80",
0041fbe0,0041fc80,func,"FUN_0041fbe0",
0041fc80,0041fce0,func,"cc_SetEngineVar",
0041fce0,0041fd60,func,"cc_FindEngineVar",
0041fd60,0041fdf0,func,"FUN_0041fd60",
0041fdf0,0041fe60,func,"cc_InitState",
0041fe60,0041ff50,func,"cc_TermState",
0041ff50,0041ffa0,func,"cc_AddCommand",
0041ffa0,0041ffd0,func,"cc_RemoveCommand",
0041ffd0,00420040,func,"cc_FindCommand",
00420040,00420080,func,"cc_FindConsoleVar",
00420080,00420120,func,"FUN_00420080",
00420120,004201d0,func,"cc_SaveConfigFile",
004201d0,004201f0,func,"cc_PrintVarDescription",
004201f0,00420230,func,"ConParse::Parse",
00420230,004202e0,func,"ConParse::ParseFind",
004202e0,00420360,func,"FUN_004202e0",
00420360,00420470,func,"FUN_00420360",
00420470,004204a0,func,"FUN_00420470",
004204a0,00420540,func,"FUN_004204a0",
00420540,004205c0,func,"FUN_00420540",
004205c0,004205d0,func,"con_Term",
004205d0,004205e0,func,"con_InitBare",
004205e0,004205f0,func,"con_LoadBackground",
004205f0,00420610,func,"con_Init",
00420610,00420620,func,"con_SetErrorLog",
00420620,00420640,func,"con_PrintString",
00420640,00420660,func,"con_Printf",
00420660,00420680,func,"con_WhitePrintf",
00420680,00420690,func,"con_OnKeyPress",
00420690,004206a0,func,"FUN_00420690",
004206a0,004206b0,func,"FUN_004206a0",
004206b0,004206c0,func,"FUN_004206b0",
004206c0,004206d0,func,"FUN_004206c0",
004206d0,004206e0,func,"FUN_004206d0",
004206e0,004206f0,func,"FUN_004206e0",
004206f0,00420710,func,"FUN_004206f0",
00420710,00420720,func,"FUN_00420710",
00420720,00420730,func,"FUN_00420720",
00420730,00420790,func,"FUN_00420730",
00420790,004207f0,func,"FUN_00420790",
004207f0,00420850,func,"FUN_004207f0",
00420850,004208b0,func,"FUN_00420850",
004208b0,00420900,func,"FUN_004208b0",
00420900,00420910,func,"FUN_00420900",
00420910,00420960,func,"FUN_00420910",
00420960,004209a0,func,"CConCommandBox::DeleteChar",
004209a0,00420a20,func,"CConCommandBox::DeleteWord",
00420a20,00420a90,func,"CConCommandBox::AddChar",
00420a90,00420ad0,func,"CConCommandBox::MoveCursor",
00420ad0,00420b90,func,"CConCommandBox::MoveWord",
00420b90,00420c00,func,"CConCommandBox::TranslateKey",
00420c00,00420d70,func,"CConCommandBox::OnKeyPress",
00420c1b,00420c1b,label,"switchD_00420c1b::switchD",Label
00420c22,00420c22,label,"switchD_00420c1b::caseD_1b",Label
00420c2d,00420c2d,label,"switchD_00420c1b::caseD_25",Label
00420c4a,00420c4a,label,"switchD_00420c1b::caseD_27",Label
00420c67,00420c67,label,"switchD_00420c1b::caseD_24",Label
00420c7b,00420c7b,label,"switchD_00420c1b::caseD_23",Label
00420ca3,00420ca3,label,"switchD_00420c1b::caseD_8",Label
00420cce,00420cce,label,"switchD_00420c1b::caseD_2e",Label
00420cf0,00420cf0,label,"switchD_00420c1b::caseD_9",Label
00420d19,00420d1c,gap,"GAP_00420d19",align
00420d1c,00420d3c,jumptable,"switchD_00420c1b::switchdataD_00420d1c",ptr
00420d3c,00420d63,jumptable,"switchD_00420c1b::switchdataD_00420d3c",byte
00420d70,00420da0,func,"FUN_00420d70",
00420da0,00420dc0,func,"FUN_00420da0",
00420dc0,00420de0,func,"FUN_00420dc0",
00420de0,00420e00,func,"FUN_00420de0",
00420e00,00420e10,func,"FUN_00420e00",
00420e10,00420e40,func,"CConHistory::NextItem",
00420e40,00420e70,func,"CConHistory::PrevItem",
00420e70,00420ee0,func,"CConHistory::Add",
00420ee0,00420fc0,func,"FUN_00420ee0",
00420fc0,00420ff0,func,"CConHistory::Get",
00420ff0,004210e0,func,"FUN_00420ff0",
004210e0,00421130,func,"FUN_004210e0",
00421130,00421210,func,"CConsole::Init",
00421210,00421230,func,"CConsole::InitBare",
00421230,004212c0,func,"CConsole::Term",
004212c0,004212f0,func,"FUN_004212c0",
004212f0,00421630,func,"FUN_004212f0",
00421630,00421660,func,"FUN_00421630",
00421660,00421750,func,"CConsole::ResizeTextLines",
00421750,004217a0,func,"CConsole::FinishCommand",
004217a0,00421820,func,"CConsole::CheckVariables",
00421820,004218e0,func,"CConsole::CycleCommands",
004218e0,00421900,func,"CConsole::SetCompletionIterator",
00421900,00421960,func,"CConsole::NextCommand",
00421960,004219c0,func,"CConsole::PrevCommand",
004219c0,00421a30,func,"CConsole::MatchCommands",
00421a30,00421a60,func,"CConCommandBox::SetCommand",
00421a60,00421a70,func,"FUN_00421a60",
00421a70,00421b80,func,"CConsole::LoadBackground",
00421b80,00421bf0,func,"CConsole::SetBackgroundAlpha",
00421bf0,00421c40,func,"CConsole::Scroll",
00421c40,00421d50,func,"CConHistory::Resize",
00421d50,00421ed0,func,"CConsole::CalcRect",
00421ed0,00422030,func,"CConsole::PrintString",
00422030,00422090,func,"CConsole::vPrintf",
00422090,004220b0,func,"FUN_00422090",
004220b0,00422220,func,"CConsole::OnKeyPress",
004220cc,004220cc,label,"switchD_004220cc::switchD",Label
004220d3,004220d3,label,"switchD_004220cc::caseD_d",Label
004220df,004220df,label,"switchD_004220cc::caseD_26",Label
00422105,00422105,label,"switchD_004220cc::caseD_28",Label
0042212b,0042212b,label,"switchD_004220cc::caseD_9",Label
00422163,00422163,label,"switchD_004220cc::caseD_21",Label
00422193,00422193,label,"switchD_004220cc::caseD_22",Label
004221c9,004221c9,label,"switchD_004220cc::caseD_a",Label
004221de,004221e0,gap,"GAP_004221de",align
004221e0,004221fc,jumptable,"switchD_004220cc::switchdataD_004221e0",ptr
004221fc,0042221c,jumptable,"switchD_004220cc::switchdataD_004221fc",byte
00422220,00422230,func,"thunk_FUN_00422230",
00422230,00422240,func,"FUN_00422230",
00422240,00422250,func,"FUN_00422240",
00422250,00422260,func,"FUN_00422250",
00422260,00422270,func,"FUN_00422260",
00422270,00422280,func,"FUN_00422270",
00422280,00422380,func,"FUN_00422280",
00422380,00422480,func,"FUN_00422380",
00422480,00422580,func,"FUN_00422480",
00422580,004225b0,func,"FUN_00422580",
004225b0,00422730,func,"FUN_004225b0",
00422730,00422850,func,"FUN_00422730",
00422850,00422890,func,"FUN_00422850",
00422890,00422910,func,"FUN_00422890",
00422910,004229d0,func,"FUN_00422910",
004229d0,00422a00,func,"FUN_004229d0",
00422a00,00422a70,func,"FUN_00422a00",
00422a70,00422b00,func,"FUN_00422a70",
00422b00,00422b40,func,"FUN_00422b00",
00422b40,00422b60,func,"FUN_00422b40",
00422b60,00422b80,func,"FUN_00422b60",
00422b80,00422b90,func,"FUN_00422b80",
00422b90,00422ba0,func,"FUN_00422b90",
00422ba0,00422c10,func,"FUN_00422ba0",
00422c10,00422cc0,func,"FUN_00422c10",
00422cc0,00422d70,func,"FUN_00422cc0",
00422d70,00422d80,func,"FUN_00422d70",
00422d80,00422da0,func,"FUN_00422d80",
00422da0,00422e20,func,"FUN_00422da0",
00422e20,00422e40,func,"FUN_00422e20",
00422e40,00422e90,func,"FUN_00422e40",
00422e90,00422ea0,func,"thunk_FUN_0042fdd0",
00422ea0,00423080,func,"FUN_00422ea0",
00423080,004230e0,func,"FUN_00423080",
004230e0,00423100,func,"FUN_004230e0",
00423100,004231d0,func,"FUN_00423100",
004231d0,004232c0,func,"FUN_004231d0",
004232c0,00423320,func,"FUN_004232c0",
00423320,004234d0,func,"FUN_00423320",
004234d0,00423560,func,"FUN_004234d0",
00423560,00423590,func,"FUN_00423560",
00423590,004235e0,func,"FUN_00423590",
004235e0,004235f0,func,"thunk_FUN_0042fed0",
004235f0,00423600,func,"thunk_FUN_0042ffb0",
00423600,00423690,func,"c_InitConsoleCommands",
00423690,004236a0,func,"c_TermConsoleCommands",
004236a0,004236c0,func,"r_RunConsoleString",
004236c0,004236e0,func,"FUN_004236c0",
004236e0,00423700,func,"FUN_004236e0",
00423700,00423710,func,"FUN_00423700",
00423710,00423720,func,"FUN_00423710",
00423720,00423810,func,"CClientConIterator::NextItem",
00423810,00423880,func,"CClientConIterator::Get",
00423880,00423890,func,"thunk_FUN_00423890",
00423890,004238c0,func,"FUN_00423890",
004238c0,004238f0,func,"FUN_004238c0",
004238f0,00423920,func,"FUN_004238f0",
00423920,00423930,func,"FUN_00423920",
00423930,00423990,func,"FUN_00423930",
00423990,004239a0,func,"Counter::CountMS",
004239a0,004239e0,func,"FUN_004239a0",
004239e0,004239f0,func,"cnt_StartCounter",
004239f0,00423a00,func,"FUN_004239f0",
00423a00,00423a20,func,"FUN_00423a00",
00423a20,00423a70,func,"ILTCSBase::WriteToMessageFloat",
00423a70,00423ac0,func,"ILTCSBase::WriteToMessageByte",
00423ac0,00423b10,func,"ILTCSBase::WriteToMessageWord",
00423b10,00423b60,func,"ILTCSBase::WriteToMessageDWord",
00423b60,00423bb0,func,"ILTCSBase::WriteToMessageString",
00423bb0,00423c10,func,"ILTCSBase::WriteToMessageVector",
00423c10,00423c70,func,"ILTCSBase::WriteToMessageCompVector",
00423c70,00423cd0,func,"ILTCSBase::WriteToMessageCompPosition",
00423cd0,00423d30,func,"ILTCSBase::WriteToMessageRotation",
00423d30,00423d80,func,"ILTCSBase::WriteToMessageHString",
00423d80,00423dd0,func,"ILTCSBase::WriteToMessageHMessageWrite",
00423dd0,00423e20,func,"ILTCSBase::WriteToMessageHMessageRead",
00423e20,00423e80,func,"ILTCSBase::WriteToMessageFormattedHString",
00423e80,00423ee0,func,"ILTCSBase::WriteToMessageObject",
00423ee0,00423f40,func,"ILTCSBase::ReadFromMessageFloat",
00423f40,00423f90,func,"ILTCSBase::ReadFromMessageByte",
00423f90,00423ff0,func,"ILTCSBase::ReadFromMessageWord",
00423ff0,00424040,func,"ILTCSBase::ReadFromMessageDWord",
00424040,00424090,func,"ILTCSBase::ReadFromMessageVector",
00424090,004240e0,func,"ILTCSBase::ReadFromMessageCompVector",
004240e0,00424130,func,"ILTCSBase::ReadFromMessageCompPosition",
00424130,00424180,func,"ILTCSBase::ReadFromMessageRotation",
00424180,004241d0,func,"ILTCSBase::ReadFromMessageObject",
004241d0,00424220,func,"ILTCSBase::ReadFromMessageHString",
00424220,00424280,func,"ILTCSBase::ReadFromLoadSaveMessageObject",
00424280,004242e0,func,"ILTCSBase::ReadFromMessageHMessageRead",
004242e0,00424330,func,"ILTCSBase::EndHMessageRead",
00424330,00424380,func,"ILTCSBase::EndHMessageWrite",
00424380,004243d0,func,"ILTCSBase::ResetRead",
004243d0,00424440,func,"ILTCSBase::GetRotationVectors",
00424440,004244b0,func,"ILTCSBase::GetRotationVectorsFromMatrix",
004244b0,00424510,func,"ILTCSBase::RotateAroundAxis",
00424510,00424560,func,"ILTCSBase::EulerRotateX",
00424560,004245b0,func,"ILTCSBase::EulerRotateY",
004245b0,00424600,func,"ILTCSBase::EulerRotateZ",
00424600,00424660,func,"ILTCSBase::AlignRotation",
00424660,004246c0,func,"ILTCSBase::SetupEuler",
004246c0,00424730,func,"ILTCSBase::InterpolateRotation",
00424730,00424790,func,"ILTCSBase::SetupTransformationMatrix",
00424790,004247f0,func,"ILTCSBase::SetupTranslationMatrix",
004247f0,00424850,func,"ILTCSBase::SetupRotationMatrix",
00424850,004248b0,func,"ILTCSBase::SetupTranslationFromMatrix",
004248b0,00424910,func,"ILTCSBase::SetupRotationFromMatrix",
00424910,00424970,func,"ILTCSBase::SetupRotationAroundPoint",
00424970,00425000,func,"FUN_00424970",
00425000,004253b0,func,"FUN_00425000",
004253b0,00425630,func,"FUN_004253b0",
00425630,004258b0,func,"FUN_00425630",
004258b0,004259a0,func,"FUN_004258b0",
004259a0,00425cd0,func,"FUN_004259a0",
00425cd0,00425d30,func,"FUN_00425cd0",
00425d30,00425d60,func,"CClientMgr::SetupError",
00425d60,00425e00,func,"cm_ProcessError",
00425e00,00425ea0,func,"CClientMgr::ForwardMessagesToScript",
00425ea0,00425f00,func,"CClientMgr::ForwardCommandChanges",
00425f00,00425f30,func,"FUN_00425f00",
00425f30,00426010,func,"CClientMgr::AddSharedTexture3",
00426010,00426050,func,"CClientMgr::AddSharedTexture2",
00426050,00426080,func,"FUN_00426050",
00426080,004260f0,func,"FUN_00426080",
004260f0,00426130,func,"CClientMgr::FreeSharedTextures",
00426130,00426140,func,"FUN_00426130",
00426140,004261a0,func,"FUN_00426140",
004261a0,004261d0,func,"FUN_004261a0",
004261d0,00426350,func,"FUN_004261d0",
00426350,00426380,func,"FUN_00426350",
00426380,004263b0,func,"CClientMgr::TagAndFreeTextures",
004263b0,004263f0,func,"CClientMgr::BindUnboundTextures",
004263f0,004264e0,func,"FUN_004263f0",
004264e0,00426520,func,"CClientMgr::FreeUnusedSharedTextures",
00426520,004265b0,func,"CClientMgr::AddToObjectMap",
004265b0,004265e0,func,"cm_ClearObjectMapEntry",
004265e0,00426610,func,"FUN_004265e0",
00426610,00426640,func,"FUN_00426610",
00426640,004266d0,func,"FUN_00426640",
004266d0,00426730,func,"FUN_004266d0",
00426730,00426750,func,"FUN_00426730",
00426750,00426860,func,"cm_UpdateModelDims",
00426860,00426940,func,"cm_MoveObject",
00426940,00426a40,func,"CClientMgr::RotateObject",
00426a40,00426ac0,func,"CClientMgr::MoveAndRotateObject",
00426ac0,00426af0,func,"FUN_00426ac0",
00426af0,00426b00,func,"FUN_00426af0",
00426b00,00426b40,func,"FUN_00426b00",
00426b40,00426b50,func,"FUN_00426b40",
00426b50,00426b80,func,"FUN_00426b50",
00426b80,00426b90,func,"FUN_00426b80",
00426b90,00426bd0,func,"FUN_00426b90",
00426bd0,00426be0,func,"FUN_00426bd0",
00426be0,00426c10,func,"FUN_00426be0",
00426c10,00426c40,func,"FUN_00426c10",
00426c40,00426c70,func,"FUN_00426c40",
00426c70,00426c80,func,"FUN_00426c70",
00426c80,00426dd0,func,"df_OpenTree",
00426dd0,00426e30,func,"df_CloseTree",
00426e30,00426e50,func,"df_GetTreeType",
00426e50,00426fb0,func,"df_GetFileInfo",
00426fb0,00427020,func,"df_GetFullFilename",
00427020,00427270,func,"df_Open",
00427270,00427280,func,"FUN_00427270",
00427280,00427290,func,"FUN_00427280",
00427290,004272a0,func,"CGenLTStream::CGenLTStream",
004272a0,004272c0,func,"FUN_004272a0",
004272c0,004272e0,func,"FUN_004272c0",
004272e0,00427310,func,"FUN_004272e0",
00427310,004273b0,func,"FUN_00427310",
004273b0,004273e0,func,"RezFileStream::SeekTo",
004273e0,004274b0,func,"FUN_004273e0",
004274b0,00427850,func,"df_FindNext",
00427850,00427930,func,"df_Save",
00427930,00427ac0,func,"df_GetRawInfo",
00427ac0,00427b30,func,"ObjectBank<DosFileStream,LCriticalSection>::Allocate",
00427b30,00427ba0,func,"FUN_00427b30",
00427ba0,00427be0,func,"FUN_00427ba0",
00427be0,00427c10,func,"FUN_00427be0",
00427c10,00427c50,func,"FUN_00427c10",
00427c50,00427c90,func,"FUN_00427c50",
00427c90,00427cf0,func,"FUN_00427c90",
00427cf0,00427db0,func,"w_ReadWorldHeader",
00427db0,00427e40,func,"FUN_00427db0",
00427e40,00427e80,func,"FUN_00427e40",
00427e80,00427ed0,func,"FUN_00427e80",
00427ed0,00428120,func,"w_TransformWorldModel",
00428120,00428180,func,"MatVMul",
00428180,00428200,func,"FUN_00428180",
00428200,00428260,func,"FUN_00428200",
00428260,004282d0,func,"FUN_00428260",
004282d0,00428320,func,"FUN_004282d0",
00428320,00428360,func,"FUN_00428320",
00428360,00428370,func,"FUN_00428360",
00428370,00428380,func,"WorldData::~WorldData",
00428380,00428390,func,"FUN_00428380",
00428390,004283e0,func,"WorldData::Term",
004283e0,004284f0,func,"FUN_004283e0",
004284f0,004285c0,func,"std::vector<LTObjRef,std::allocator<LTObjRef>_>::push_back",
004285c0,00428ac0,func,"FUN_004285c0",
00428ac0,00429d20,func,"FUN_00428ac0",
00429d20,00429d50,func,"FUN_00429d20",
00429d50,00429db0,func,"FUN_00429d50",
00429db0,00429de0,func,"FUN_00429db0",
00429de0,00429f10,func,"FUN_00429de0",
00429f10,00429fa0,func,"FUN_00429f10",
00429fa0,0042aa90,func,"w_AddStaticLights",
0042aa90,0042aab0,func,"FUN_0042aa90",
0042aab0,0042ab40,func,"FUN_0042aab0",
0042ab40,0042ab60,func,"FUN_0042ab40",
0042ab60,0042aeb0,func,"FUN_0042ab60",
0042aeb0,0042b1c0,func,"FUN_0042aeb0",
0042b1c0,0042b3b0,func,"MainWorld::Term",
0042b3b0,0042b3d0,func,"MainWorld::ClearWorldData",
0042b3d0,0042b4f0,func,"FUN_0042b3d0",
0042b4f0,0042b520,func,"FUN_0042b4f0",
0042b520,0042b6e0,func,"FUN_0042b520",
0042b6e0,0042bbf0,func,"FUN_0042b6e0",
0042bbf0,0042bcb0,func,"MainWorld::TermLightAnims",
0042bcb0,0042bd00,func,"FUN_0042bcb0",
0042bd00,0042bd50,func,"FUN_0042bd00",
0042bd50,0042be10,func,"FUN_0042bd50",
0042be10,0042be40,func,"FUN_0042be10",
0042be40,0042be70,func,"FUN_0042be40",
0042be70,0042bec0,func,"MainWorld::CalcBoundingSpheres",
0042bec0,0042c1c0,func,"FUN_0042bec0",
0042c1c0,0042c200,func,"FUN_0042c1c0",
0042c200,0042c300,func,"FUN_0042c200",
0042c300,0042c3b0,func,"FUN_0042c300",
0042c3b0,0042c4a0,func,"FUN_0042c3b0",
0042c4a0,0042c510,func,"FUN_0042c4a0",
0042c510,0042c580,func,"FUN_0042c510",
0042c580,0042c820,func,"FUN_0042c580",
0042c820,0042c850,func,"FUN_0042c820",
0042c850,0042c900,func,"FUN_0042c850",
0042c900,0042c910,func,"FUN_0042c900",
0042c910,0042c920,func,"FUN_0042c910",
0042c920,0042c930,func,"FUN_0042c920",
0042c930,0042c960,func,"FUN_0042c930",
0042c960,0042c970,func,"FUN_0042c960",
0042c970,0042c980,func,"FUN_0042c970",
0042c980,0042c990,func,"FUN_0042c980",
0042c990,0042c9a0,func,"FUN_0042c990",
0042c9a0,0042c9b0,func,"FUN_0042c9a0",
0042c9b0,0042c9c0,func,"FUN_0042c9b0",
0042c9c0,0042ca90,func,"FUN_0042c9c0",
0042ca90,0042cb10,func,"FUN_0042ca90",
0042cb10,0042cc10,func,"FUN_0042cb10",
0042cc10,0042cde0,func,"FUN_0042cc10",
0042cde0,0042ce00,func,"FUN_0042cde0",
0042ce00,0042d2b0,func,"FUN_0042ce00",
0042d2b0,0042d2e0,func,"FUN_0042d2b0",
0042d2e0,0042d2f0,func,"FUN_0042d2e0",
0042d2f0,0042d300,func,"FUN_0042d2f0",
0042d300,0042d310,func,"FUN_0042d300",
0042d310,0042d320,func,"FUN_0042d310",
0042d320,0042d330,func,"FUN_0042d320",
0042d330,0042d370,func,"FUN_0042d330",
0042d370,0042d3a0,func,"FUN_0042d370",
0042d3a0,0042d3d0,func,"FUN_0042d3a0",
0042d3d0,0042d3e0,func,"FUN_0042d3d0",
0042d3e0,0042d3f0,func,"FUN_0042d3e0",
0042d3f0,0042d400,func,"FUN_0042d3f0",
0042d400,0042d450,func,"FUN_0042d400",
0042d450,0042d490,func,"FUN_0042d450",
0042d490,0042d4b0,func,"FUN_0042d490",
0042d4b0,0042d510,func,"FUN_0042d4b0",
0042d510,0042d650,func,"FUN_0042d510",
0042d650,0042d770,func,"FUN_0042d650",
0042d770,0042d8b0,func,"FUN_0042d770",
0042d8b0,0042d9c0,func,"FUN_0042d8b0",
0042d9c0,0042d9f0,func,"GenFindElement",
0042d9f0,0042dad0,func,"FUN_0042d9f0",
0042dad0,0042dbb0,func,"FUN_0042dad0",
0042dbb0,0042deb0,func,"FUN_0042dbb0",
0042deb0,0042e1d0,func,"FUN_0042deb0",
0042e1d0,0042e230,func,"FUN_0042e1d0",
0042e230,0042e4a0,func,"FUN_0042e230",
0042e4a0,0042e6f0,func,"FUN_0042e4a0",
0042e6f0,0042e720,func,"FUN_0042e6f0",
0042e720,0042e8b0,func,"FUN_0042e720",
0042e8b0,0042e8e0,func,"FUN_0042e8b0",
0042e8e0,0042e8f0,func,"FUN_0042e8e0",
0042e8f0,0042ea40,func,"FUN_0042e8f0",
0042ea40,0042eb90,func,"FUN_0042ea40",
0042eb90,0042ec10,func,"FUN_0042eb90",
0042ec10,0042ec90,func,"FUN_0042ec10",
0042ec90,0042ed50,func,"FUN_0042ec90",
0042ed50,0042ee80,func,"FUN_0042ed50",
0042ee80,0042ef60,func,"FUN_0042ee80",
0042ef60,0042f180,func,"FUN_0042ef60",
0042f180,0042f200,func,"FUN_0042f180",
0042f200,0042f280,func,"FUN_0042f200",
0042f280,0042f490,func,"FUN_0042f280",
0042f490,0042f4f0,func,"FUN_0042f490",
0042f4f0,0042f6a0,func,"FUN_0042f4f0",
0042f6a0,0042f6d0,func,"FUN_0042f6a0",
0042f6d0,0042f770,func,"FUN_0042f6d0",
0042f770,0042f7c0,func,"FUN_0042f770",
0042f7c0,0042f7e0,func,"FUN_0042f7c0",
0042f7e0,0042f8a0,func,"FUN_0042f7e0",
0042f8a0,0042fa10,func,"FUN_0042f8a0",
0042fa10,0042fab0,func,"FUN_0042fa10",
0042fab0,0042fba0,func,"FUN_0042fab0",
0042fba0,0042fc00,func,"FUN_0042fba0",
0042fc00,0042fc40,func,"FUN_0042fc00",
0042fc40,0042fc80,func,"FUN_0042fc40",
0042fc80,0042fdb0,func,"FUN_0042fc80",
0042fdb0,0042fdd0,func,"FUN_0042fdb0",
0042fdd0,0042fdf0,func,"FUN_0042fdd0",
0042fdf0,0042fe40,func,"dm_Init",
0042fe40,0042fe50,func,"FUN_0042fe40",
0042fe50,0042fea0,func,"FUN_0042fe50",
0042fea0,0042fed0,func,"FUN_0042fea0",
0042fed0,0042ff60,func,"FUN_0042fed0",
0042ff60,0042ff80,func,"FUN_0042ff60",
0042ff80,0042ffb0,func,"dalloc_z",
0042ffb0,00430010,func,"FUN_0042ffb0",
00430010,00430020,func,"thunk_FUN_00430020",
00430020,00430060,func,"FUN_00430020",
00430060,00430070,func,"thunk_FUN_00430070",
00430070,004300b0,func,"FUN_00430070",
004300b0,004300e0,func,"FUN_004300b0",
004300e0,00430100,func,"FUN_004300e0",
00430100,004301a0,func,"FUN_00430100",
004301a0,004303a0,func,"FUN_004301a0",
004303a0,00430590,func,"FUN_004303a0",
00430590,004305f0,func,"FUN_00430590",
004305f0,00430680,func,"FUN_004305f0",
00430680,004306c0,func,"w_RemoveObjectFromLeaf",
004306c0,00430710,func,"obj_SetupWorldModelTransform",
00430710,00430750,func,"DebugOut",
00430750,00430760,func,"thunk_FUN_00430770",
00430760,00430770,func,"FUN_00430760",
00430770,004307a0,func,"FUN_00430770",
004307a0,004308c0,func,"FUN_004307a0",
004308c0,00430960,func,"DebugGraph::Draw",
00430960,004309c0,func,"FUN_00430960",
004309c0,00430a70,func,"FUN_004309c0",
00430a70,00430ae0,func,"CDebugGraphMgr::~CDebugGraphMgr",
00430ae0,00430b70,func,"CDebugGraphMgr::Init",
00430b70,00430c00,func,"CDebugGraphMgr::Term",
00430c00,00430c10,func,"FUN_00430c00",
00430c10,00430cd0,func,"FUN_00430c10",
00430cd0,00430d10,func,"CDebugGraphMgr::FlushGraphs",
00430d10,00430e60,func,"CDebugGraphMgr::Draw",
00430e60,00430ee0,func,"FUN_00430e60",
00430ee0,00430f90,func,"FUN_00430ee0",
00430f90,00430ff0,func,"CDebugGraphMgr::SetGraphSize",
00430ff0,00431100,func,"FUN_00430ff0",
00431100,00431210,func,"FUN_00431100",
00431210,00431340,func,"FUN_00431210",
00431340,00431420,func,"FUN_00431340",
00431420,00431450,func,"CMoArray<class_SBank,class_DefaultCache>::GenFindElement",
00431450,00431460,func,"FUN_00431450",
00431460,00431490,func,"CMoArray<unsigned_long,class_DefaultCache>::GenFindElement",
00431490,004314f0,func,"FUN_00431490",
004314f0,00431540,func,"CMoArray<DGTracker,DefaultCache>::GenGetAt",
00431540,00431710,func,"CMoArray<DGTracker,DefaultCache>::Insert2",
00431710,00431940,func,"CMoArray<DGTracker,DefaultCache>::Remove2",
00431940,004319a0,func,"FUN_00431940",
004319a0,00431b70,func,"FUN_004319a0",
00431b70,00431d60,func,"FUN_00431b70",
00431d60,00431de0,func,"FUN_00431d60",
00431de0,00431e80,func,"FUN_00431de0",
00431e80,00431f80,func,"FUN_00431e80",
00431f80,00432090,func,"FUN_00431f80",
00432090,004320b0,func,"FUN_00432090",
004320b0,00432230,func,"FUN_004320b0",
00432230,004322a0,func,"FUN_00432230",
004322a0,00432390,func,"FUN_004322a0",
00432390,004325f0,func,"FUN_00432390",
004325f0,00432660,func,"CMoArray<DGTracker,DefaultCache>::Init",
00432660,00432730,func,"CMoArray<DGSample,DefaultCache>::CopyArray2",
00432730,00432770,func,"FUN_00432730",
00432770,004327d0,func,"FUN_00432770",
004327d0,00432870,func,"FUN_004327d0",
00432870,004328c0,func,"FUN_00432870",
004328c0,004328d0,func,"thunk_FUN_004328d0",
004328d0,00432af0,func,"FUN_004328d0",
00432af0,00432b10,func,"FUN_00432af0",
00432b10,00432b20,func,"thunk_FUN_00432de0",
00432b20,00432b40,func,"FUN_00432b20",
00432b40,00432b70,func,"FUN_00432b40",
00432b70,00432b90,func,"FUN_00432b70",
00432b90,00432c70,func,"FUN_00432b90",
00432c70,00432de0,func,"FUN_00432c70",
00432de0,00432e50,func,"FUN_00432de0",
00432e50,00433120,func,"FUN_00432e50",
00433120,00433200,func,"FUN_00433120",
00433200,00433590,func,"FUN_00433200",
00433590,004335e0,func,"FUN_00433590",
004335e0,004335f0,func,"FUN_004335e0",
004335f0,00433610,func,"FUN_004335f0",
00433610,00433620,func,"FUN_00433610",
00433620,00433650,func,"FUN_00433620",
00433650,00433720,func,"hs_CreateHashTable",
00433720,00433730,func,"FUN_00433720",
00433730,00433770,func,"FUN_00433730",
00433770,004337a0,func,"FUN_00433770",
004337a0,004337e0,func,"FUN_004337a0",
004337e0,00433800,func,"FUN_004337e0",
00433800,00433850,func,"FUN_00433800",
00433850,00433890,func,"hs_CompareKey_Raw",
00433890,004338f0,func,"FUN_00433890",
004338f0,00433960,func,"hs_DestroyHashTable",
00433960,00433a20,func,"hs_AddElement",
00433a20,00433a50,func,"FUN_00433a20",
00433a50,00433aa0,func,"hs_RemoveElement",
00433aa0,00433b20,func,"hs_FindElement",
00433b20,00433b90,func,"hs_FindNextElement",
00433b90,00433bb0,func,"hs_GetElementKey",
00433bb0,00433bc0,func,"hs_GetElementUserData",
00433bc0,00433bd0,func,"hs_SetElementUserData",
00433bd0,00433bf0,func,"FUN_00433bd0",
00433bf0,00433c20,func,"FUN_00433bf0",
00433c20,00433c50,func,"FUN_00433c20",
00433c50,00433c70,func,"FUN_00433c50",
00433c70,00433c90,func,"FUN_00433c70",
00433c90,00433cd0,func,"FUN_00433c90",
00433cd0,00433ce0,func,"FUN_00433cd0",
00433ce0,00433cf0,func,"FUN_00433ce0",
00433cf0,00433d00,func,"FUN_00433cf0",
00433d00,00433d10,func,"FUN_00433d00",
00433d10,00433d30,func,"FUN_00433d10",
00433d30,00433d50,func,"FUN_00433d30",
00433d50,00433e00,func,"CDStreamOpenQueueItem::Open",
00433e00,00433e60,func,"CDStreamOpenQueueItem::Close",
00433e60,00433ee0,func,"CDStreamOpenQueueItem::LockDStream",
00433ee0,00433f20,func,"CDStreamOpenQueueItem::UnLockDStream",
00433f20,00433fe0,func,"CDStreamOpenQueueItem::OpenDStream",
00433fe0,00434050,func,"CDStreamOpenQueueItem::CloseDStream",
00434050,00434070,func,"CDStreamOpenQueueMgr::Init",
00434070,00434090,func,"CDStreamOpenQueueMgr::Term",
00434090,00434140,func,"CDStreamOpenQueueMgr::Create",
00434140,004341b0,func,"CDStreamOpenQueueMgr::Destroy",
004341b0,00434200,func,"FUN_004341b0",
00434200,00434240,func,"FUN_00434200",
00434240,00434290,func,"CDStreamOpenQueueMgr::ReduceOpenedItems",
00434290,004342a0,func,"dsi_OnReturnError",
004342a0,00434390,func,"dsi_SetupMessage",
00434390,004343e0,func,"FUN_00434390",
004343e0,00434400,func,"dsi_Init",
00434400,00434440,func,"dsi_Term",
00434440,00434460,func,"dsi_UnloadResourceModule",
00434460,00434570,func,"GetOrCopyFile",
00434570,00434910,func,"dsi_LoadServerObjects",
00434910,00434970,func,"dsi_GetRenderModes",
00434970,00434a30,func,"FUN_00434970",
00434a30,00434a50,func,"dsi_RelinquishRenderModes",
00434a50,00434a70,func,"dsi_GetRenderMode",
00434a70,00434bd0,func,"dsi_SetRenderMode",
00434bd0,00434c20,func,"dsi_ShutdownRender",
00434c20,00434d40,func,"GetOrCopyClientFile",
00434d40,00435060,func,"dsi_InitClientShellDE",
00435060,00435070,func,"dsi_OnMemoryFailure",
00435070,00435080,func,"FUN_00435070",
00435080,00435090,func,"dsi_IsInputEnabled",
00435090,004350a0,func,"FUN_00435090",
004350a0,004350b0,func,"FUN_004350a0",
004350b0,004350c0,func,"FUN_004350b0",
004350c0,004350d0,func,"FUN_004350c0",
004350d0,004350e0,func,"FUN_004350d0",
004350e0,004350f0,func,"FUN_004350e0",
004350f0,00435100,func,"FUN_004350f0",
00435100,00435170,func,"dsi_ClearKeyMessages",
00435170,00435180,func,"FUN_00435170",
00435180,00435190,func,"dsi_SetConsoleUp",
00435190,004351a0,func,"dsi_IsClientActive",
004351a0,004351f0,func,"dsi_OnClientShutdown",
004351f0,00435230,func,"dsi_ConsolePrint",
00435230,00435240,func,"dsi_GetInstanceHandle",
00435240,00435250,func,"dsi_GetMainWindow",
00435250,00435290,func,"dsi_DoErrorMessage",
00435290,004352b0,func,"dsi_MessageBox",
004352b0,004352d0,func,"dsi_GetVersionInfo",
004352d0,004352f0,func,"FUN_004352d0",
004352f0,00435330,func,"FUN_004352f0",
00435330,004353a0,func,"FUN_00435330",
004353a0,004353e0,func,"FUN_004353a0",
004353e0,004355b0,func,"dtx_Alloc",
004355b0,004358c0,func,"FUN_004355b0",
004358c0,00435920,func,"FUN_004358c0",
00435920,00435940,func,"dtx_Destroy",
00435940,00435960,func,"FUN_00435940",
00435960,004359b0,func,"FUN_00435960",
004359b0,004359c0,func,"cb_ModuleLoaded",
004359c0,00435a00,func,"FUN_004359c0",
00435a00,00435a40,func,"FUN_00435a00",
00435a40,00435a90,func,"FUN_00435a40",
00435a90,00435c10,func,"FUN_00435a90",
00435c10,00435cf0,func,"FUN_00435c10",
00435cf0,00435d00,func,"thunk_FUN_00435d00",
00435d00,00435d20,func,"FUN_00435d00",
00435d20,00435de0,func,"FUN_00435d20",
00435de0,00435f60,func,"FUN_00435de0",
00435f60,00435f70,func,"thunk_FUN_00435d00",
00435f70,00435fd0,func,"FUN_00435f70",
00435fd0,00436090,func,"FUN_00435fd0",
00436090,004360a0,func,"thunk_FUN_00435d00",
004360a0,004360d0,func,"FUN_004360a0",
004360d0,00436100,func,"CBaseList::CNodeCache::~CNodeCache",
00436100,00436110,func,"thunk_FUN_00436110",
00436110,00436130,func,"FUN_00436110",
00436130,00436140,func,"thunk_FUN_00436140",
00436140,00436160,func,"FUN_00436140",
00436160,00436170,func,"thunk_FUN_00436170",
00436170,00436190,func,"FUN_00436170",
00436190,004361a0,func,"GetEngineVars",
004361a0,004361b0,func,"GetNumEngineVars",
004361b0,004361f0,func,"FUN_004361b0",
004361f0,00436240,func,"InitErrorLog",
00436240,00436270,func,"FUN_00436240",
00436270,00436790,func,"FUN_00436270",
00436790,004367e0,func,"FUN_00436790",
004367e0,00436880,func,"FUN_004367e0",
00436880,00436a00,func,"FUN_00436880",
00436a00,00436aa0,func,"FUN_00436a00",
00436aa0,00436ba0,func,"FUN_00436aa0",
00436ba0,00436d90,func,"FUN_00436ba0",
00436d90,00436db0,func,"FUN_00436d90",
00436db0,00436df0,func,"FUN_00436db0",
00436df0,00436e30,func,"FUN_00436df0",
00436e30,00436e40,func,"FUN_00436e30",
00436e40,00436e50,func,"FUN_00436e40",
00436e50,00436f90,func,"FUN_00436e50",
00436f90,00436fc0,func,"FUN_00436f90",
00436fc0,00437040,func,"FUN_00436fc0",
00437040,004370c0,func,"FUN_00437040",
004370c0,00437220,func,"FUN_004370c0",
00437220,004372e0,func,"fts_Init",
004372e0,00437330,func,"fts_Term",
00437330,00437340,func,"FUN_00437330",
00437340,00437350,func,"FUN_00437340",
00437350,00437360,func,"FUN_00437350",
00437360,00437370,func,"FUN_00437360",
00437370,004374a0,func,"fts_AddFile",
004374a0,004375c0,func,"FUN_004374a0",
004375c0,00437600,func,"fts_ClearFiles",
00437600,00437640,func,"fts_RemoveFile",
00437640,004376d0,func,"FUN_00437640",
004376d0,004377e0,func,"FUN_004376d0",
004377e0,00437810,func,"FUN_004377e0",
00437810,004378f0,func,"fts_Update",
004378f0,00437920,func,"FUN_004378f0",
00437920,00437a20,func,"FUN_00437920",
00437a20,00437a50,func,"Allocate",
00437a50,00437bb0,func,"FUN_00437a50",
00437bb0,00437bd0,func,"FUN_00437bb0",
00437bd0,00437c10,func,"FUN_00437bd0",
00437c10,00437c1a,func,"FUN_00437c10",
00437c1a,00437c1f,func,"FUN_00437c1a",
00437c1f,00437c29,func,"FUN_00437c1f",
00437c29,00437c2e,func,"FUN_00437c29",
00437c2e,00437c38,func,"FUN_00437c2e",
00437c38,00437c3d,func,"FUN_00437c38",
00437c3d,00437ef3,func,"i_IntersectSegment",
00437ef3,00437f7a,func,"FUN_00437ef3",
00437f7a,00437faf,func,"FUN_00437f7a",
00437faf,00437ffb,func,"FUN_00437faf",
00437ffb,00438063,func,"i_ISCallback",
00438063,004381ab,func,"FUN_00438063",
004381ab,004388cb,func,"i_BoundingBoxTest",
004388cb,00438a53,func,"FUN_004388cb",
00438a53,00438ccf,func,"FUN_00438a53",
00438ccf,00438dae,func,"FUN_00438ccf",
00438dae,00438e94,func,"FUN_00438dae",
00438e94,00438f1e,func,"MatVMul_3x3",
00438f1e,00438f72,func,"FUN_00438f1e",
00438f72,00438fb0,func,"FUN_00438f72",
00438fb0,004392f0,func,"sm_SaveObjects",
004392f0,00439800,func,"sm_SaveObjectData",
00439800,00439850,func,"FUN_00439800",
00439850,00439890,func,"FUN_00439850",
00439890,004398a0,func,"FUN_00439890",
004398a0,004398b0,func,"FUN_004398a0",
004398b0,00439980,func,"sm_SaveAttachments",
00439980,00439a50,func,"sm_SaveInterlinks",
00439a50,00439f40,func,"sm_RestoreObjects",
00439f40,0043aac0,func,"sm_CreateNextObject",
0043aac0,0043aca0,func,"sm_RestoreNextObject",
0043aca0,0043ada0,func,"sm_RestoreAttachments",
0043ada0,0043ae70,func,"sm_RestoreInterlinks",
0043ae70,0043ae80,func,"FUN_0043ae70",
0043ae80,0043ae90,func,"FUN_0043ae80",
0043ae90,0043aea0,func,"FUN_0043ae90",
0043aea0,0043aeb0,func,"FUN_0043aea0",
0043aeb0,0043aef0,func,"FUN_0043aeb0",
0043aef0,0043af30,func,"FUN_0043aef0",
0043af30,0043afb0,func,"FUN_0043af30",
0043afb0,0043b000,func,"FUN_0043afb0",
0043b000,0043b070,func,"gp_InitVector",
0043b070,0043b090,func,"FUN_0043b070",
0043b090,0043b0d0,func,"FUN_0043b090",
0043b0d0,0043b1b0,func,"CGenLTStream::ReadString",
0043b1b0,0043b1f0,func,"FUN_0043b1b0",
0043b1f0,0043b2b0,func,"CGenLTStream::WriteStream",
0043b2b0,0043b5b0,func,"FUN_0043b2b0",
0043b5b0,0043b710,func,"FUN_0043b5b0",
0043b710,0043b7d0,func,"FUN_0043b710",
0043b7d0,0043b820,func,"FUN_0043b7d0",
0043b820,0043b830,func,"quat_ConvertToMatrix",
0043b830,0043b850,func,"FUN_0043b830",
0043b850,0043b860,func,"quat_GetVectors",
0043b860,0043b870,func,"FUN_0043b860",
0043b870,0043b8a0,func,"FUN_0043b870",
0043b8a0,0043b8f0,func,"FUN_0043b8a0",
0043b8f0,0043b970,func,"FUN_0043b8f0",
0043b970,0043ba30,func,"gr_SetupTransformation",
0043ba30,0043bb10,func,"FUN_0043ba30",
0043bb10,0043bde0,func,"gr_SetupWMTransform",
0043bde0,0043c000,func,"MatMul",
0043c000,0043c010,func,"FUN_0043c000",
0043c010,0043c020,func,"FUN_0043c010",
0043c020,0043c090,func,"SharedCommonLT::GetObjectFlags",
0043c090,0043c100,func,"SharedCommonLT::SetObjectFlags",
0043c100,0043c120,func,"ILTCommon::Parse",
0043c120,0043c180,func,"CommonLT::GetObjectType",
0043c180,0043c230,func,"CommonLT::GetModelAnimUserDims",
0043c230,0043c250,func,"ILTCommon::GetRotationVectors",
0043c250,0043c270,func,"ILTCommon::SetupEuler",
0043c270,0043cdb0,func,"ILTCommon::GetCRC",
0043cdb0,0043cf80,func,"SharedCommonLT::GetAttachmentTransform",
0043cf80,0043d010,func,"FUN_0043cf80",
0043d010,0043d030,func,"ILTCommon::GetAttachedModelNodeTransform",
0043d030,0043d050,func,"ILTCommon::GetAttachedModelSocketTransform",
0043d050,0043d110,func,"SharedCommonLT::GetAttachments",
0043d110,0043d170,func,"ILTPhysics::GetFrictionCoefficient",
0043d170,0043d1c0,func,"ILTPhysics::SetFrictionCoefficient",
0043d1c0,0043d220,func,"ILTPhysics::GetForceIgnoreLimit",
0043d220,0043d280,func,"ILTPhysics::SetForceIgnoreLimit",
0043d280,0043d2f0,func,"CommonLT::GetVelocity",
0043d2f0,0043d360,func,"CommonLT::GetAcceleration",
0043d360,0043d3c0,func,"ILTPhysics::GetObjectMass",
0043d3c0,0043d410,func,"ILTPhysics::SetObjectMass",
0043d410,0043d510,func,"ILTPhysics::GetStandingOn",
0043d510,0043d560,func,"ILTPhysics::IsWorldObject",
0043d560,0043d5d0,func,"ILTPhysics::GetObjectDims",
0043d5d0,0043d650,func,"FUN_0043d5d0",
0043d650,0043d6c0,func,"FUN_0043d650",
0043d6c0,0043d730,func,"FUN_0043d6c0",
0043d730,0043d820,func,"FUN_0043d730",
0043d820,0043d8d0,func,"FUN_0043d820",
0043d8d0,0043d970,func,"ci_IsPointInsideBSP",
0043d970,0043da70,func,"FUN_0043d970",
0043da70,0043dac0,func,"FUN_0043da70",
0043dac0,0043dad0,func,"ILTClient::EndCounter",
0043dad0,0043dae0,func,"ILTServer::UpperStrcmp",
0043dae0,0043dc60,func,"FUN_0043dae0",
0043dc60,0043dcf0,func,"FUN_0043dc60",
0043dcf0,0043dd20,func,"FUN_0043dcf0",
0043dd20,0043dd50,func,"FUN_0043dd20",
0043dd50,0043de60,func,"FUN_0043dd50",
0043de60,0043e0b0,func,"FUN_0043de60",
0043e0b0,0043e110,func,"FUN_0043e0b0",
0043e110,0043e140,func,"FUN_0043e110",
0043e140,0043e540,func,"FUN_0043e140",
0043e540,0043e5b0,func,"LTMatrix::SetBasisVectors",
0043e5b0,0043e690,func,"FUN_0043e5b0",
0043e690,0043e740,func,"FUN_0043e690",
0043e740,0043e7c0,func,"ILTClient::GetNextModelNode",
0043e7c0,0043e850,func,"ILTClient::GetModelNodeName",
0043e850,0043e890,func,"ic_GetAnimIndex",
0043e890,0043e8d0,func,"ILTServer::GetAnimName",
0043e8d0,0043e8f0,func,"ic_FreeString",
0043e8f0,0043eaa0,func,"ic_GetFileList",
0043eaa0,0043eae0,func,"FUN_0043eaa0",
0043eae0,0043eb00,func,"ILTClient::FreeFileList",
0043eb00,0043eb30,func,"ILTServer::Random",
0043eb30,0043eb70,func,"FUN_0043eb30",
0043eb70,0043eb80,func,"thunk_FUN_0043eb80",
0043eb80,0043eb90,func,"FUN_0043eb80",
0043eb90,0043eba0,func,"FUN_0043eb90",
0043eba0,0043ebf0,func,"FUN_0043eba0",
0043ebf0,0043ec00,func,"FUN_0043ebf0",
0043ec00,0043ec80,func,"FUN_0043ec00",
0043ec80,0043ee10,func,"FUN_0043ec80",
0043ee10,0043ee70,func,"FUN_0043ee10",
0043ee70,0043eee0,func,"FUN_0043ee70",
0043eee0,0043efa0,func,"FUN_0043eee0",
0043efa0,0043efb0,func,"FUN_0043efa0",
0043efb0,0043eff0,func,"FUN_0043efb0",
0043eff0,0043f060,func,"FUN_0043eff0",
0043f060,0043f090,func,"ListDeviceObjectsEnumCallback",
0043f090,0043f1b0,func,"GetDeviceObjectTypeString",
0043f1b0,0043f370,func,"input_EnableDevice",
0043f370,0043f430,func,"input_FindDeviceByName",
0043f430,0043f490,func,"input_FindDeviceByType",
0043f490,0043fde0,func,"input_ReadInput",
0043fde0,0043fe30,func,"FUN_0043fde0",
0043fe30,0043fe60,func,"FUN_0043fe30",
0043fe60,00440170,func,"input_SetupDeviceFormats",
00440170,004401e0,func,"input_AddAction",
004401e0,00440220,func,"input_FindAction",
00440220,00440360,func,"input_ClearBindings",
00440360,004403c0,func,"input_FindTrigger",
004403c0,00440650,func,"FUN_004403c0",
00440650,00440ce0,func,"input_AddTrigger",
00440ce0,00440d90,func,"FUN_00440ce0",
00440d90,00440f60,func,"FUN_00440d90",
00440f60,00441210,func,"input_SaveBindings",
00441210,00441250,func,"input_FreeDeviceBindings",
00441250,00441440,func,"FUN_00441250",
00441440,004416d0,func,"FUN_00441440",
004416d0,004416f0,func,"FUN_004416d0",
004416f0,00441750,func,"FUN_004416f0",
00441750,00441bc0,func,"FUN_00441750",
00441866,00441866,label,"switchD_00441866::switchD",Label
0044186d,0044186d,label,"switchD_00441866::caseD_3",Label
0044187f,0044187f,label,"switchD_00441866::caseD_2",Label
00441891,00441891,label,"switchD_00441866::caseD_4",Label
004418a3,004418a3,label,"switchD_00441866::caseD_1",Label
004418b3,004418b3,label,"switchD_00441866::default",Label
00441ba6,00441ba8,gap,"GAP_00441ba6",align
00441ba8,00441bb8,jumptable,"switchD_00441866::switchdataD_00441ba8",ptr
00441bc0,00441c30,func,"FUN_00441bc0",
00441c30,00441d20,func,"FUN_00441c30",
00441d20,00441d60,func,"FUN_00441d20",
00441d60,00441f90,func,"FUN_00441d60",
00441f90,00441fb0,func,"FUN_00441f90",
00441fb0,00442010,func,"FUN_00441fb0",
00442010,00442030,func,"FUN_00442010",
00442030,004420f0,func,"input_ShowDeviceObjects",
004420f0,00442120,func,"FUN_004420f0",
00442120,00442130,func,"input_GetManager",
00442130,00442190,func,"cis_RectIntersection",
00442190,00442340,func,"cis_ClipRectsScaled",
00442340,00442430,func,"cis_ClipRectsNonScaled",
00442430,00442590,func,"cis_GetWarpCoordinates",
00442590,00442a00,func,"FUN_00442590",
00442a00,00442a60,func,"FUN_00442a00",
00442a60,00442ac0,func,"FUN_00442a60",
00442ac0,00442d50,func,"FUN_00442ac0",
00442d50,00442dd0,func,"cis_LockSurface",
00442dd0,00443050,func,"FUN_00442dd0",
00443050,00443080,func,"cis_UnlockSurface",
00443080,00443300,func,"FUN_00443080",
00443300,00443490,func,"FUN_00443300",
00443490,00443720,func,"FUN_00443490",
00443720,004439c0,func,"FUN_00443720",
004439c0,00443c60,func,"FUN_004439c0",
00443c60,00443c70,func,"FUN_00443c60",
00443c70,00443d10,func,"FUN_00443c70",
00443d10,00443d20,func,"FUN_00443d10",
00443d20,00443da0,func,"FUN_00443d20",
00443da0,00443e60,func,"FUN_00443da0",
00443e60,00443f10,func,"FUN_00443e60",
00443f10,00443ff0,func,"DisconnectLinks",
00443ff0,00444100,func,"BreakInterLinks",
00444100,00444230,func,"CreateInterLink",
00444230,00444280,func,"FUN_00444230",
00444280,00444290,func,"FUN_00444280",
00444290,004442a0,func,"FUN_00444290",
004442a0,00444730,func,"FUN_004442a0",
00444730,00444750,func,"FUN_00444730",
00444750,004447d0,func,"FUN_00444750",
004447d0,004447e0,func,"FUN_004447d0",
004447e0,00444820,func,"FUN_004447e0",
00444820,00444830,func,"FUN_00444820",
00444830,00444860,func,"FUN_00444830",
00444860,00444870,func,"FUN_00444860",
00444870,00444880,func,"FUN_00444870",
00444880,00444890,func,"FUN_00444880",
00444890,004448a0,func,"FUN_00444890",
004448a0,004448f0,func,"FUN_004448a0",
004448f0,00444970,func,"FUN_004448f0",
00444970,004449b0,func,"FUN_00444970",
004449b0,00444a20,func,"ObjectBank<Leech,LCriticalSection>::Allocate",
00444a20,00444a60,func,"FUN_00444a20",
00444a60,00444a90,func,"FUN_00444a60",
00444a90,00444ad0,func,"FUN_00444a90",
00444ad0,00444ae0,func,"FUN_00444ad0",
00444ae0,00444af0,func,"thunk_FUN_00444c20",
00444af0,00444be0,func,"FUN_00444af0",
00444be0,00444c20,func,"FUN_00444be0",
00444c20,00444c40,func,"FUN_00444c20",
00444c40,00444c50,func,"thunk_FUN_00444c50",
00444c50,00445010,func,"FUN_00444c50",
00445010,00445060,func,"FUN_00445010",
00445060,004450c0,func,"FUN_00445060",
004450c0,00445110,func,"linesystem_GetNextLine",
00445110,00445170,func,"linesystem_GetLineInfo",
00445170,00445490,func,"linesystem_SetLineInfo",
00445490,004457f0,func,"linesystem_AddLine",
004457f0,00445830,func,"linesystem_RemoveLine",
00445830,00445840,func,"ILTMessage::ReadByteFL",
00445840,00445850,func,"ILTMessage::ReadWordFL",
00445850,00445860,func,"FUN_00445850",
00445860,00445900,func,"LMessageImpl::ReadStringFL",
00445900,004459b0,func,"ILTMessage::ReadHStringFL",
004459b0,00445a80,func,"ILTMessage::ReadHStringAsStringFL",
00445a80,00445aa0,func,"ILTMessage::ReadObjectFL",
00445aa0,00445af0,func,"ILTMessage::ReadVectorFL",
00445af0,00445c10,func,"ILTMessage::ReadCompVectorFL",
00445c10,00445c40,func,"ILTMessage::ReadCompPosFL",
00445c40,00445ca0,func,"ILTMessage::ReadRotationFL",
00445ca0,00445cc0,func,"ILTMessage::ReadCompRotationFL",
00445cc0,00445d80,func,"ILTMessage::ReadMessageFL",
00445d80,00445d90,func,"ILTMessage::WriteByte",
00445d90,00445da0,func,"ILTMessage::WriteWord",
00445da0,00445db0,func,"FUN_00445da0",
00445db0,00445df0,func,"ILTMessage::WriteString",
00445df0,00445e10,func,"ILTMessage::WriteObject",
00445e10,00445e40,func,"ILTMessage::WriteVector",
00445e40,00445e60,func,"ILTMessage::WriteCompVector",
00445e60,00445e90,func,"ILTMessage::WriteCompPos",
00445e90,00445ed0,func,"ILTMessage::WriteRotation",
00445ed0,00445ef0,func,"ILTMessage::WriteCompRotation",
00445ef0,00445fa0,func,"LMessageImpl::WriteMessage",
00445fa0,00445ff0,func,"ILTMessage::WriteHString",
00445ff0,00446010,func,"ILTMessage::WriteHStringFormatted",
00446010,00446030,func,"ILTMessage::WriteHStringArgList",
00446030,00446080,func,"ILTMessage::WriteStringAsHString",
00446080,00446090,func,"ILTMessage::Release",
00446090,004460d0,func,"ILTMessage::ReadRawFL",
004460d0,004460f0,func,"ILTMessage::WriteRaw",
004460f0,00446100,func,"ILTMessage::ResetPos",
00446100,00446130,func,"ILTMessage::GetStatus",
00446130,00446170,func,"ILTMessage::ReadString",
00446170,004461b0,func,"LoadedBitmap::LoadedBitmap",
004461b0,004461d0,func,"FUN_004461b0",
004461d0,004465d0,func,"pcx_Create2",
004465d0,00446610,func,"FUN_004465d0",
00446610,00446640,func,"FUN_00446610",
00446640,00446680,func,"FUN_00446640",
00446680,00446780,func,"FUN_00446680",
00446780,00446790,func,"FUN_00446780",
00446790,004467c0,func,"FUN_00446790",
004467c0,00446800,func,"FUN_004467c0",
00446800,00446850,func,"FUN_00446800",
00446850,004469a0,func,"FUN_00446850",
004469a0,00446a50,func,"CLocalDriver::Update",
00446a50,00446a90,func,"FUN_00446a50",
00446a90,00446ad0,func,"CLocalDriver::Disconnect",
00446ad0,00446b10,func,"FUN_00446ad0",
00446b10,00446be0,func,"FUN_00446b10",
00446be0,00446c00,func,"FUN_00446be0",
00446c00,00446c30,func,"FUN_00446c00",
00446c30,00446ca0,func,"CLocalDriver::DoConnection",
00446ca0,00446e50,func,"FUN_00446ca0",
00446e50,00446e80,func,"FUN_00446e50",
00446e80,00446ec0,func,"FUN_00446e80",
00446ec0,00446f00,func,"FUN_00446ec0",
00446f00,00446f10,func,"FUN_00446f00",
00446f10,00446f40,func,"CLTCursor::SetCursor",
00446f40,00446f60,func,"FUN_00446f40",
00446f60,00446f70,func,"FUN_00446f60",
00446f70,00447000,func,"CLTCursor::LoadCursorBitmapResource",
00447000,00447010,func,"FUN_00447000",
00447010,00447020,func,"FUN_00447010",
00447020,00447050,func,"CLTCursor::RefreshCursor",
00447050,004470f0,func,"FUN_00447050",
004470f0,00447190,func,"LTDMConOutWarning",
00447190,00447230,func,"FUN_00447190",
00447230,00447250,func,"FUN_00447230",
00447250,00447260,func,"FUN_00447250",
00447260,00447280,func,"FUN_00447260",
00447280,00447290,func,"FUN_00447280",
00447290,00447320,func,"FUN_00447290",
00447320,00447330,func,"FUN_00447320",
00447330,00447350,func,"FUN_00447330",
00447350,00447360,func,"FUN_00447350",
00447360,00447430,func,"FUN_00447360",
00447430,00447440,func,"FUN_00447430",
00447440,00447460,func,"FUN_00447440",
00447460,00447470,func,"FUN_00447460",
00447470,00447510,func,"FUN_00447470",
00447510,00447520,func,"FUN_00447510",
00447520,00447540,func,"FUN_00447520",
00447540,00447550,func,"FUN_00447540",
00447550,004475e0,func,"FUN_00447550",
004475e0,004475f0,func,"FUN_004475e0",
004475f0,00447610,func,"FUN_004475f0",
00447610,00447620,func,"FUN_00447610",
00447620,004476e0,func,"FUN_00447620",
004476e0,004476f0,func,"FUN_004476e0",
004476f0,00447700,func,"FUN_004476f0",
00447700,00447720,func,"FUN_00447700",
00447720,00447730,func,"FUN_00447720",
00447730,004477c0,func,"FUN_00447730",
004477c0,00447be0,func,"FUN_004477c0",
00447be0,00447c90,func,"CLTDirectMusicMgr::CLTDirectMusicMgr",
00447c90,00447e30,func,"ILTDirectMusicMgr::Init",
00447e30,00448040,func,"ILTDirectMusicMgr::Term",
00448040,00448590,func,"CLTDirectMusicMgr::InitLevel",
00448590,00448780,func,"CLTDirectMusicMgr::TermLevel",
00448780,004487e0,func,"CLTDirectMusicMgr::Play",
004487e0,00448900,func,"CLTDirectMusicMgr::Stop",
00448900,00448920,func,"ILTDirectMusicMgr::Pause",
00448920,00448940,func,"ILTDirectMusicMgr::UnPause",
00448940,004489d0,func,"CLTDirectMusicMgr::SetVolume",
004489d0,00448d20,func,"CLTDirectMusicMgr::ChangeIntensity",
00448d20,00448e90,func,"CLTDirectMusicMgr::PlaySecondary",
00448e90,00448fc0,func,"CLTDirectMusicMgr::StopSecondary",
00448fc0,00449120,func,"CLTDirectMusicMgr::PlayMotif",
00449120,00449140,func,"ILTDirectMusicMgr::PlayMotif",
00449140,00449270,func,"CLTDirectMusicMgr::StopMotif",
00449270,00449290,func,"ILTDirectMusicMgr::StopMotif",
00449290,00449380,func,"CLTDirectMusicMgr::InitDirectMusic",
00449380,00449460,func,"CLTDirectMusicMgr::InitPerformance",
00449460,004494a0,func,"CLTDirectMusicMgr::TermPort",
004494a0,00449520,func,"FUN_004494a0",
00449520,00449710,func,"CLTDirectMusicMgr::SetWorkingDirectory",
00449601,00449601,label,"switchD_00449601::switchD",Label
00449608,00449608,label,"switchD_00449601::caseD_1",Label
00449634,00449634,label,"switchD_00449601::caseD_3",Label
00449651,00449651,label,"switchD_00449601::caseD_4",Label
00449679,00449679,label,"switchD_00449601::caseD_5",Label
004496a2,004496a2,label,"switchD_00449601::caseD_6",Label
004496c9,004496c9,label,"switchD_00449601::caseD_2",Label
004496f8,00449710,jumptable,"switchD_00449601::switchdataD_004496f8",ptr
00449710,00449890,func,"CLTDirectMusicMgr::LoadSegment",
00449890,00449980,func,"FUN_00449890",
00449980,00449b50,func,"CLTDirectMusicMgr::ReadStylesAndBands",
00449b50,00449cc0,func,"CLTDirectMusicMgr::LoadBand",
00449cc0,00449d10,func,"FUN_00449cc0",
00449d10,00449d60,func,"FUN_00449d10",
00449d60,00449ef0,func,"CLTDirectMusicMgr::ReadIntensities",
00449ef0,00449f70,func,"CLTDirectMusicMgr::ReadSecondarySegments",
00449f70,0044a0b0,func,"CLTDirectMusicMgr::ReadMotifs",
0044a0b0,0044a250,func,"CLTDirectMusicMgr::ReadTransitions",
0044a250,0044a2e0,func,"FUN_0044a250",
0044a2e0,0044a2f0,func,"FUN_0044a2e0",
0044a2f0,0044a340,func,"FUN_0044a2f0",
0044a340,0044a360,func,"CLTDirectMusicMgr::CSegmentStateList::Find",
0044a360,0044a3b0,func,"CLTDirectMusicMgr::CSegmentList::Find",
0044a3b0,0044a400,func,"CLTDirectMusicMgr::CIntensity::~CIntensity",
0044a400,0044a460,func,"CLTDirectMusicMgr::ClearCommands",
0044a460,0044a4b0,func,"CLTDirectMusicMgr::GetTransition",
0044a4b0,0044a4e0,func,"FUN_0044a4b0",
0044a4e0,0044a570,func,"FUN_0044a4e0",
0044a570,0044a5e0,func,"CLTDirectMusicMgr::CSegmentStateList::CreateSegmentState",
0044a5e0,0044a610,func,"CLTDirectMusicMgr::CSegmentStateList::CleanupSegmentStates",
0044a610,0044a690,func,"CLTDirectMusicMgr::CSegmentStateList::CleanupSegmentState",
0044a690,0044a6e0,func,"CLTDirectMusicMgr::EnactTypeToFlags",
0044a69a,0044a69a,label,"switchD_0044a69a::switchD",Label
0044a6a1,0044a6a1,label,"switchD_0044a69a::caseD_1",Label
0044a6a9,0044a6a9,label,"switchD_0044a69a::caseD_3",Label
0044a6b1,0044a6b1,label,"switchD_0044a69a::caseD_5",Label
0044a6b9,0044a6b9,label,"switchD_0044a69a::caseD_4",Label
0044a6c1,0044a6c1,label,"switchD_0044a69a::caseD_2",Label
0044a6c6,0044a6c8,gap,"GAP_0044a6c6",align
0044a6c8,0044a6e0,jumptable,"switchD_0044a69a::switchdataD_0044a6c8",ptr
0044a6e0,0044a780,func,"CLTDirectMusicMgr::EnableReverb",
0044a780,0044a830,func,"FUN_0044a780",
0044a830,0044a950,func,"FUN_0044a830",
0044a950,0044aa60,func,"CLTDirectMusicMgr::InitReverb",
0044aa60,0044aa80,func,"FUN_0044aa60",
0044aa80,0044ab70,func,"ILTDirectMusicMgr::EnactTypeToString",
0044aa8d,0044aa8d,label,"switchD_0044aa8d::switchD",Label
0044aa94,0044aa94,label,"switchD_0044aa8d::caseD_0",Label
0044aaac,0044aaac,label,"switchD_0044aa8d::caseD_1",Label
0044aac4,0044aac4,label,"switchD_0044aa8d::caseD_2",Label
0044aadc,0044aadc,label,"switchD_0044aa8d::caseD_3",Label
0044aaf4,0044aaf4,label,"switchD_0044aa8d::caseD_4",Label
0044ab0c,0044ab0c,label,"switchD_0044aa8d::caseD_5",Label
0044ab24,0044ab24,label,"switchD_0044aa8d::caseD_6",Label
0044ab3c,0044ab3c,label,"switchD_0044aa8d::default",Label
0044ab54,0044ab70,jumptable,"switchD_0044aa8d::switchdataD_0044ab54",ptr
0044ab70,0044ace0,func,"ILTDirectMusicMgr::StringToEnactType",
0044ace0,0044acf0,func,"ILTDirectMusicMgr::GetCurIntensity",
0044acf0,0044ad00,func,"ILTDirectMusicMgr::GetNumIntensities",
0044ad00,0044ad10,func,"ILTDirectMusicMgr::GetInitialIntensity",
0044ad10,0044ad20,func,"ILTDirectMusicMgr::GetInitialVolume",
0044ad20,0044ad30,func,"ILTDirectMusicMgr::GetVolumeOffset",
0044ad30,0044ad40,func,"FUN_0044ad30",
0044ad40,0044ade0,func,"FUN_0044ad40",
0044ade0,0044aeb0,func,"FUN_0044ade0",
0044aeb0,0044af60,func,"CLithChunkAllocator<CLTDirectMusicMgr::CSegmentState>::AllocChunk",
0044af60,0044afe0,func,"CLithChunkAllocator<CLTDirectMusicMgr::CBand>::AllocChunk",
0044afe0,0044b0a0,func,"FUN_0044afe0",
0044b0a0,0044b0d0,func,"CLithBaseList<CLithChunkAllocator<CLTDirectMusicMgr::CDLSBank>::CChunk>::InsertFirst",
0044b0d0,0044b100,func,"CLithBaseList<CLithChunkAllocator<CLTDirectMusicMgr::CCommandItem>::CChunk>::Delete",
0044b100,0044b250,func,"FUN_0044b100",
0044b250,0044b260,func,"FUN_0044b250",
0044b260,0044b290,func,"CControlFileMgrDStream::FileGetChar",
0044b290,0044b2b0,func,"FUN_0044b290",
0044b2b0,0044b2c0,func,"FUN_0044b2b0",
0044b2c0,0044b2f0,func,"FUN_0044b2c0",
0044b2f0,0044b300,func,"FUN_0044b2f0",
0044b300,0044b320,func,"FUN_0044b300",
0044b320,0044b3e0,func,"CLoadDirByClassList::Find",
0044b3e0,0044b490,func,"CLoadDirByClassList::AddItem",
0044b490,0044b4d0,func,"FUN_0044b490",
0044b4d0,0044b500,func,"CLoadDirByClassList::RemoveAllItems",
0044b500,0044b540,func,"FUN_0044b500",
0044b540,0044b590,func,"CFileStreamList::DeleteItem",
0044b590,0044b5d0,func,"FUN_0044b590",
0044b5d0,0044b610,func,"FUN_0044b5d0",
0044b610,0044b660,func,"FUN_0044b610",
0044b660,0044b690,func,"FUN_0044b660",
0044b690,0044b760,func,"CLTDMFileStream::Open",
0044b760,0044b790,func,"FUN_0044b760",
0044b790,0044b7c0,func,"FUN_0044b790",
0044b7c0,0044b7e0,func,"FUN_0044b7c0",
0044b7e0,0044b820,func,"FUN_0044b7e0",
0044b820,0044b890,func,"CLTDMFileStream::Read",
0044b890,0044b8a0,func,"FUN_0044b890",
0044b8a0,0044b990,func,"CLTDMFileStream::Seek",
0044b990,0044b9a0,func,"FUN_0044b990",
0044b9a0,0044b9b0,func,"FUN_0044b9a0",
0044b9b0,0044b9c0,func,"FUN_0044b9b0",
0044b9c0,0044ba10,func,"FUN_0044b9c0",
0044ba10,0044ba40,func,"FUN_0044ba10",
0044ba40,0044baa0,func,"CLTDMMemStream::Open",
0044baa0,0044bab0,func,"FUN_0044baa0",
0044bab0,0044bb50,func,"CLTDMFileStream::QueryInterface",
0044bb50,0044bb80,func,"FUN_0044bb50",
0044bb80,0044bbc0,func,"FUN_0044bb80",
0044bbc0,0044bc40,func,"CLTDMMemStream::Read",
0044bc40,0044bcb0,func,"CLTDMMemStream::Seek",
0044bcb0,0044bcc0,func,"FUN_0044bcb0",
0044bcc0,0044bd70,func,"CLTDMLoader::CLTDMLoader",
0044bd70,0044be10,func,"CLTDMLoader::~CLTDMLoader",
0044be10,0044be20,func,"FUN_0044be10",
0044be20,0044be80,func,"CUnknown::NonDelegatingQueryInterface",
0044be80,0044bea0,func,"FUN_0044be80",
0044bea0,0044beb0,func,"FUN_0044bea0",
0044beb0,0044bf10,func,"CLTDMLoader::Release",
0044bf10,0044bf50,func,"CLTDMLoader::ReleaseP",
0044bf50,0044c0e0,func,"CLTDMLoader::GetObjectA",
0044c0e0,0044c250,func,"CLTDMLoader::LoadFromFile",
0044c250,0044c320,func,"CLTDMLoader::LoadFromMemory",
0044c320,0044c340,func,"FUN_0044c320",
0044c340,0044c3b0,func,"FUN_0044c340",
0044c3b0,0044c420,func,"CLTDMLoader::SetSearchDirectory",
0044c420,0044c430,func,"FUN_0044c420",
0044c430,0044c440,func,"FUN_0044c430",
0044c440,0044c450,func,"FUN_0044c440",
0044c450,0044c460,func,"[thunk]:CLTDMFileStream::QueryInterface`adjustor{4}'",
0044c460,0044c470,func,"FUN_0044c460",
0044c470,0044c480,func,"FUN_0044c470",
0044c480,0044c4a0,func,"FUN_0044c480",
0044c4a0,0044c4b0,func,"FUN_0044c4a0",
0044c4b0,0044c4e0,func,"FUN_0044c4b0",
0044c4e0,0044c4f0,func,"FUN_0044c4e0",
0044c4f0,0044c500,func,"FUN_0044c4f0",
0044c500,0044c510,func,"FUN_0044c500",
0044c510,0044c520,func,"FUN_0044c510",
0044c520,0044c540,func,"FUN_0044c520",
0044c540,0044c550,func,"FUN_0044c540",
0044c550,0044c560,func,"LCriticalSection::Enter",
0044c560,0044c570,func,"LCriticalSection::Leave",
0044c570,0044c580,func,"FUN_0044c570",
0044c580,0044c5b0,func,"FUN_0044c580",
0044c5b0,0044c5e0,func,"FUN_0044c5b0",
0044c5e0,0044c640,func,"LThreadQueue::Init",
0044c640,0044c690,func,"LThreadQueue::Clear",
0044c690,0044c7d0,func,"LThreadQueue::PostMessage",
0044c7d0,0044c810,func,"FUN_0044c7d0",
0044c810,0044c870,func,"FUN_0044c810",
0044c870,0044c940,func,"LThreadQueue::PopMessage",
0044c940,0044c970,func,"FUN_0044c940",
0044c970,0044c990,func,"FUN_0044c970",
0044c990,0044c9b0,func,"FUN_0044c990",
0044c9b0,0044ca80,func,"LThread::Start",
0044ca80,0044caa0,func,"FUN_0044ca80",
0044caa0,0044cae0,func,"FUN_0044caa0",
0044cae0,0044cb30,func,"FUN_0044cae0",
0044cb30,0044cbb0,func,"FUN_0044cb30",
0044cbb0,0044cbe0,func,"CGLinkedList<CConTextLine_*>::GenGetNext",
0044cbe0,0044cc20,func,"FUN_0044cbe0",
0044cc20,0044cc40,func,"FUN_0044cc20",
0044cc40,0044cc80,func,"FUN_0044cc40",
0044cc80,0044ce20,func,"quat_ConvertToMatrix",
0044ce20,0044cf30,func,"quat_ConvertFromMatrix",
0044cf30,0044cf90,func,"quat_GetVectors",
0044cf90,0044d0c0,func,"quat_Slerp",
0044d0c0,0044d0e0,func,"FUN_0044d0c0",
0044d0e0,0044d100,func,"FUN_0044d0e0",
0044d100,0044d110,func,"FUN_0044d100",
0044d110,0044d190,func,"FUN_0044d110",
0044d190,0044d1c0,func,"FUN_0044d190",
0044d1c0,0044d1f0,func,"FUN_0044d1c0",
0044d1f0,0044d210,func,"FUN_0044d1f0",
0044d210,0044d240,func,"FUN_0044d210",
0044d240,0044d260,func,"FUN_0044d240",
0044d260,0044d280,func,"FUN_0044d260",
0044d280,0044d2a0,func,"FUN_0044d280",
0044d2a0,0044d2c0,func,"FUN_0044d2a0",
0044d2c0,0044d2e0,func,"FUN_0044d2c0",
0044d2e0,0044d3d0,func,"FUN_0044d2e0",
0044d3d0,0044d490,func,"FUN_0044d3d0",
0044d490,0044d4d0,func,"FUN_0044d490",
0044d4d0,0044d510,func,"FUN_0044d4d0",
0044d510,0044d550,func,"FUN_0044d510",
0044d550,0044d5f0,func,"FUN_0044d550",
0044d5f0,0044d640,func,"FUN_0044d5f0",
0044d640,0044db40,func,"FUN_0044d640",
0044db40,0044db60,func,"FUN_0044db40",
0044db60,0044db70,func,"mw_ResetWatches",
0044db70,0044db80,func,"FUN_0044db70",
0044db80,0044dbe0,func,"VerifyChildModel_R",
0044dbe0,0044dc00,func,"FUN_0044dbe0",
0044dc00,0044dc10,func,"ModelStringList::~ModelStringList",
0044dc10,0044dc40,func,"ModelStringList::~ModelStringList",
0044dc40,0044dd00,func,"ModelStringList::AddString",
0044dd00,0044dd20,func,"FUN_0044dd00",
0044dd20,0044dda0,func,"FUN_0044dd20",
0044dda0,0044ddc0,func,"FUN_0044dda0",
0044ddc0,0044dde0,func,"FUN_0044ddc0",
0044dde0,0044de20,func,"FUN_0044dde0",
0044de20,0044de60,func,"FUN_0044de20",
0044de60,0044dea0,func,"FUN_0044de60",
0044dea0,0044dec0,func,"FUN_0044dea0",
0044dec0,0044df20,func,"FUN_0044dec0",
0044df20,0044df30,func,"FUN_0044df20",
0044df30,0044df50,func,"FUN_0044df30",
0044df50,0044dfc0,func,"FUN_0044df50",
0044dfc0,0044e020,func,"FUN_0044dfc0",
0044e020,0044e110,func,"FUN_0044e020",
0044e110,0044e150,func,"FUN_0044e110",
0044e150,0044e1e0,func,"FUN_0044e150",
0044e1e0,0044e1f0,func,"FUN_0044e1e0",
0044e1f0,0044e210,func,"FUN_0044e1f0",
0044e210,0044e280,func,"FUN_0044e210",
0044e280,0044e2d0,func,"FUN_0044e280",
0044e2d0,0044e2e0,func,"FUN_0044e2d0",
0044e2e0,0044e340,func,"FUN_0044e2e0",
0044e340,0044e360,func,"FUN_0044e340",
0044e360,0044e3b0,func,"FUN_0044e360",
0044e3b0,0044e410,func,"ModelAnim::Term",
0044e410,0044e440,func,"FUN_0044e410",
0044e440,0044e460,func,"FUN_0044e440",
0044e460,0044e4a0,func,"FUN_0044e460",
0044e4a0,0044e4b0,func,"thunk_FUN_0044e4b0",
0044e4b0,0044e520,func,"FUN_0044e4b0",
0044e520,0044e540,func,"ModelAnim::GetAnimTime",
0044e540,0044e570,func,"FUN_0044e540",
0044e570,0044e5b0,func,"FUN_0044e570",
0044e5b0,0044e5c0,func,"FUN_0044e5b0",
0044e5c0,0044e5e0,func,"FUN_0044e5c0",
0044e5e0,0044e610,func,"FUN_0044e5e0",
0044e610,0044e650,func,"FUN_0044e610",
0044e650,0044e6c0,func,"FUN_0044e650",
0044e6c0,0044e770,func,"FUN_0044e6c0",
0044e770,0044e790,func,"FUN_0044e770",
0044e790,0044e7e0,func,"FUN_0044e790",
0044e7e0,0044e810,func,"FUN_0044e7e0",
0044e810,0044e870,func,"ModelNode::FillNodeList",
0044e870,0044e8b0,func,"ModelNode::SetParent_R",
0044e8b0,0044e910,func,"FUN_0044e8b0",
0044e910,0044e970,func,"FUN_0044e910",
0044e970,0044e980,func,"FUN_0044e970",
0044e980,0044ea20,func,"FUN_0044e980",
0044ea20,0044ea60,func,"FUN_0044ea20",
0044ea60,0044eac0,func,"FUN_0044ea60",
0044eac0,0044eb20,func,"FUN_0044eac0",
0044eb20,0044eb50,func,"FUN_0044eb20",
0044eb50,0044ebb0,func,"FUN_0044eb50",
0044ebb0,0044ebe0,func,"FUN_0044ebb0",
0044ebe0,0044eed0,func,"FUN_0044ebe0",
0044eed0,0044eef0,func,"FUN_0044eed0",
0044eef0,0044f050,func,"FUN_0044eef0",
0044f050,0044f200,func,"FUN_0044f050",
0044f200,0044f280,func,"Model::TermAnims",
0044f280,0044f360,func,"Model::TermChildModels",
0044f360,0044f410,func,"FUN_0044f360",
0044f410,0044f4b0,func,"FUN_0044f410",
0044f4b0,0044f590,func,"FUN_0044f4b0",
0044f590,0044f5e0,func,"Model::FindPiece",
0044f5e0,0044f630,func,"Model::FindWeightSet",
0044f630,0044f640,func,"FUN_0044f630",
0044f640,0044f6a0,func,"Model::FindNode",
0044f6a0,0044f720,func,"Model::FindAnim",
0044f720,0044f790,func,"Model::FindAnimInfo",
0044f790,0044f830,func,"Model::SetNodeParentOffsets",
0044f830,0044f8f0,func,"FUN_0044f830",
0044f8f0,0044f920,func,"FUN_0044f8f0",
0044f920,0044f970,func,"FUN_0044f920",
0044f970,0044f990,func,"FUN_0044f970",
0044f990,0044f9e0,func,"Model::CalcNumChildModelAnims",
0044f9e0,0044fa10,func,"Model::CalcNumParentAnims",
0044fa10,0044fed0,func,"FUN_0044fa10",
0044fb46,0044fb46,label,"switchD_0044fb46::switchD",Label
0044fb4d,0044fb4d,label,"switchD_0044fb46::caseD_1",Label
0044fbf1,0044fbf1,label,"switchD_0044fb46::caseD_2",Label
0044fd30,0044fd30,label,"switchD_0044fb46::caseD_3",Label
0044fe48,0044fe48,label,"switchD_0044fb46::caseD_4",Label
0044fe9d,0044fe9d,label,"switchD_0044fb46::default",Label
0044feb9,0044febc,gap,"GAP_0044feb9",align
0044febc,0044fecc,jumptable,"switchD_0044fb46::switchdataD_0044febc",ptr
0044fed0,0044ff10,func,"FUN_0044fed0",
0044ff10,0044ff50,func,"FUN_0044ff10",
0044ff50,0044ffa0,func,"FUN_0044ff50",
0044ffa0,0044ffd0,func,"FUN_0044ffa0",
0044ffd0,00450000,func,"FUN_0044ffd0",
00450000,00450080,func,"LTMatrix::Init",
00450080,004500e0,func,"Model::InitChildInfo",
004500e0,00450140,func,"Model::FindSocket",
00450140,004502a0,func,"FUN_00450140",
004502a0,004502c0,func,"FUN_004502a0",
004502c0,00450440,func,"FUN_004502c0",
00450440,00450590,func,"FUN_00450440",
00450590,004506c0,func,"FUN_00450590",
004506c0,00450790,func,"CMoArray<ModelNode_*,NoCache>::Remove2",
00450790,004507c0,func,"FUN_00450790",
004507c0,004508b0,func,"FUN_004507c0",
004508b0,004509b0,func,"FUN_004508b0",
004509b0,00450ae0,func,"FUN_004509b0",
00450ae0,00450be0,func,"FUN_00450ae0",
00450be0,00450c10,func,"GenFindElement",
00450c10,00450c60,func,"CMoArray<DGTracker,DefaultCache>::GenGetNext",
00450c60,00450cb0,func,"FUN_00450c60",
00450cb0,00450ea0,func,"FUN_00450cb0",
00450ea0,00451040,func,"FUN_00450ea0",
00451040,00451070,func,"FUN_00451040",
00451070,004511d0,func,"FUN_00451070",
004511d0,00451300,func,"FUN_004511d0",
00451300,00451330,func,"GenFindElement",
00451330,00451420,func,"FUN_00451330",
00451420,00451520,func,"FUN_00451420",
00451520,00451650,func,"FUN_00451520",
00451650,00451750,func,"FUN_00451650",
00451750,00451780,func,"FUN_00451750",
00451780,00451900,func,"FUN_00451780",
00451900,00451aa0,func,"FUN_00451900",
00451aa0,00451bf0,func,"FUN_00451aa0",
00451bf0,00451d10,func,"FUN_00451bf0",
00451d10,00451d40,func,"GenFindElement",
00451d40,00451da0,func,"FUN_00451d40",
00451da0,00451e00,func,"FUN_00451da0",
00451e00,00451f60,func,"FUN_00451e00",
00451f60,00452190,func,"FUN_00451f60",
00452190,004521d0,func,"FUN_00452190",
004521d0,00452220,func,"FUN_004521d0",
00452220,00452420,func,"FUN_00452220",
00452420,00452610,func,"FUN_00452420",
00452610,00452630,func,"FUN_00452610",
00452630,00452640,func,"FUN_00452630",
00452640,00452760,func,"FUN_00452640",
00452760,00452830,func,"FUN_00452760",
00452830,004528d0,func,"FUN_00452830",
004528d0,004529d0,func,"FUN_004528d0",
004529d0,00452aa0,func,"FUN_004529d0",
00452aa0,00452ad0,func,"FUN_00452aa0",
00452ad0,00452b00,func,"FUN_00452ad0",
00452b00,00452bf0,func,"FUN_00452b00",
00452bf0,00452cf0,func,"FUN_00452bf0",
00452cf0,00452e20,func,"FUN_00452cf0",
00452e20,00452f20,func,"FUN_00452e20",
00452f20,00452f50,func,"FUN_00452f20",
00452f50,00452f80,func,"FUN_00452f50",
00452f80,00453070,func,"FUN_00452f80",
00453070,00453180,func,"FUN_00453070",
00453180,004532b0,func,"FUN_00453180",
004532b0,004533b0,func,"FUN_004532b0",
004533b0,004533e0,func,"GenFindElement",
004533e0,004534d0,func,"FUN_004533e0",
004534d0,004535c0,func,"FUN_004534d0",
004535c0,004536e0,func,"FUN_004535c0",
004536e0,004537c0,func,"FUN_004536e0",
004537c0,004537d0,func,"FUN_004537c0",
004537d0,004537e0,func,"FUN_004537d0",
004537e0,00453810,func,"FUN_004537e0",
00453810,00453900,func,"FUN_00453810",
00453900,00453a00,func,"FUN_00453900",
00453a00,00453a10,func,"FUN_00453a00",
00453a10,00453b40,func,"FUN_00453a10",
00453b40,00453c40,func,"FUN_00453b40",
00453c40,00453c80,func,"FUN_00453c40",
00453c80,00453cf0,func,"FUN_00453c80",
00453cf0,00453e10,func,"FUN_00453cf0",
00453e10,00453ec0,func,"FUN_00453e10",
00453ec0,00453fb0,func,"FUN_00453ec0",
00453fb0,00454100,func,"FUN_00453fb0",
00454100,00454160,func,"FUN_00454100",
00454160,004541e0,func,"FUN_00454160",
004541e0,004542c0,func,"FUN_004541e0",
004542c0,00454320,func,"FUN_004542c0",
00454320,00454440,func,"FUN_00454320",
00454440,00454590,func,"FUN_00454440",
00454590,00454600,func,"FUN_00454590",
00454600,00454660,func,"FUN_00454600",
00454660,004546e0,func,"CMoArray<AnimKeyFrame,NoCache>::SetSize2",
004546e0,004547d0,func,"FUN_004546e0",
004547d0,00454830,func,"FUN_004547d0",
00454830,00454890,func,"FUN_00454830",
00454890,00454960,func,"FUN_00454890",
00454960,004549e0,func,"FUN_00454960",
004549e0,00454a70,func,"CMoArray<DGSample,DefaultCache>::SetSize2",
00454a70,00454b70,func,"FUN_00454a70",
00454b70,00454bd0,func,"FUN_00454b70",
00454bd0,00454c50,func,"FUN_00454bd0",
00454c50,00454d40,func,"FUN_00454c50",
00454d40,00454d60,func,"FUN_00454d40",
00454d60,00454da0,func,"FUN_00454d60",
00454da0,00454dd0,func,"FUN_00454da0",
00454dd0,00454e00,func,"FUN_00454dd0",
00454e00,00454e20,func,"FUN_00454e00",
00454e20,00454e60,func,"FUN_00454e20",
00454e60,00454ef0,func,"FUN_00454e60",
00454ef0,00454fa0,func,"FUN_00454ef0",
00454fa0,00454fe0,func,"FUN_00454fa0",
00454fe0,004550a0,func,"FUN_00454fe0",
004550a0,004550c0,func,"FUN_004550a0",
004550c0,004550f0,func,"FUN_004550c0",
004550f0,00455130,func,"FUN_004550f0",
00455130,00455170,func,"FUN_00455130",
00455170,00455200,func,"FUN_00455170",
00455200,00455220,func,"FUN_00455200",
00455220,00455260,func,"FUN_00455220",
00455260,004552a0,func,"FUN_00455260",
004552a0,004552c0,func,"FUN_004552a0",
004552c0,00455370,func,"FUN_004552c0",
00455370,00455530,func,"FUN_00455370",
00455530,00455670,func,"FUN_00455530",
00455670,00455870,func,"ModelNode::Load",
00455870,004558c0,func,"FUN_00455870",
004558c0,004559c0,func,"FUN_004558c0",
004559c0,00455cb0,func,"FUN_004559c0",
00455cb0,00455e40,func,"FUN_00455cb0",
00455e40,00455f10,func,"FUN_00455e40",
00455f10,00455f70,func,"FUN_00455f10",
00455f70,00456100,func,"Model::LoadAnimBindings",
00456100,00456230,func,"Model::LoadSockets",
00456230,00456390,func,"FUN_00456230",
00456390,00457090,func,"FUN_00456390",
00457090,00457100,func,"FUN_00457090",
00457100,004571a0,func,"FUN_00457100",
004571a0,00457260,func,"FUN_004571a0",
00457260,00457270,func,"_STL::_String_base<char,class__STL::allocator<char>_>::_String_base<char,class__STL::allocator<char>_>",
00457270,004572c0,func,"FUN_00457270",
004572c0,00457490,func,"FUN_004572c0",
00457490,00457500,func,"FUN_00457490",
00457500,00457590,func,"FUN_00457500",
00457590,00457690,func,"FUN_00457590",
00457690,004576a0,func,"_STL::_STL_alloc_proxy<char*,char,class__STL::allocator<char>_>::_STL_alloc_proxy<char*,char,class__STL::allocator<char>_>",
004576a0,00457800,func,"FUN_004576a0",
00457800,00457970,func,"FUN_00457800",
00457970,00457af0,func,"FUN_00457970",
00457af0,00457bc0,func,"find",
00457bc0,00457ca0,func,"FUN_00457bc0",
00457ca0,00457df0,func,"FUN_00457ca0",
00457df0,00457e10,func,"FUN_00457df0",
00457e10,00457ed0,func,"FUN_00457e10",
00457ed0,00457f10,func,"_STL::_Rb_global<bool>::_M_increment",
00457f10,00457f80,func,"_STL::operator<",
00457f80,004580c0,func,"FUN_00457f80",
004580c0,00458120,func,"_STL::basic_string<char,class__STL::char_traits<char>,class__STL::allocator<char>_>::_M_compare",
00458120,00458260,func,"FUN_00458120",
00458260,004582e0,func,"FUN_00458260",
004582e0,004584c0,func,"FUN_004582e0",
004584c0,00458510,func,"_STL::_Rb_tree_rotate_left",
00458510,00458560,func,"_STL::_Rb_tree_rotate_right",
00458560,00458720,func,"FUN_00458560",
00458720,00458770,func,"_STL::_Rb_global<bool>::_M_decrement",
00458770,00458790,func,"FUN_00458770",
00458790,00458800,func,"FUN_00458790",
00458800,00458960,func,"FUN_00458800",
00458960,00458ae0,func,"FUN_00458960",
00458ae0,00458af0,func,"FUN_00458ae0",
00458af0,00458b90,func,"FUN_00458af0",
00458b90,00458c80,func,"FUN_00458b90",
00458c80,00458e30,func,"_STL::_Rb_global<bool>::_Rebalance",
00458e30,00458f40,func,"FUN_00458e30",
00458f40,00458f50,func,"FUN_00458f40",
00458f50,00459040,func,"FUN_00458f50",
00459040,00459140,func,"FUN_00459040",
00459140,00459170,func,"_STL::copy",
00459170,00459180,func,"FUN_00459170",
00459180,004591b0,func,"FUN_00459180",
004591b0,00459270,func,"ModelAllocations::Load",
00459270,004593e0,func,"FUN_00459270",
004593e0,004594e0,func,"ILTModel::GetSocket",
004594e0,004595e0,func,"ILTModel::GetNode",
004595e0,004596e0,func,"ILTModel::GetPiece",
004596e0,004597e0,func,"ILTModel::FindWeightSet",
004597e0,00459850,func,"ILTModel::GetModelLighting",
00459850,004598c0,func,"ILTModel::GetPieceHideStatus",
004598c0,00459970,func,"ServerModelLT::SetPieceHideStatus",
00459970,00459bf0,func,"ILTModel::GetNodeTransform",
00459bf0,00459f20,func,"ILTModel::GetSocketTransform",
00459f20,00459f70,func,"FUN_00459f20",
00459f70,00459fd0,func,"ILTModel::GetInstanceHookFn",
00459fd0,0045a030,func,"ILTModel::SetInstanceHookFn",
0045a030,0045a090,func,"ILTModel::GetWeightSet",
0045a090,0045a100,func,"ILTModel::SetWeightSet",
0045a100,0045a160,func,"ILTModel::GetAllowTransition",
0045a160,0045a1d0,func,"ILTModel::SetAllowTransition",
0045a1d0,0045a250,func,"ILTModel::GetTimeScale",
0045a250,0045a310,func,"ILTModel::SetTimeScale",
0045a310,0045a3e0,func,"ILTModel::GetCurAnimLength",
0045a3e0,0045a460,func,"ILTModel::GetCurAnimTime",
0045a460,0045a4e0,func,"ILTModel::SetCurAnimTime",
0045a4e0,0045a5e0,func,"ILTModel::AddTracker",
0045a5e0,0045a6a0,func,"ILTModel::RemoveTracker",
0045a6a0,0045a7c0,func,"ILTModel::ReadTracker",
0045a7c0,0045a870,func,"ILTModel::WriteTracker",
0045a870,0045a8d0,func,"ILTModel::GetLooping",
0045a8d0,0045a930,func,"ILTModel::SetLooping",
0045a930,0045a980,func,"ILTModel::GetPlaying",
0045a980,0045a9e0,func,"ILTModel::SetPlaying",
0045a9e0,0045aa40,func,"ILTModel::GetCurAnim",
0045aa40,0045aab0,func,"ILTModel::SetCurAnim",
0045aab0,0045ab10,func,"ILTModel::ResetAnim",
0045ab10,0045ab80,func,"ILTModel::GetPlaybackState",
0045ab80,0045abf0,func,"ILTModel::GetMainTracker",
0045abf0,0045ac30,func,"ILTModel::UpdateMainTracker",
0045ac30,0045ac80,func,"ILTModel::GetNormalize",
0045ac80,0045acd0,func,"ILTModel::SetNormalize",
0045acd0,0045add0,func,"ILTModel::IntersectRays",
0045add0,0045ade0,func,"FUN_0045add0",
0045ade0,0045ae10,func,"FUN_0045ade0",
0045ae10,0045ae20,func,"FUN_0045ae10",
0045ae20,0045ae80,func,"FUN_0045ae20",
0045ae80,0045ae90,func,"FUN_0045ae80",
0045ae90,0045aec0,func,"FUN_0045ae90",
0045aec0,0045aed0,func,"FUN_0045aec0",
0045aed0,0045af30,func,"FUN_0045aed0",
0045af30,0045af60,func,"FUN_0045af30",
0045af60,0045b0a0,func,"FUN_0045af60",
0045b0a0,0045b170,func,"FUN_0045b0a0",
0045b170,0045b260,func,"FUN_0045b170",
0045b260,0045b3b0,func,"FUN_0045b260",
0045b3b0,0045b4f0,func,"FUN_0045b3b0",
0045b4f0,0045b640,func,"FUN_0045b4f0",
0045b640,0045b930,func,"FUN_0045b640",
0045b930,0045b960,func,"FUN_0045b930",
0045b960,0045b990,func,"FUN_0045b960",
0045b990,0045bad0,func,"FUN_0045b990",
0045bad0,0045bbf0,func,"FUN_0045bad0",
0045bbf0,0045bd30,func,"FUN_0045bbf0",
0045bd30,0045be40,func,"FUN_0045bd30",
0045be40,0045be70,func,"GenFindElement",
0045be70,0045bfe0,func,"FUN_0045be70",
0045bfe0,0045c120,func,"FUN_0045bfe0",
0045c120,0045c260,func,"FUN_0045c120",
0045c260,0045c360,func,"FUN_0045c260",
0045c360,0045c390,func,"GenFindElement",
0045c390,0045c4a0,func,"FUN_0045c390",
0045c4a0,0045c5b0,func,"FUN_0045c4a0",
0045c5b0,0045c5d0,func,"FUN_0045c5b0",
0045c5d0,0045c5f0,func,"FUN_0045c5d0",
0045c5f0,0045c600,func,"FUN_0045c5f0",
0045c600,0045d000,func,"CalcMotion",
0045d000,0045d010,func,"thunk_FUN_0045d010",
0045d010,0045d0d0,func,"FUN_0045d010",
0045d0d0,0045d110,func,"IsSolidWorld",
0045d110,0045d150,func,"DetachObjectStanding",
0045d150,0045d190,func,"DetachObjectsStandingOn",
0045d190,0045d1e0,func,"SetObjectStanding",
0045d1e0,0045d210,func,"RetransformWorldModel",
0045d210,0045d570,func,"SetupWorldModelDims",
0045d570,0045d5b0,func,"InitialWorldModelRotate",
0045d5b0,0045dd50,func,"MoveObject",
0045dd50,0045ddf0,func,"DoBoxesIntersect",
0045ddf0,0045e960,func,"FUN_0045ddf0",
0045e960,0045e990,func,"FUN_0045e960",
0045e990,0045ea50,func,"DoObjectsIntersect",
0045ea50,0045eaf0,func,"DoNonsolidCollision",
0045eaf0,0045f1a0,func,"DoSolidWMCollision",
0045f1a0,0045f1d0,func,"FUN_0045f1a0",
0045f1d0,0045f460,func,"CollideAgainstWorld",
0045f460,0045f640,func,"FUN_0045f460",
0045f640,0045fa30,func,"FUN_0045f640",
0045fa30,0045fb80,func,"FUN_0045fa30",
0045fb80,0045fc60,func,"GetMovementBox",
0045fc60,00460c60,func,"FUN_0045fc60",
00460c60,00460c80,func,"FUN_00460c60",
00460c80,00460cb0,func,"FUN_00460c80",
00460cb0,004611a0,func,"FUN_00460cb0",
004611a0,00461260,func,"GetBoxIntersection",
00461260,00461410,func,"FUN_00461260",
00461410,00461450,func,"FUN_00461410",
00461450,00461490,func,"FUN_00461450",
00461490,00461700,func,"ChangeObjectDimensions",
00461700,004619f0,func,"GrowDim",
004619f0,00461f80,func,"RotateWorldModel",
00461f80,00461ff0,func,"LTRotation::Equals",
00461ff0,004624e0,func,"MaybeCollideWorldModel",
004624e0,00462510,func,"FUN_004624e0",
00462510,00462690,func,"FUN_00462510",
00462690,004626d0,func,"FUN_00462690",
004626d0,00462780,func,"music_InitDriver",
00462780,004627c0,func,"music_TermDriver",
004627c0,004627d0,func,"thunk_FUN_004627d0",
004627d0,004627e0,func,"FUN_004627d0",
004627e0,00462850,func,"FUN_004627e0",
00462850,00462870,func,"FUN_00462850",
00462870,004628e0,func,"FUN_00462870",
004628e0,004629f0,func,"CBaseConn::~CBaseConn",
004629f0,00462a10,func,"FUN_004629f0",
00462a10,00462a60,func,"FUN_00462a10",
00462a60,00462b60,func,"CNetMgr::CNetMgr",
00462b60,00462c20,func,"FUN_00462b60",
00462c20,00462c90,func,"CNetMgr::Init",
00462c90,00462cc0,func,"CNetMgr::Term",
00462cc0,00462cf0,func,"CNetMgr::InitDrivers",
00462cf0,00462d20,func,"CNetMgr::TermDrivers",
00462d20,00462d60,func,"CNetMgr::GetServiceList",
00462d60,00462d90,func,"CNetMgr::FreeServiceList",
00462d90,00462e00,func,"CNetMgr::SelectService",
00462e00,00462e20,func,"FUN_00462e00",
00462e20,00462e50,func,"FUN_00462e20",
00462e50,00462e70,func,"CNetMgr::GetSessionName",
00462e70,00462e90,func,"CNetMgr::SetSessionName",
00462e90,00462eb0,func,"CNetMgr::GetLocalIpAddress",
00462eb0,004632e0,func,"CNetMgr::Update",
004632e0,00463320,func,"FUN_004632e0",
00463320,00463330,func,"FUN_00463320",
00463330,00463340,func,"FUN_00463330",
00463340,00463350,func,"FUN_00463340",
00463350,00463370,func,"FUN_00463350",
00463370,00463710,func,"FUN_00463370",
00463710,00463860,func,"CNetMgr::AddDriver",
00463860,00463980,func,"FUN_00463860",
00463980,004639c0,func,"CNetMgr::Disconnect",
004639c0,00463a40,func,"FUN_004639c0",
00463a40,00463a50,func,"CNetMgr::StartGettingPackets",
00463a50,00463a60,func,"CNetMgr::EndGettingPackets",
00463a60,00463c40,func,"FUN_00463a60",
00463c40,00463c90,func,"FUN_00463c40",
00463c90,00463e10,func,"FUN_00463c90",
00463e10,00463ed0,func,"FUN_00463e10",
00463ed0,00463f30,func,"FUN_00463ed0",
00463f30,00463f70,func,"FUN_00463f30",
00463f70,00463fd0,func,"FUN_00463f70",
00463fd0,00463ff0,func,"FUN_00463fd0",
00463ff0,004641c0,func,"CNetMgr::NewConnectionNotify",
004641c0,004642f0,func,"CNetMgr::DisconnectNotify",
004642f0,00464460,func,"FUN_004642f0",
00464460,00464870,func,"FUN_00464460",
00464870,00464c30,func,"CNetMgr::HandleReceivedPacket",
00464c30,00464c70,func,"FUN_00464c30",
00464c70,00464d30,func,"FUN_00464c70",
00464d30,00464d60,func,"FUN_00464d30",
00464d60,00464eb0,func,"FUN_00464d60",
00464eb0,00464f20,func,"FUN_00464eb0",
00464f20,00464f50,func,"FUN_00464f20",
00464f50,00464fb0,func,"CNetMgr::RemoveConnFragments",
00464fb0,004655e0,func,"FUN_00464fb0",
004655e0,004655f0,func,"FUN_004655e0",
004655f0,00465670,func,"FUN_004655f0",
00465670,004656f0,func,"FUN_00465670",
004656f0,004657d0,func,"FUN_004656f0",
004657d0,00465890,func,"FUN_004657d0",
00465890,004658d0,func,"CNetMgr::FindGPacket",
004658d0,00465990,func,"CNetMgr::AllocGPacket",
00465990,00465a00,func,"FUN_00465990",
00465a00,00465b00,func,"FUN_00465a00",
00465b00,00465b20,func,"FUN_00465b00",
00465b20,00465bf0,func,"FUN_00465b20",
00465bf0,00465c30,func,"CNetMgr::SetAppGuid",
00465c30,00465c80,func,"FUN_00465c30",
00465c80,00465cf0,func,"CNetMgr::NetDebugOut",
00465cf0,00465d70,func,"FUN_00465cf0",
00465d70,00465d80,func,"FUN_00465d70",
00465d80,00465d90,func,"FUN_00465d80",
00465d90,00465da0,func,"FUN_00465d90",
00465da0,00465df0,func,"CGLinkedList<CConTextLine_*>::GenAppend",
00465df0,00465e00,func,"FUN_00465df0",
00465e00,00465e10,func,"FUN_00465e00",
00465e10,00465e20,func,"FUN_00465e10",
00465e20,00465eb0,func,"CGLinkedList<CConTextLine_*>::GenAppendList",
00465eb0,00465f40,func,"FUN_00465eb0",
00465f40,00466010,func,"CPacket::Init",
00466010,00466050,func,"FUN_00466010",
00466050,00466170,func,"FUN_00466050",
00466170,00466270,func,"FUN_00466170",
00466270,004662f0,func,"FUN_00466270",
004662f0,00466310,func,"FUN_004662f0",
00466310,00466350,func,"FUN_00466310",
00466350,004663b0,func,"FUN_00466350",
004663b0,00466400,func,"CGLinkedList<CisSurface_*>::AddHead",
00466400,00466430,func,"FUN_00466400",
00466430,00466530,func,"CMoArray<CBaseConn_*,DefaultCache>::Insert2",
00466530,00466540,func,"FUN_00466530",
00466540,00466550,func,"thunk_FUN_00466570",
00466550,00466570,func,"FUN_00466550",
00466570,00466590,func,"FUN_00466570",
00466590,004665e0,func,"FUN_00466590",
004665e0,00466610,func,"Nexus::RemoveLeech",
00466610,00466630,func,"FindLeech",
00466630,00466640,func,"thunk_FUN_00466640",
00466640,00466650,func,"FUN_00466640",
00466650,00466800,func,"ObjectMgr::ObjectMgr",
00466800,00466850,func,"ObjectMgr::IncFrameCode",
00466850,00466880,func,"CClassMgr::FindClassData",
00466880,00466890,func,"FUN_00466880",
00466890,004668a0,func,"FUN_00466890",
004668a0,004668b0,func,"FUN_004668a0",
004668b0,004668e0,func,"FUN_004668b0",
004668e0,00466990,func,"LTObject::~LTObject",
00466990,00466a20,func,"LTObject::Init",
00466a20,00466c30,func,"LTObject::Clear",
00466c30,00466c60,func,"FUN_00466c30",
00466c60,00466ca0,func,"CWorldServerBSP::GetWorldBox",
00466ca0,00466cc0,func,"FUN_00466ca0",
00466cc0,00466dc0,func,"LTObject::SetPos",
00466dc0,00466ea0,func,"MatVMul_H",
00466ea0,00466ec0,func,"FUN_00466ea0",
00466ec0,00466ee0,func,"FUN_00466ec0",
00466ee0,00466f00,func,"FUN_00466ee0",
00466f00,00466f20,func,"FUN_00466f00",
00466f20,00466f40,func,"FUN_00466f20",
00466f40,00466f50,func,"LTObject::Init",
00466f50,00467060,func,"FUN_00466f50",
00467060,00467070,func,"FUN_00467060",
00467070,00467080,func,"FUN_00467070",
00467080,004670a0,func,"FUN_00467080",
004670a0,004671f0,func,"FUN_004670a0",
004671f0,00467220,func,"FUN_004671f0",
00467220,00467300,func,"FUN_00467220",
00467300,00467310,func,"FUN_00467300",
00467310,00467320,func,"FUN_00467310",
00467320,00467350,func,"FUN_00467320",
00467350,00467380,func,"FUN_00467350",
00467380,004673a0,func,"FUN_00467380",
004673a0,004673b0,func,"FUN_004673a0",
004673b0,004674a0,func,"FUN_004673b0",
004674a0,00467650,func,"CD3DRenderStateMgr::Reset",
00467650,00467660,func,"FUN_00467650",
00467660,004676f0,func,"ModelInstance::GetRadius",
004676f0,00467710,func,"FUN_004676f0",
00467710,00467790,func,"FUN_00467710",
00467790,00467800,func,"FUN_00467790",
00467800,00467850,func,"FUN_00467800",
00467850,00467890,func,"FUN_00467850",
00467890,004678b0,func,"FUN_00467890",
004678b0,004678d0,func,"FUN_004678b0",
004678d0,004679b0,func,"FUN_004678d0",
004679b0,00467b30,func,"FUN_004679b0",
00467b30,00467b70,func,"FUN_00467b30",
00467b70,00467e90,func,"ModelInstance::UpdateTransforms",
00467e90,00467eb0,func,"FUN_00467e90",
00467eb0,00467f20,func,"FUN_00467eb0",
00467f20,00467f50,func,"FUN_00467f20",
00467f50,00467f70,func,"FUN_00467f50",
00467f70,00467f80,func,"FUN_00467f70",
00467f80,00467fa0,func,"FUN_00467f80",
00467fa0,00467fb0,func,"FUN_00467fa0",
00467fb0,00467fd0,func,"FUN_00467fb0",
00467fd0,00467fe0,func,"FUN_00467fd0",
00467fe0,00468040,func,"FUN_00467fe0",
00468040,00468060,func,"FUN_00468040",
00468060,00468070,func,"FUN_00468060",
00468070,00468190,func,"FUN_00468070",
00468190,004681b0,func,"FUN_00468190",
004681b0,00468250,func,"LTParticleSystem::~LTParticleSystem",
00468250,00468270,func,"FUN_00468250",
00468270,00468310,func,"FUN_00468270",
00468310,00468380,func,"FUN_00468310",
00468380,004683a0,func,"FUN_00468380",
004683a0,004683f0,func,"LTPolyGrid::~LTPolyGrid",
004683f0,00468460,func,"FUN_004683f0",
00468460,00468480,func,"FUN_00468460",
00468480,004684e0,func,"LineSystem::~LineSystem",
004684e0,00468500,func,"FUN_004684e0",
00468500,00468520,func,"FUN_00468500",
00468520,00468540,func,"FUN_00468520",
00468540,00468550,func,"FUN_00468540",
00468550,00468570,func,"FUN_00468550",
00468570,004685a0,func,"FUN_00468570",
004685a0,004685b0,func,"FUN_004685a0",
004685b0,004685d0,func,"FUN_004685b0",
004685d0,00468710,func,"om_Init",
00468710,00468790,func,"om_Term",
00468790,00468880,func,"om_CreateObject",
00468880,004688e0,func,"om_DestroyObject",
004688e0,004689b0,func,"om_CreateAttachment",
004689b0,00468a30,func,"ILTServer::RemoveAttachment",
00468a30,00468a70,func,"om_ClearSerializeIDs",
00468a70,00468aa0,func,"CMoArray<CDefVertexLst::defVert,NoCache>::GenGetNext",
00468aa0,00468ad0,func,"CMoArray<CDefVertexLst::defVert,NoCache>::GenGetAt",
00468ad0,00468bd0,func,"FUN_00468ad0",
00468bd0,00468d00,func,"CMoArray<CDefVertexLst::defVert,NoCache>::Remove2",
00468d00,00468e20,func,"FUN_00468d00",
00468e20,00468f20,func,"FUN_00468e20",
00468f20,00468f80,func,"FUN_00468f20",
00468f80,00469060,func,"CMoArray<CDefVertexLst::defVert,NoCache>::InternalNiceSetSize",
00469060,00469070,func,"FUN_00469060",
00469070,00469080,func,"FUN_00469070",
00469080,00469090,func,"FUN_00469080",
00469090,004690a0,func,"FUN_00469090",
004690a0,004690b0,func,"FUN_004690a0",
004690b0,004690c0,func,"FUN_004690b0",
004690c0,00469120,func,"FUN_004690c0",
00469120,00469270,func,"CPacket_Write::WriteData",
00469270,004692d0,func,"FUN_00469270",
004692d0,00469320,func,"FUN_004692d0",
00469320,00469370,func,"pd_InitialServerUpdate",
00469370,004693f0,func,"CPacket_Data::Free",
004693f0,00469430,func,"FUN_004693f0",
00469430,00469590,func,"CPacket_Write::WriteData",
00469590,004696c0,func,"ParseAmbientLight",
004696c0,00469710,func,"FUN_004696c0",
00469710,00469810,func,"ps_SetTexture",
00469810,00469b00,func,"ps_AddParticles",
00469b00,00469ea0,func,"ps_UpdateParticles",
00469ea0,00469fc0,func,"linesystem_CalcExtents",
00469fc0,00469ff0,func,"ps_StartUpdatingPositions",
00469ff0,0046a060,func,"ps_EndUpdatingPositions",
0046a060,0046a1e0,func,"ps_OptimizeParticles",
0046a1e0,0046a1f0,func,"thunk_FUN_0046a1f0",
0046a1f0,0046a2a0,func,"FUN_0046a1f0",
0046a2a0,0046a470,func,"FUN_0046a2a0",
0046a470,0046a5e0,func,"FUN_0046a470",
0046a5e0,0046a630,func,"FUN_0046a5e0",
0046a630,0046a690,func,"CC_BFto16::Convert",
0046a690,0046a800,func,"FUN_0046a690",
0046a800,0046a870,func,"FUN_0046a800",
0046a870,0046aa30,func,"FUN_0046a870",
0046aa30,0046aa60,func,"FUN_0046aa30",
0046aa60,0046aae0,func,"FUN_0046aa60",
0046aae0,0046ac50,func,"FUN_0046aae0",
0046ac50,0046aca0,func,"FUN_0046ac50",
0046aca0,0046ad30,func,"CC_8toBF::DoConvert",
0046ad30,0046ae80,func,"FUN_0046ad30",
0046ae80,0046b010,func,"FUN_0046ae80",
0046b010,0046b150,func,"FUN_0046b010",
0046b150,0046b1e0,func,"CC_16toBF::DoConvert",
0046b1e0,0046b360,func,"FUN_0046b1e0",
0046b360,0046b500,func,"FUN_0046b360",
0046b500,0046b560,func,"CPV_32toBF",
0046b560,0046b720,func,"FUN_0046b560",
0046b720,0046b8c0,func,"FUN_0046b720",
0046b8c0,0046bab0,func,"FUN_0046b8c0",
0046bab0,0046bc20,func,"FUN_0046bab0",
0046bc20,0046bc50,func,"FUN_0046bc20",
0046bc50,0046bdd0,func,"FUN_0046bc50",
0046bdd0,0046bdf0,func,"FUN_0046bdd0",
0046bdf0,0046be10,func,"FUN_0046bdf0",
0046be10,0046bea0,func,"CVP_FromPValueTemplate<CC_BFto8>",
0046bea0,0046bf30,func,"FUN_0046bea0",
0046bf30,0046bfd0,func,"FUN_0046bf30",
0046bfd0,0046c080,func,"FUN_0046bfd0",
0046c080,0046c130,func,"FUN_0046c080",
0046c130,0046c190,func,"FUN_0046c130",
0046c190,0046c1d0,func,"FUN_0046c190",
0046c1d0,0046c210,func,"FUN_0046c1d0",
0046c210,0046c260,func,"FUN_0046c210",
0046c260,0046c280,func,"PFormat::InitPValueFormat",
0046c280,0046c290,func,"FUN_0046c280",
0046c290,0046c2a0,func,"FUN_0046c290",
0046c2a0,0046c2f0,func,"FUN_0046c2a0",
0046c2f0,0046c300,func,"FUN_0046c2f0",
0046c300,0046c340,func,"FMConvertRequest::FMConvertRequest",
0046c340,0046c400,func,"FMConvertRequest::IsValid",
0046c400,0046c430,func,"FUN_0046c400",
0046c430,0046c450,func,"FUN_0046c430",
0046c450,0046c490,func,"FUN_0046c450",
0046c490,0046c4f0,func,"FormatMgr::ConvertPixels",
0046c4f0,0046c5b0,func,"FUN_0046c4f0",
0046c5b0,0046c6a0,func,"FormatMgr::InitScaleTables",
0046c6a0,0046c6e0,func,"FormatMgr::PValueToFormatColor",
0046c6e0,0046c720,func,"FUN_0046c6e0",
0046c720,0046c760,func,"CalcImageSize",
0046c760,0046d1e0,func,"ConvertDXTGeneric<CC_BFto16,Abstract_Word>",
0046d1e0,0046dc60,func,"ConvertDXTGeneric<CC_BFto32,Abstract_DWord>",
0046dc60,0046dda0,func,"FUN_0046dc60",
0046dda0,0046ddf0,func,"pg_Term",
0046ddf0,0046de20,func,"pd_InitialServerUpdate",
0046de20,0046e120,func,"FUN_0046de20",
0046e120,0046e250,func,"FUN_0046e120",
0046e250,0046e720,func,"pd_Update",
0046e720,0046ea70,func,"predict_EvaluateCurve",
0046ea70,0046eab0,func,"FUN_0046ea70",
0046eab0,0046ead0,func,"RateTracker::RateTracker",
0046ead0,0046eb10,func,"RateTracker::Update",
0046eb10,0046eb30,func,"FUN_0046eb10",
0046eb30,0046eb40,func,"thunk_FUN_0046eb40",
0046eb40,0046eb60,func,"FUN_0046eb40",
0046eb60,0046ebd0,func,"FUN_0046eb60",
0046ebd0,0046ee30,func,"FUN_0046ebd0",
0046ee30,0046eea0,func,"FUN_0046ee30",
0046eea0,0046eeb0,func,"thunk_FUN_0046eeb0",
0046eeb0,0046eec0,func,"FUN_0046eeb0",
0046eec0,0046eff0,func,"r_InitRenderStruct",
0046eff0,0046f020,func,"FUN_0046eff0",
0046f020,0046f040,func,"FUN_0046f020",
0046f040,0046f060,func,"FUN_0046f040",
0046f060,0046f080,func,"FUN_0046f060",
0046f080,0046f0c0,func,"FUN_0046f080",
0046f0c0,0046f0e0,func,"r_GetParameter",
0046f0e0,0046f100,func,"FUN_0046f0e0",
0046f100,0046f110,func,"FUN_0046f100",
0046f110,0046f130,func,"FUN_0046f110",
0046f130,0046f150,func,"FUN_0046f130",
0046f150,0046f160,func,"FUN_0046f150",
0046f160,0046f170,func,"thunk_FUN_0042fed0",
0046f170,0046f180,func,"thunk_FUN_0042ffb0",
0046f180,0046f520,func,"r_InitRender",
0046f520,0046f540,func,"sc_Init",
0046f540,0046f650,func,"r_TermRender",
0046f650,0046f660,func,"r_BindTexture",
0046f660,0046f6a0,func,"FUN_0046f660",
0046f6a0,0046f730,func,"FUN_0046f6a0",
0046f730,0046f8e0,func,"FUN_0046f730",
0046f8e0,0046fc40,func,"FUN_0046f8e0",
0046fc40,0046fd30,func,"FUN_0046fc40",
0046fd30,0046fe50,func,"FUN_0046fd30",
0046fe50,00470230,func,"sm_UpdatePuttingInWorld",
00470230,00470490,func,"FUN_00470230",
00470490,004704b0,func,"FUN_00470490",
004704b0,00470b50,func,"FUN_004704b0",
00470b50,00470b70,func,"FUN_00470b50",
00470b70,00470ba0,func,"FUN_00470b70",
00470ba0,00470bb0,func,"FUN_00470ba0",
00470bb0,00470bd0,func,"FUN_00470bb0",
00470bd0,00470be0,func,"FUN_00470bd0",
00470be0,00470c10,func,"sm_OnBrokenConnection",
00470c10,00470db0,func,"FUN_00470c10",
00470db0,00470f10,func,"FUN_00470db0",
00470f10,00470f50,func,"CSoundTrack::Release",
00470f50,00471050,func,"sm_RemoveClient",
00471050,00471160,func,"Client::~Client",
00471160,004711d0,func,"sm_SetClientState",
004711d0,00471250,func,"sm_CanClientEnterWorld",
00471250,00471560,func,"FUN_00471250",
00471560,00471610,func,"FUN_00471560",
00471610,00471660,func,"sm_UpdateClientState",
00471660,00471680,func,"FUN_00471660",
00471680,00471760,func,"sm_TracePacket",
00471760,00471920,func,"FUN_00471760",
00471920,00471ca0,func,"UpdateSendToClientState",
00471ca0,00471dd0,func,"FUN_00471ca0",
00471dd0,00471e60,func,"FUN_00471dd0",
00471e60,00471fe0,func,"FUN_00471e60",
00471fe0,00472200,func,"FUN_00471fe0",
00472200,004724a0,func,"FUN_00472200",
004724a0,00472510,func,"FUN_004724a0",
00472510,00472d10,func,"FUN_00472510",
00472d10,00472db0,func,"FUN_00472d10",
00472db0,00472fe0,func,"sm_SendSoundTracks",
00472fe0,00473010,func,"sm_FindClient",
00473010,00473040,func,"sm_SetSendSkyDef",
00473040,00473230,func,"FUN_00473040",
00473230,004733f0,func,"FUN_00473230",
004733f0,00473460,func,"sm_RemoveObjectFromSky",
00473460,00473510,func,"sm_GetClientFileIDInfo",
00473510,00473550,func,"CTextureStringImage::GetGlyph",
00473550,004735f0,func,"FUN_00473550",
004735f0,00473600,func,"FUN_004735f0",
00473600,00473760,func,"FUN_00473600",
00473760,00473790,func,"FUN_00473760",
00473790,004737e0,func,"FUN_00473790",
004737e0,00473840,func,"FUN_004737e0",
00473840,00473890,func,"FUN_00473840",
00473890,00473a10,func,"FUN_00473890",
00473a10,00473a80,func,"FUN_00473a10",
00473a80,00473ac0,func,"FUN_00473a80",
00473ac0,00473ad0,func,"ILTClient::StartCounter",
00473ad0,00473d40,func,"FUN_00473ad0",
00473d40,00473df0,func,"FUN_00473d40",
00473df0,00473e00,func,"thunk_FUN_00473d40",
00473e00,00473e70,func,"sm_InitConsoleCommands",
00473e70,00473e80,func,"cc_TermState",
00473e80,00473eb0,func,"FUN_00473e80",
00473eb0,00473ee0,func,"ILTServer::IntersectSegment",
00473ee0,00473f10,func,"FUN_00473ee0",
00473f10,00473f30,func,"CServerMgr::DisconnectNotify",
00473f30,00473f90,func,"FUN_00473f30",
00473f90,00474160,func,"FUN_00473f90",
00474160,004745c0,func,"FUN_00474160",
004745c0,00475580,func,"FUN_004745c0",
00475580,004755d0,func,"FUN_00475580",
004755d0,00475660,func,"SendToClient",
00475660,00475830,func,"FUN_00475660",
00475830,00475890,func,"FUN_00475830",
00475890,004759c0,func,"CreateServerEvent",
004759c0,004760a0,func,"FUN_004759c0",
004760a0,00476120,func,"GetSoundFileIDInfoFlags",
00476120,00476140,func,"FUN_00476120",
00476140,00476710,func,"FUN_00476140",
00476710,00476800,func,"ProcessIncomingPackets",
00476800,00476870,func,"InitServerNetHandlers",
00476870,00476990,func,"FUN_00476870",
00476990,00476c20,func,"FUN_00476990",
00476c20,00476c40,func,"FUN_00476c20",
00476c40,00476c70,func,"FUN_00476c40",
00476c70,00476ca0,func,"FUN_00476c70",
00476ca0,00476d20,func,"FUN_00476ca0",
00476d20,00476dc0,func,"FUN_00476d20",
00476dc0,00476e80,func,"FUN_00476dc0",
00476e80,00476ed0,func,"sm_UpdateInBspStatus",
00476ed0,00476ff0,func,"sm_GetNewObjectChangeFlags",
00476ff0,00477120,func,"FUN_00476ff0",
00477120,00477540,func,"FUN_00477120",
00477540,00477640,func,"SetObjectChangeFlags",
00477640,00477750,func,"FUN_00477640",
00477750,00477ce0,func,"FUN_00477750",
00477ce0,00477d80,func,"AddObjectToRemoveList",
00477d80,00477de0,func,"sm_RemoveObjectsThatNeedToGetRemoved",
00477de0,00477e10,func,"sm_FindObject",
00477e10,00477e40,func,"FUN_00477e10",
00477e40,00477e80,func,"sm_FindInFreeList",
00477e80,00477fb0,func,"FUN_00477e80",
00477fb0,00478070,func,"sm_SetObjectStateFlags",
00478070,004780c0,func,"sm_ClearClientReferenceList",
004780c0,00478100,func,"sm_FindClientRefFromObject",
00478100,00478150,func,"sm_RemoveOldClientRefObjects",
00478150,004781d0,func,"FUN_00478150",
004781d0,00478490,func,"FUN_004781d0",
00478490,004784c0,func,"FUN_00478490",
004784c0,00478780,func,"FUN_004784c0",
00478780,004788c0,func,"FUN_00478780",
004788c0,00478a20,func,"FUN_004788c0",
00478a20,00478ae0,func,"FUN_00478a20",
00478ae0,00478cf0,func,"se_ChangeModelTexture",
00478cf0,00478d20,func,"FUN_00478cf0",
00478d20,00478de0,func,"FUN_00478d20",
00478de0,00478f70,func,"FUN_00478de0",
00478f70,00478f80,func,"thunk_FUN_00478de0",
00478f80,00478fa0,func,"FUN_00478f80",
00478fa0,00478fc0,func,"sm_TermExtraData",
00478fc0,00479040,func,"ILTModel::GetBindPoseNodeTransform",
00479040,004790c0,func,"FUN_00479040",
004790c0,00479110,func,"IServerFileMgr::Init",
00479110,00479170,func,"IServerFileMgr::Term",
00479170,00479200,func,"IServerFileMgr::AddResources",
00479200,00479220,func,"IServerFileMgr::OpenFile",
00479220,004792c0,func,"IServerFileMgr::OpenFile2",
004792c0,004792f0,func,"FUN_004792c0",
004792f0,00479350,func,"FUN_004792f0",
00479350,004793d0,func,"IServerFileMgr::DoesFileExist",
004793d0,00479420,func,"FUN_004793d0",
00479420,00479550,func,"IServerFileMgr::AddUsedFile",
00479550,004795c0,func,"IServerFileMgr::ClearUsedFiles",
004795c0,004795f0,func,"IServerFileMgr::GetUsedFilename",
004795f0,004798b0,func,"si_GetPointShade",
004798b0,004799f0,func,"FUN_004798b0",
004799f0,00479a10,func,"ILTServer::~ILTServer",
00479a10,00479b00,func,"ILTPhysics::SetVelocity",
00479b00,00479bd0,func,"ILTPhysics::SetAcceleration",
00479bd0,00479c50,func,"ILTPhysics::MoveObject",
00479c50,00479df0,func,"ILTPhysics::SetObjectDims",
00479df0,00479e20,func,"ILTPhysics::GetGlobalForce",
00479e20,00479ec0,func,"ILTPhysics::SetGlobalForce",
00479ec0,0047a190,func,"ServerCommonLT::SetObjectFlags",
0047a190,0047a3c0,func,"ServerCommonLT::SetObjectFilenames",
0047a3c0,0047a3f0,func,"ILTCommon::GetPointStatus",
0047a3f0,0047a410,func,"ILTCommon::GetPointShade",
0047a410,0047a4a0,func,"ILTCommon::GetPolyTextureFlags",
0047a4a0,0047a570,func,"ILTCommon::GetPolyInfo",
0047a570,0047a600,func,"ILTCommon::GetPolySurfaceFlags",
0047a600,0047a620,func,"ILTCommon::CreateMessage",
0047a620,0047a6f0,func,"ServerCommonLT::GetAttachmentObjects",
0047a6f0,0047a800,func,"ILTModel::AddTracker",
0047a800,0047a910,func,"ILTModel::RemoveTracker",
0047a910,0047aa70,func,"ServerModelLT::SetLooping",
0047aa70,0047abd0,func,"ServerModelLT::SetPlaying",
0047abd0,0047ad40,func,"ServerModelLT::SetCurAnimTime",
0047ad40,0047aea0,func,"ServerModelLT::SetCurAnim",
0047aea0,0047b000,func,"ServerModelLT::ResetAnim",
0047b000,0047b160,func,"ServerModelLT::SetWeightSet",
0047b160,0047b280,func,"ILTModel::SetPieceHideStatus",
0047b280,0047b3e0,func,"ServerModelLT::SetAllowTransition",
0047b3e0,0047b540,func,"ServerModelLT::SetTimeScale",
0047b540,0047b580,func,"ILTLightAnim::FindLightAnim",
0047b580,0047b5f0,func,"ServerLightAnimLT::GetNumFrames",
0047b5f0,0047b660,func,"ServerLightAnimLT::GetLightAnimInfo",
0047b660,0047b710,func,"ServerLightAnimLT::SetLightAnimInfo",
0047b710,0047b790,func,"ILTServer::GetNumClassProps",
0047b790,0047b890,func,"ILTServer::GetClassProp",
0047b890,0047b900,func,"CLTServer::GetClassName",
0047b900,0047b9a0,func,"ILTServer::GetClientPing",
0047b9a0,0047ba00,func,"ILTServer::GetNetFlags",
0047ba00,0047ba70,func,"ILTServer::SetNetFlags",
0047ba70,0047bb40,func,"CLTServer::GetHPolyObject",
0047bb40,0047bc30,func,"CLTServer::FindNamedObjects",
0047bc30,0047be50,func,"ILTServer::FindWorldModelObjectIntersections",
0047be50,0047bee0,func,"ILTPhysics::GetWorldBox",
0047bee0,0047c1c0,func,"ILTPhysics::ThreadLoadFile",
0047c1c0,0047c4b0,func,"ILTPhysics::UnloadFile",
0047c4b0,0047c560,func,"ILTPhysics::OpenFile",
0047c560,0047c590,func,"ILTCSBase::CopyFile",
0047c590,0047c6c0,func,"ILTCSBase::SetModelAnimation",
0047c6c0,0047c6f0,func,"ILTCSBase::GetModelAnimation",
0047c6f0,0047c830,func,"ILTCSBase::SetModelLooping",
0047c830,0047c850,func,"ILTCSBase::GetModelLooping",
0047c850,0047c9b0,func,"ILTServer::ResetModelAnimation",
0047c9b0,0047c9e0,func,"ILTCSBase::GetModelPlaybackState",
0047c9e0,0047ca00,func,"ILTCSBase::GetAnimIndex",
0047ca00,0047ca40,func,"ILTCSBase::CPrint",
0047ca40,0047caa0,func,"ILTCSBase::GetPointContainers",
0047caa0,0047cad0,func,"ILTCSBase::GetContainerCode",
0047cad0,0047cb40,func,"ILTCSBase::FormatString",
0047cb40,0047cb50,func,"ILTCSBase::CopyString",
0047cb50,0047cb60,func,"ILTCSBase::CreateString",
0047cb60,0047cb70,func,"ILTCSBase::FreeString",
0047cb70,0047cb90,func,"ILTCSBase::CompareStrings",
0047cb90,0047cbb0,func,"ILTCSBase::CompareStringsUpper",
0047cbb0,0047cbc0,func,"ILTCSBase::GetStringData",
0047cbc0,0047cbe0,func,"ILTCSBase::GetVarValueFloat",
0047cbe0,0047cc00,func,"ILTCSBase::GetVarValueString",
0047cc00,0047cc10,func,"ILTCSBase::GetTime",
0047cc10,0047cc20,func,"ILTCSBase::GetFrameTime",
0047cc20,0047cc50,func,"ILTCSBase::RemoveObject",
0047cc50,0047cc60,func,"ILTCSBase::FreeUnusedModels",
0047cc60,0047ccb0,func,"ILTServer::SendTo",
0047ccb0,0047cd10,func,"ILTServer::GetClientData",
0047cd10,0047ce60,func,"ILTServer::LinkModelToExtraChildModel",
0047ce60,0047ced0,func,"ILTServer::ResetModelToChildModelLink",
0047ced0,0047cee0,func,"ILTServer::GetChildModelLinkMap",
0047cee0,0047cef0,func,"ILTServer::SetModelFilenames",
0047cef0,0047d010,func,"ILTServer::SetObjectFilenames",
0047d010,0047d040,func,"ILTServer::GetForceIgnoreLimit",
0047d040,0047d050,func,"ILTServer::SetForceIgnoreLimit",
0047d050,0047d060,func,"ILTServer::GetVelocity",
0047d060,0047d070,func,"ILTServer::SetVelocity",
0047d070,0047d080,func,"ILTServer::GetAcceleration",
0047d080,0047d090,func,"ILTServer::SetAcceleration",
0047d090,0047d0b0,func,"ILTServer::GetObjectMass",
0047d0b0,0047d0c0,func,"ILTServer::SetObjectMass",
0047d0c0,0047d0e0,func,"ILTServer::MoveObject",
0047d0e0,0047d0f0,func,"ILTServer::GetStandingOn",
0047d0f0,0047d100,func,"ILTServer::GetObjectDims",
0047d100,0047d120,func,"ILTServer::SetObjectDims",
0047d120,0047d140,func,"ILTServer::SetObjectDims2",
0047d140,0047d170,func,"ILTServer::GetObjectFlags",
0047d170,0047d1c0,func,"ILTPhysics::GetGlobalForce",
0047d1c0,0047d210,func,"ILTPhysics::SetGlobalForce",
0047d210,0047d220,func,"ILTServer::SetFrictionCoefficient",
0047d220,0047d250,func,"ILTServer::GetObjectName_ovl0",
0047d250,0047d2e0,func,"ILTPhysics::GetObjectName",
0047d2e0,0047d2f0,func,"ILTServer::GetPolyTextureFlags",
0047d2f0,0047d300,func,"ILTServer::GetModelAnimUserDims",
0047d300,0047d390,func,"ILTPhysics::StartMessageToObject",
0047d390,0047d3c0,func,"ILTServer::StartMessage",
0047d3c0,0047d440,func,"ILTPhysics::StartMessageToServer",
0047d440,0047d4b0,func,"ILTPhysics::StartInstantSpecialEffectMessage",
0047d4b0,0047d510,func,"ILTPhysics::StartSpecialEffectMessage",
0047d510,0047d5a0,func,"ILTCSBase::StartHMessageWrite",
0047d5a0,0047d720,func,"CLTServer::EndMessage2",
0047d5ce,0047d5ce,label,"switchD_0047d5ce::switchD",Label
0047d5d5,0047d5d5,label,"switchD_0047d5ce::caseD_1",Label
0047d5fc,0047d5fc,label,"switchD_0047d5ce::caseD_0",Label
0047d627,0047d627,label,"switchD_0047d5ce::caseD_2",Label
0047d645,0047d645,label,"switchD_0047d5ce::caseD_3",Label
0047d666,0047d666,label,"switchD_0047d5ce::caseD_4",Label
0047d68b,0047d68b,label,"switchD_0047d5ce::default",Label
0047d704,0047d718,jumptable,"switchD_0047d5ce::switchdataD_0047d704",ptr
0047d720,0047d740,func,"ILTServer::EndMessage",
0047d740,0047d980,func,"CLTServer::SendToClient",
0047d980,0047da10,func,"ILTPhysics::SendToObject",
0047da10,0047da90,func,"CLTServer::SetObjectSFXMessage",
0047da90,0047db10,func,"CLTServer::SendSFXMessage",
0047db10,0047dbe0,func,"CLTServer::SendToServer",
0047dbe0,0047dc70,func,"ILTServer::~ILTServer",
0047dc70,0047dcc0,func,"FUN_0047dc70",
0047dcc0,0047de10,func,"FUN_0047dcc0",
0047de10,0047def0,func,"FUN_0047de10",
0047def0,0047e020,func,"ILTServer::FindObjectsTouchingSphere",
0047e020,0047e070,func,"ILTServer::RelinquishList",
0047e070,0047e0c0,func,"ILTServer::CreateObjectList",
0047e0c0,0047e110,func,"ILTServer::AddObjectToList",
0047e110,0047e160,func,"ILTServer::RemoveObjectFromList",
0047e160,0047e330,func,"FUN_0047e160",
0047e330,0047e3b0,func,"ILTPhysics::SaveObjects",
0047e3b0,0047e430,func,"ILTPhysics::RestoreObjects",
0047e430,0047e450,func,"ILTServer::LoadWorld",
0047e450,0047e460,func,"ILTServer::RunWorld",
0047e460,0047e480,func,"ILTServer::UpdateSessionName",
0047e480,0047e4e0,func,"ILTPhysics::GetSessionName",
0047e4e0,0047e540,func,"ILTPhysics::GetTcpIpAddress",
0047e540,0047e570,func,"ILTServer::SendToServerApp",
0047e570,0047e590,func,"ILTServer::GetFileList",
0047e590,0047ea80,func,"CLTServer::SetupFunctionPointers",
0047ea80,0047eac0,func,"ILTServer::SetCRCString",
0047eac0,0047ead0,func,"ILTServer::CreateStringCRC",
0047ead0,0047eae0,func,"ILTServer::CreateWorldCRC",
0047eae0,0047eb10,func,"ILTServer::GetGameInfo",
0047eb10,0047eb50,func,"ILTServer::GetClass",
0047eb50,0047ebe0,func,"ILTPhysics::GetStaticObject",
0047ebe0,0047ec40,func,"ILTPhysics::GetObjectClass",
0047ec40,0047ec70,func,"ILTServer::IsKindOf",
0047ec70,0047ece0,func,"ILTPhysics::GetPortalFlags",
0047ece0,0047ed00,func,"ILTServer::SetPortalFlags",
0047ed00,0047edc0,func,"ILTServer::CastRay",
0047edc0,0047ef50,func,"ILTServer::FindPoliesTouchingBox",
0047ef50,0047ef90,func,"ILTServer::GetPropString",
0047ef90,0047f000,func,"FUN_0047ef90",
0047f000,0047f040,func,"FUN_0047f000",
0047f040,0047f070,func,"ILTServer::GetPropReal",
0047f070,0047f0a0,func,"ILTServer::GetPropFlags",
0047f0a0,0047f0d0,func,"ILTServer::GetPropBool",
0047f0d0,0047f100,func,"ILTServer::GetPropLongInt",
0047f100,0047f160,func,"ILTServer::GetPropRotation",
0047f160,0047f1b0,func,"ILTServer::GetPropRotationEuler",
0047f1b0,0047f280,func,"ILTServer::GetPropGeneric",
0047f1dd,0047f1dd,label,"switchD_0047f1dd::switchD",Label
0047f1e4,0047f1e4,label,"switchD_0047f1dd::caseD_0",Label
0047f1f6,0047f1f6,label,"switchD_0047f1dd::caseD_1",Label
0047f208,0047f208,label,"switchD_0047f1dd::caseD_3",Label
0047f21a,0047f21a,label,"switchD_0047f1dd::caseD_5",Label
0047f238,0047f238,label,"switchD_0047f1dd::caseD_7",Label
0047f24a,0047f24a,label,"switchD_0047f1dd::default",Label
0047f252,0047f254,gap,"GAP_0047f252",align
0047f254,0047f274,jumptable,"switchD_0047f1dd::switchdataD_0047f254",ptr
0047f280,0047f2b0,func,"ILTServer::DoesPropExist",
0047f2b0,0047f2c0,func,"ILTServer::ObjectToHandle",
0047f2c0,0047f2e0,func,"ILTServer::HandleToObject",
0047f2e0,0047f310,func,"ILTServer::CreateObject",
0047f310,0047f580,func,"ILTServer::CreateObjectProps",
0047f580,0047f5b0,func,"ILTServer::GetServerFlags",
0047f5b0,0047f5d0,func,"ILTServer::SetServerFlags",
0047f5d0,0047f5f0,func,"ILTServer::CacheFile",
0047f5f0,0047f720,func,"ILTServer::GetNextWMPoly",
0047f720,0047f800,func,"ILTPhysics::GetNextPoly",
0047f800,0047f820,func,"ILTServer::IntRandom",
0047f820,0047f840,func,"ILTServer::RandomScale",
0047f840,0047f880,func,"ILTServer::BPrint",
0047f880,0047f8a0,func,"ILTServer::GetSkyDef",
0047f8a0,0047f8d0,func,"ILTServer::SetSkyDef",
0047f8d0,0047f990,func,"ILTPhysics::AddObjectToSky",
0047f990,0047f9e0,func,"ILTPhysics::RemoveObjectFromSky",
0047f9e0,0047fa00,func,"ILTServer::GetGlobalLightObject",
0047fa00,0047fa20,func,"ILTServer::SetGlobalLightObject",
0047fa20,0047fa80,func,"ILTPhysics::AttachClient",
0047fa80,0047fad0,func,"ILTPhysics::DetachClient",
0047fad0,0047fb10,func,"ILTServer::GetNextClient",
0047fb10,0047fb40,func,"ILTServer::GetNextClientRef",
0047fb40,0047fb60,func,"ILTServer::GetClientRefInfoFlags",
0047fb60,0047fb90,func,"ILTServer::GetClientRefName",
0047fb90,0047fbb0,func,"ILTServer::GetClientRefObject",
0047fbb0,0047fbd0,func,"ILTServer::GetClientID",
0047fbd0,0047fc00,func,"ILTServer::GetClientName",
0047fc00,0047fc60,func,"ILTServer::SetClientInfoFlags",
0047fc60,0047fca0,func,"ILTServer::GetClientInfoFlags",
0047fca0,0047fcc0,func,"ILTServer::SetClientUserData",
0047fcc0,0047fcd0,func,"ILTServer::GetClientUserData",
0047fcd0,0047fd00,func,"ILTServer::KickClient",
0047fd00,0047fd60,func,"ILTServer::SetClientViewPos",
0047fd60,0047fd80,func,"ILTServer::RunGameConString",
0047fd80,0047fdb0,func,"ILTServer::SetGameConVar",
0047fdb0,0047fdd0,func,"ILTServer::GetGameConVar",
0047fdd0,0047fe10,func,"ILTServer::IsCommandOn",
0047fe10,0047fed0,func,"ILTPhysics::GetLastCollision",
0047fed0,0047fef0,func,"ILTServer::PlaySound",
0047fef0,0047ff10,func,"ILTServer::GetSoundDuration",
0047ff10,0047ff30,func,"ILTServer::IsSoundDone",
0047ff30,0047ff50,func,"ILTServer::KillSound",
0047ff50,0047ff70,func,"ILTServer::KillSoundLoop",
0047ff70,0047ffd0,func,"ILTPhysics::CreateInterObjectLink",
0047ffd0,00480000,func,"ILTServer::BreakInterObjectLink",
00480000,00480080,func,"ILTServer::GetSmartLinkBody",
00480080,004800d0,func,"ILTPhysics::ReleaseSmartLinkBody",
004800d0,00480160,func,"ILTServer::GetObjectColor",
00480160,00480220,func,"ILTServer::SetObjectColor",
00480220,00480310,func,"FUN_00480220",
00480310,00480320,func,"ILTServer::GetObjectUserFlags",
00480320,00480470,func,"ILTPhysics::SetObjectUserFlags",
00480470,004804c0,func,"ILTServer::GetNextObject",
004804c0,00480510,func,"ILTServer::GetNextInactiveObject",
00480510,00480530,func,"ILTServer::SetNextUpdate",
00480530,004805a0,func,"ILTServer::SetDeactivationTime",
004805a0,004805c0,func,"ILTServer::PingObjects",
004805c0,00480600,func,"ILTServer::GetObjectPos",
00480600,00480620,func,"ILTServer::SetObjectPos",
00480620,004806a0,func,"ILTServer::SetObjectState",
004806a0,004806d0,func,"ILTServer::GetObjectState",
004806d0,00480750,func,"ILTPhysics::GetObjectRotation",
00480750,00480770,func,"ILTServer::SetObjectRotation",
00480770,004809c0,func,"ILTPhysics::SetObjectRotation",
004809c0,004809e0,func,"ILTServer::RotateObject",
004809e0,00480af0,func,"ILTServer::ScaleObject",
00480af0,00480b60,func,"ILTPhysics::GetObjectScale",
00480b60,00480bb0,func,"ILTPhysics::TeleportObject",
00480bb0,00480f30,func,"ILTPhysics::CreateAttachment",
00480f30,00481210,func,"ILTPhysics::RemoveAttachment",
00481210,004812b0,func,"ILTPhysics::FindAttachment",
004812b0,004812d0,func,"ILTServer::GetBlockingPriority",
004812d0,004813f0,func,"ILTServer::ClipSprite",
004813f0,00481410,func,"ILTServer::SetBlockingPriority",
00481410,004815a0,func,"ILTServer::TiltToPlane",
004815a0,004815d0,func,"ILTServer::GetLightColor",
004815d0,00481610,func,"ILTServer::SetLightColor",
00481610,00481630,func,"ILTClient::GetLightRadius",
00481630,00481730,func,"ILTServer::SetLightRadius",
00481730,004817e0,func,"ILTPhysics::GetModelCommandString",
004817e0,00481920,func,"ILTServer::SetModelPlaying",
00481920,00481940,func,"ILTServer::GetModelPlaying",
00481940,004819f0,func,"ILTServer::GetModelFilenames",
004819f0,00481ab0,func,"ILTServer::GetModelFilenames2",
00481ab0,00481b10,func,"ILTServer::GetObjectContainers",
00481b10,00481b70,func,"ILTServer::GetContainedObjects",
00481b70,00481cc0,func,"FUN_00481b70",
00481cc0,00481d60,func,"FUN_00481cc0",
00481d60,00481d90,func,"FUN_00481d60",
00481d90,00481f60,func,"FUN_00481d90",
00481f60,00481fe0,func,"FUN_00481f60",
00481fe0,004820e0,func,"FUN_00481fe0",
004820e0,00482140,func,"FUN_004820e0",
00482140,004821c0,func,"CServerEvent::DecrementRefCount",
004821c0,004821d0,func,"FUN_004821c0",
004821d0,004821e0,func,"FUN_004821d0",
004821e0,004821f0,func,"FUN_004821e0",
004821f0,00482220,func,"FUN_004821f0",
00482220,00482380,func,"sm_AllocateID",
00482380,004823b0,func,"sm_FreeID",
004823b0,004827d0,func,"CServerMgr::Init",
004827d0,004827e0,func,"FUN_004827d0",
004827e0,00482ab0,func,"CServerMgr::Term",
00482ab0,00482b20,func,"FUN_00482ab0",
00482b20,00482b40,func,"FUN_00482b20",
00482b40,00482b90,func,"CServerMgr::Listen",
00482b90,00482cf0,func,"CServerMgr::TransferNetDriver",
00482cf0,00482d80,func,"CServerMgr::AddResources",
00482d80,00482da0,func,"CServerMgr::LoadBinaries",
00482da0,00482df0,func,"FUN_00482da0",
00482df0,00482e20,func,"sm_ClearChangedObjectList",
00482e20,00482e50,func,"FUN_00482e20",
00482e50,00483200,func,"FUN_00482e50",
00483200,00483260,func,"sm_FinishUpdateFrame",
00483260,00483290,func,"FUN_00483260",
00483290,004832d0,func,"sm_UpdateClientsInWorld",
004832d0,00483370,func,"sm_MergeClientChangeLists",
00483370,004833b0,func,"CServerMgr::UpdateSounds",
004833b0,00483460,func,"CServerMgr::RemoveSounds",
00483460,004834d0,func,"FUN_00483460",
004834d0,00483520,func,"CServerMgr::ProcessLoaderMessages",
00483520,00483810,func,"CServerMgr::Update",
00483810,00483830,func,"FUN_00483810",
00483830,00483850,func,"CServerMgr::GetErrorString",
00483850,00483910,func,"FUN_00483850",
00483910,00483920,func,"FUN_00483910",
00483920,00483a00,func,"CServerMgr::LoadWorld",
00483a00,00483c60,func,"FUN_00483a00",
00483c60,00483d00,func,"FUN_00483c60",
00483d00,00483dd0,func,"CServerMgr::ResizeUpdateInfos",
00483dd0,00483f30,func,"sm_CreateServerData",
00483f30,00484030,func,"sm_DestroyServerData",
00484030,00484090,func,"sm_FreeObjectOfClass",
00484090,00484390,func,"sm_AddObjectToWorld",
00484390,00484550,func,"sm_RemoveObjectFromWorld",
00484550,004845d0,func,"FUN_00484550",
004845d0,00484610,func,"FUN_004845d0",
00484610,00484720,func,"FUN_00484610",
00484720,00484730,func,"FUN_00484720",
00484730,00484780,func,"FUN_00484730",
00484780,00484790,func,"FUN_00484780",
00484790,00484830,func,"FUN_00484790",
00484830,00484840,func,"FUN_00484830",
00484840,00484880,func,"FUN_00484840",
00484880,00484890,func,"FUN_00484880",
00484890,004848f0,func,"FUN_00484890",
004848f0,00484aa0,func,"FUN_004848f0",
00484aa0,00484d70,func,"CServerMgr::DoStartWorld",
00484d70,00485020,func,"FUN_00484d70",
00485020,004850b0,func,"CServerMgr::DoRunWorld",
004850b0,00485190,func,"CServerMgr::DoEndWorld",
00485190,004851d0,func,"FUN_00485190",
004851d0,00485300,func,"FUN_004851d0",
00485300,00485390,func,"FUN_00485300",
00485390,004855b0,func,"FUN_00485390",
004855b0,004856e0,func,"FUN_004855b0",
004856e0,00485990,func,"FUN_004856e0",
00485990,004859f0,func,"FUN_00485990",
004859f0,00485a40,func,"CServerMgr::GetLocalDriver",
00485a40,00485cf0,func,"ILTSoundMgr::PlaySound",
00485cf0,00485d50,func,"CServerMgr::GetSoundDuration",
00485d50,00485dd0,func,"CServerMgr::IsSoundDone",
00485dd0,00485e70,func,"CServerMgr::KillSound",
00485e70,00485f90,func,"CServerMgr::KillSoundLoop",
00485f90,004860a0,func,"CServerMgr::KillSoundFade",
004860a0,004860d0,func,"FUN_004860a0",
004860d0,004861a0,func,"FUN_004860d0",
004861a0,004862e0,func,"FUN_004861a0",
004862e0,004864d0,func,"sm_CreateNewID",
004864d0,00486500,func,"sm_SetupError",
00486500,00486590,func,"sm_CheckObjectIntegrity",
00486590,004865b0,func,"FUN_00486590",
004865b0,00486600,func,"sm_RemoveAllSounds",
00486600,00486660,func,"FUN_00486600",
00486660,00486710,func,"sm_RemoveAllUnusedSoundTracks",
00486710,00486780,func,"sm_RemoveAllSoundInstances",
00486780,004867f0,func,"FUN_00486780",
004867f0,00486850,func,"FUN_004867f0",
00486850,00486900,func,"FUN_00486850",
00486900,00486920,func,"FUN_00486900",
00486920,00486ab0,func,"sm_SetPortalFlags",
00486ab0,00486bc0,func,"FUN_00486ab0",
00486bc0,00486c10,func,"FUN_00486bc0",
00486c10,00486c50,func,"FUN_00486c10",
00486c50,00486e50,func,"sm_CacheFile",
00486caf,00486caf,label,"switchD_00486caf::switchD",Label
00486cb6,00486cb6,label,"switchD_00486caf::caseD_0",Label
00486d2d,00486d2d,label,"switchD_00486caf::caseD_1",Label
00486da8,00486da8,label,"switchD_00486caf::caseD_3",Label
00486e38,00486e38,label,"switchD_00486caf::default",Label
00486e3e,00486e40,gap,"GAP_00486e3e",align
00486e40,00486e50,jumptable,"switchD_00486caf::switchdataD_00486e40",ptr
00486e50,00486f60,func,"FUN_00486e50",
00486f60,00486fc0,func,"FUN_00486f60",
00486fc0,00486fd0,func,"FUN_00486fc0",
00486fd0,00487010,func,"CServerMgr::SetGlobalLightObject",
00487010,004872f0,func,"FUN_00487010",
004872f0,00487310,func,"WONAPI::RefCount::Release",
00487310,004873c0,func,"FUN_00487310",
004873c0,00487400,func,"FUN_004873c0",
00487400,004874c0,func,"FUN_00487400",
004874c0,00487560,func,"FUN_004874c0",
00487560,00487730,func,"FUN_00487560",
00487730,004877a0,func,"FUN_00487730",
004877a0,00487970,func,"FUN_004877a0",
00487970,00487a00,func,"FUN_00487970",
00487a00,00487a90,func,"FUN_00487a00",
00487a90,00487b90,func,"FUN_00487a90",
00487b90,00487d10,func,"FUN_00487b90",
00487d10,00487d30,func,"FUN_00487d10",
00487d30,00487dd0,func,"FUN_00487d30",
00487dd0,00487e00,func,"FUN_00487dd0",
00487e00,00487e90,func,"FUN_00487e00",
00487e90,00487f70,func,"FUN_00487e90",
00487f70,00487fe0,func,"FUN_00487f70",
00487fe0,00488140,func,"FUN_00487fe0",
00488140,004882d0,func,"FUN_00488140",
004882d0,00488330,func,"FUN_004882d0",
00488330,00488460,func,"FUN_00488330",
00488460,00488560,func,"FUN_00488460",
00488560,00488740,func,"FUN_00488560",
00488740,00488900,func,"FUN_00488740",
00488900,00488ae0,func,"FUN_00488900",
00488ae0,00488ca0,func,"FUN_00488ae0",
00488ca0,00488e00,func,"FUN_00488ca0",
00488e00,00488eb0,func,"FUN_00488e00",
00488eb0,00488f70,func,"FUN_00488eb0",
00488f70,00489060,func,"FUN_00488f70",
00489060,00489070,func,"FUN_00489060",
00489070,004890f0,func,"FUN_00489070",
004890f0,00489240,func,"FUN_004890f0",
00489240,004893c0,func,"FUN_00489240",
004893c0,00489460,func,"FUN_004893c0",
00489460,00489500,func,"FUN_00489460",
00489500,00489610,func,"FUN_00489500",
00489610,00489710,func,"FUN_00489610",
00489710,004898b0,func,"LoadSprite",
004898b0,00489970,func,"FUN_004898b0",
00489970,00489a10,func,"FUN_00489970",
00489a10,00489ca0,func,"FUN_00489a10",
00489ca0,00489f50,func,"cm_LoadModelData",
00489f50,0048a070,func,"FUN_00489f50",
0048a070,0048a090,func,"FUN_0048a070",
0048a090,0048a100,func,"FUN_0048a090",
0048a100,0048a2b0,func,"FUN_0048a100",
0048a2b0,0048a3f0,func,"FUN_0048a2b0",
0048a3f0,0048a420,func,"FUN_0048a3f0",
0048a420,0048a580,func,"FUN_0048a420",
0048a580,0048a5c0,func,"FUN_0048a580",
0048a5c0,0048a600,func,"FUN_0048a5c0",
0048a600,0048a620,func,"so_ExtraInit",
0048a620,0048a640,func,"so_ExtraTerm",
0048a640,0048a770,func,"FUN_0048a640",
0048a770,0048a790,func,"sb_UnloadShellModule",
0048a790,0048a7b0,func,"FUN_0048a790",
0048a7b0,0048a7c0,func,"FUN_0048a7b0",
0048a7c0,0048a7e0,func,"FUN_0048a7c0",
0048a7e0,0048a820,func,"CClientShell::DisconnectNotify",
0048a820,0048a830,func,"FUN_0048a820",
0048a830,0048a850,func,"FUN_0048a830",
0048a850,0048a930,func,"CClientShell::InitHandlers",
0048a930,0048aa50,func,"OnYourIDPacket",
0048aa50,0048aa70,func,"FUN_0048aa50",
0048aa70,0048aba0,func,"FUN_0048aa70",
0048aba0,0048abc0,func,"FUN_0048aba0",
0048abc0,0048ada0,func,"OnPacketGroupPacket",
0048ada0,0048b190,func,"FUN_0048ada0",
0048b190,0048b210,func,"FUN_0048b190",
0048b210,0048b250,func,"FUN_0048b210",
0048b250,0048b310,func,"FUN_0048b250",
0048b310,0048b3f0,func,"FUN_0048b310",
0048b3f0,0048bb00,func,"FUN_0048b3f0",
0048bb00,0048bc20,func,"PrintPacketDebugInfo",
0048bc20,0048bc60,func,"FUN_0048bc20",
0048bc60,0048bfe0,func,"FUN_0048bc60",
0048bfe0,0048c380,func,"FUN_0048bfe0",
0048c380,0048c750,func,"FUN_0048c380",
0048c750,0048c940,func,"ReadSoundSubPacket",
0048c940,0048cd40,func,"FUN_0048c940",
0048cd40,0048ce50,func,"FUN_0048cd40",
0048ce50,0048d040,func,"FUN_0048ce50",
0048d040,0048d0f0,func,"FUN_0048d040",
0048d0f0,0048d150,func,"FUN_0048d0f0",
0048d150,0048d430,func,"FUN_0048d150",
0048d430,0048d470,func,"FUN_0048d430",
0048d470,0048d610,func,"OnSkyDef",
0048d610,0048d8e0,func,"FUN_0048d610",
0048d8e0,0048d910,func,"FUN_0048d8e0",
0048d910,0048d9b0,func,"FUN_0048d910",
0048d9b0,0048dbb0,func,"FUN_0048d9b0",
0048dbb0,0048df60,func,"FUN_0048dbb0",
0048dbe4,0048dbe4,label,"switchD_0048dbe4::switchD",Label
0048dbeb,0048dbeb,label,"switchD_0048dbe4::caseD_0",Label
0048dc38,0048dc38,label,"switchD_0048dbe4::caseD_1",Label
0048dcc1,0048dcc1,label,"switchD_0048dbe4::default",Label
0048dccb,0048dccb,label,"switchD_0048dbe4::caseD_2",Label
0048dd44,0048dd44,label,"switchD_0048dbe4::caseD_3",Label
0048ddae,0048ddae,label,"switchD_0048dbe4::caseD_4",Label
0048de6e,0048de6e,label,"switchD_0048dbe4::caseD_5",Label
0048df46,0048df48,gap,"GAP_0048df46",align
0048df48,0048df60,jumptable,"switchD_0048dbe4::switchdataD_0048df48",ptr
0048df60,0048e030,func,"OnNetProtocolVersionPacket",
0048e030,0048e1d0,func,"FUN_0048e030",
0048e1d0,0048e3b0,func,"FUN_0048e1d0",
0048e3b0,0048e770,func,"FUN_0048e3b0",
0048e770,0048e860,func,"CClientShell::ProcessPackets",
0048e860,0048e8d0,func,"FUN_0048e860",
0048e8d0,0048e900,func,"CSection_Lightmap::operator=",
0048e900,0048e980,func,"FUN_0048e900",
0048e980,0048e9a0,func,"CClientShell::GetClientObject",
0048e9a0,0048e9c0,func,"CServerSerializeHelper::CServerSerializeHelper",
0048e9c0,0048ea70,func,"FUN_0048e9c0",
0048ea70,0048ead0,func,"FUN_0048ea70",
0048ead0,0048eb40,func,"FUN_0048ead0",
0048eb40,0048eb60,func,"FUN_0048eb40",
0048eb60,0048eb80,func,"FUN_0048eb60",
0048eb80,0048eb90,func,"CServerLoaderThread::Init",
0048eb90,0048ec10,func,"FUN_0048eb90",
0048ec10,0048ed10,func,"FUN_0048ec10",
0048ed10,0048ed20,func,"FUN_0048ed10",
0048ed20,0048edb0,func,"FUN_0048ed20",
0048edb0,0048edd0,func,"FUN_0048edb0",
0048edd0,0048ee00,func,"FUN_0048edd0",
0048ee00,0048ee20,func,"FUN_0048ee00",
0048ee20,0048f000,func,"FUN_0048ee20",
0048f000,0048f030,func,"FUN_0048f000",
0048f030,0048f0d0,func,"SMoveAbstract::CheckMaxPos",
0048f0d0,0048f110,func,"FUN_0048f0d0",
0048f110,0048f130,func,"FUN_0048f110",
0048f130,0048f200,func,"FUN_0048f130",
0048f200,0048f250,func,"FUN_0048f200",
0048f250,0048f2b0,func,"FUN_0048f250",
0048f2b0,0048f2d0,func,"FUN_0048f2b0",
0048f2d0,0048f2e0,func,"FUN_0048f2d0",
0048f2e0,0048f330,func,"CSoundBuffer::Init",
0048f330,0048f3f0,func,"CSoundBuffer::InitFromCompressed",
0048f3f0,0048f4e0,func,"CSoundBuffer::Term",
0048f4e0,0048f9c0,func,"CSoundBuffer::LoadData",
0048f9c0,0048faf0,func,"CSoundBuffer::LoadDataFromDecompressed",
0048faf0,0048fb90,func,"CSoundData::Init",
0048fb90,0048fc50,func,"CSoundBuffer::Unload",
0048fc50,0048fc80,func,"CSoundBuffer::Reload",
0048fc80,0048fd10,func,"CSoundBuffer::AddInstance",
0048fd10,0048fd90,func,"FUN_0048fd10",
0048fd90,0048fdd0,func,"FUN_0048fd90",
0048fdd0,0048fe70,func,"CSoundBuffer::CanPlay",
0048fe70,0048fea0,func,"FUN_0048fe70",
0048fea0,0048ff30,func,"FUN_0048fea0",
0048ff30,0048ff40,func,"FUN_0048ff30",
0048ff40,0048ffd0,func,"FUN_0048ff40",
0048ffd0,0048fff0,func,"FUN_0048ffd0",
0048fff0,00490000,func,"FUN_0048fff0",
00490000,00490020,func,"FUN_00490000",
00490020,00490040,func,"FUN_00490020",
00490040,00490050,func,"FUN_00490040",
00490050,00490240,func,"CSoundInstance::Init",
00490240,00490310,func,"CSoundInstance::Term",
00490310,00490340,func,"CSoundInstance::DisconnectFromServer",
00490340,00490360,func,"FUN_00490340",
00490360,00490470,func,"FUN_00490360",
00490470,004904a0,func,"CSoundInstance::Pause",
004904a0,004904e0,func,"CSoundInstance::Resume",
004904e0,00490680,func,"CSoundInstance::UpdateTimer",
00490680,00490800,func,"CSoundInstance::AcquireSample",
00490800,00490a40,func,"FUN_00490800",
00490a40,00490c20,func,"FUN_00490a40",
00490c20,00490fc0,func,"FUN_00490c20",
00490fc0,00491060,func,"CSoundInstance::EndLoop",
00491060,00491090,func,"FUN_00491060",
00491090,004910c0,func,"FUN_00491090",
004910c0,004910f0,func,"CSoundInstance::Reload",
004910f0,004911c0,func,"FUN_004910f0",
004911c0,00491280,func,"FUN_004911c0",
00491280,00491350,func,"FUN_00491280",
00491350,00491450,func,"FUN_00491350",
00491450,004914a0,func,"CLocalSoundInstance::Init",
004914a0,004914f0,func,"CLocalSoundInstance::Get3DSamplePosition",
004914f0,00491790,func,"CLocalSoundInstance::UpdateOutput",
00491790,004917c0,func,"FUN_00491790",
004917c0,00491810,func,"FUN_004917c0",
00491810,004918b0,func,"FUN_00491810",
004918b0,004919c0,func,"CSoundInstance::PreUpdatePositionalSound",
004919c0,00491d40,func,"FUN_004919c0",
00491d40,00491da0,func,"FUN_00491d40",
00491da0,00491e00,func,"C3DSoundInstance::SetPosition",
00491e00,00491e50,func,"FUN_00491e00",
00491e50,00491ec0,func,"C3DSoundInstance::Get3DSamplePosition",
00491ec0,004924e0,func,"FUN_00491ec0",
004924e0,00492510,func,"FUN_004924e0",
00492510,00492540,func,"FUN_00492510",
00492540,00492570,func,"FUN_00492540",
00492570,00492840,func,"CSoundMgr::CSoundMgr",
00492840,00492910,func,"FUN_00492840",
00492910,00492940,func,"FUN_00492910",
00492940,00492fb0,func,"CSoundMgr::Init",
00492fb0,00493140,func,"CSoundMgr::Term",
00493140,00493170,func,"ic_FreeFileList",
00493170,004933a0,func,"FUN_00493170",
004933a0,00493470,func,"CSoundMgr::Set3DProvider",
00493470,004935b0,func,"CSoundMgr::Create3DSamples",
004935b0,00493670,func,"CSoundMgr::Remove3DSamples",
00493670,004937b0,func,"CSoundMgr::CreateSWSamples",
004937b0,00493870,func,"CSoundMgr::RemoveSWSamples",
00493870,00493950,func,"CSoundMgr::CreateBuffer",
00493950,00493a00,func,"CSoundMgr::RemoveBuffer",
00493a00,00493ab0,func,"CSoundMgr::RemoveInstance",
00493ab0,00493af0,func,"CSoundMgr::StopAllSounds",
00493af0,00493b50,func,"CSoundMgr::FindSoundInstance",
00493b50,004942f0,func,"CSoundMgr::Update",
004942f0,004943d0,func,"FUN_004942f0",
004943d0,00494440,func,"ILTClientSoundMgr::SetVolume",
00494440,004944b0,func,"ILTClientSoundMgr::GetVolume",
004944b0,004944e0,func,"ILTClientSoundMgr::SetVolumeByType",
004944e0,00494500,func,"ILTClientSoundMgr::GetVolumeByType",
00494500,00494710,func,"CSoundMgr::PlaySoundA",
00494710,00494750,func,"FUN_00494710",
00494750,00494780,func,"FUN_00494750",
00494780,004947c0,func,"FUN_00494780",
004947c0,004947f0,func,"FUN_004947c0",
004947f0,00494830,func,"FUN_004947f0",
00494830,00494880,func,"CSoundMgr::GetFreeSWSample",
00494880,004949c0,func,"CSoundMgr::GetFree3DSample",
004949c0,00494a10,func,"FUN_004949c0",
00494a10,00494a60,func,"FUN_00494a10",
00494a60,00494aa0,func,"CSoundMgr::UntagAllSoundBuffers",
00494aa0,00494b30,func,"FUN_00494aa0",
00494b30,00494c70,func,"CSoundMgr::SetListener",
00494c70,00494cf0,func,"FUN_00494c70",
00494cf0,00494d70,func,"CSoundMgr::ReacquireDigitalHandle",
00494d70,00494db0,func,"ILTClientSoundMgr::PauseSounds",
00494db0,00494df0,func,"ILTClientSoundMgr::ResumeSounds",
00494df0,00495010,func,"CSoundMgr::SetReverbProperties",
00495010,004950d0,func,"CSoundMgr::GetReverbProperties",
004950d0,004951d0,func,"ILTSoundMgr::PlaySound",
004951d0,004952f0,func,"CSoundMgr::GetSoundDuration",
004952f0,00495330,func,"ILTSoundMgr::IsSoundDone",
00495330,00495360,func,"ILTSoundMgr::KillSound",
00495360,00495390,func,"ILTSoundMgr::KillSoundLoop",
00495390,004953c0,func,"ILTSoundMgr::KillSoundFade",
004953c0,00495450,func,"ILTClientSoundMgr::GetSound3DProviderLists",
00495450,00495480,func,"ILTClientSoundMgr::ReleaseSound3DProviderList",
00495480,004954d0,func,"CSoundMgr::InitSound",
004954d0,00495570,func,"CSoundMgr::SetSoundOcclusion",
00495570,00495610,func,"CSoundMgr::GetSoundOcclusion",
00495610,004956b0,func,"CSoundMgr::SetSoundObstruction",
004956b0,00495750,func,"CSoundMgr::GetSoundObstruction",
00495750,004957f0,func,"CSoundMgr::GetSoundPosition",
004957f0,00495890,func,"CSoundMgr::SetSoundPosition",
00495890,00495910,func,"ILTClientSoundMgr::SetListener",
00495910,00495950,func,"ILTClientSoundMgr::ReleaseSoundHandle",
00495950,00495a50,func,"CSoundMgr::SetSoundFilter",
00495a50,00495ba0,func,"CSoundMgr::SetSoundFilterParam",
00495ba0,00495ce0,func,"CSoundMgr::GetSoundFilterParam",
00495ce0,00495dd0,func,"CSoundMgr::GetFilterName",
00495dd0,00495ed0,func,"CSoundMgr::GetFilterIndex",
00495ed0,00496060,func,"CSoundMgr::GetFilterParamName",
00496060,004961c0,func,"CSoundMgr::GetFilterParamIndex",
004961c0,004961e0,func,"FUN_004961c0",
004961e0,00496220,func,"ObjectBank<CTextureStringImage,NullCS>::AllocVoid",
00496220,00496260,func,"ObjectBank<CLTMessage_Read_Server,NullCS>::Allocate",
00496260,004962a0,func,"FUN_00496260",
004962a0,004962e0,func,"FUN_004962a0",
004962e0,00496300,func,"FUN_004962e0",
00496300,00496320,func,"FUN_00496300",
00496320,00496340,func,"FUN_00496320",
00496340,00496380,func,"FUN_00496340",
00496380,004963c0,func,"FUN_00496380",
004963c0,004963e0,func,"FUN_004963c0",
004963e0,00496420,func,"FUN_004963e0",
00496420,00496460,func,"FUN_00496420",
00496460,00496680,func,"CSoundTrack::Init",
00496680,004967e0,func,"CSoundTrack::Update",
004967e0,004969e0,func,"spr_Create",
004969e0,00496a40,func,"spr_Destroy",
00496a40,00496a80,func,"spr_InitTracker",
00496a80,00496b00,func,"spr_UpdateTracker",
00496b00,00496b20,func,"ILTSpriteControl::GetNumAnims",
00496b20,00496b90,func,"SpriteControl::GetNumFrames",
00496b90,00496be0,func,"ILTSpriteControl::GetCurPos",
00496be0,00496c90,func,"SpriteControl::SetCurPos",
00496c90,00496cb0,func,"ILTSpriteControl::GetFlags",
00496cb0,00496cd0,func,"ILTSpriteControl::SetFlags",
00496cd0,00496d20,func,"FUN_00496cd0",
00496d20,00496d80,func,"FUN_00496d20",
00496d80,00496dd0,func,"SSFile::Write",
00496dd0,00496de0,func,"FUN_00496dd0",
00496de0,00496e10,func,"SSFile::SeekTo",
00496e10,00496e50,func,"SSFile::GetPos",
00496e50,00496eb0,func,"SSFile::GetLen",
00496eb0,00496ef0,func,"FUN_00496eb0",
00496ef0,00496f60,func,"FUN_00496ef0",
00496f60,00496fd0,func,"FUN_00496f60",
00496fd0,004970d0,func,"FUN_00496fd0",
004970d0,004970e0,func,"FUN_004970d0",
004970e0,00497100,func,"FUN_004970e0",
00497100,00497110,func,"FUN_00497100",
00497110,00497170,func,"FUN_00497110",
00497170,004972a0,func,"FUN_00497170",
004972a0,004972d0,func,"FUN_004972a0",
004972d0,00497340,func,"FUN_004972d0",
00497340,00497390,func,"SSBufStream::Write",
00497390,004973a0,func,"FUN_00497390",
004973a0,004973c0,func,"FUN_004973a0",
004973c0,004973d0,func,"FUN_004973c0",
004973d0,004973f0,func,"FUN_004973d0",
004973f0,00497440,func,"FUN_004973f0",
00497440,00497480,func,"FUN_00497440",
00497480,00497540,func,"str_FormatString",
00497540,00497550,func,"FUN_00497540",
00497550,004975e0,func,"FUN_00497550",
004975e0,00497660,func,"FUN_004975e0",
00497660,00497670,func,"FUN_00497660",
00497670,004976b0,func,"FUN_00497670",
004976b0,004976e0,func,"FUN_004976b0",
004976e0,00497710,func,"FUN_004976e0",
00497710,00497720,func,"FUN_00497710",
00497720,00497740,func,"FUN_00497720",
00497740,00497770,func,"FUN_00497740",
00497770,00497890,func,"FUN_00497770",
00497890,00497900,func,"FUN_00497890",
00497900,004979b0,func,"FUN_00497900",
004979b0,004979c0,func,"FUN_004979b0",
004979c0,004979d0,func,"FUN_004979c0",
004979d0,004979f0,func,"FUN_004979d0",
004979f0,00497a50,func,"FUN_004979f0",
00497a50,00497ae0,func,"CUDPDriver::Init",
00497ae0,00497ba0,func,"FUN_00497ae0",
00497ba0,00497be0,func,"FUN_00497ba0",
00497be0,00497c10,func,"FUN_00497be0",
00497c10,00497c50,func,"FUN_00497c10",
00497c50,00497ca0,func,"CUDPDriver::FindConnByAddr",
00497ca0,00497d20,func,"CUDPDriver::GetServiceList",
00497d20,00498090,func,"CUDPDriver::StartQuery",
00498090,00498100,func,"CUDPQuery::Copy",
00498100,00498150,func,"tcp_SetupLocalSockaddr",
00498150,00498220,func,"tcp_BindToPort",
00498220,00498240,func,"tcp_GetLastError",
00498240,004986d0,func,"FUN_00498240",
004986d0,00498710,func,"FUN_004986d0",
00498710,004988a0,func,"CUDPDriver::GetQueryResults",
004988a0,004988c0,func,"FUN_004988a0",
004988c0,00498930,func,"FUN_004988c0",
00498930,004989b0,func,"CUDPDriver::GetSessionList",
004989b0,004989e0,func,"FUN_004989b0",
004989e0,00498a70,func,"FUN_004989e0",
00498a70,00498b60,func,"CUDPDriver::Disconnect",
00498b60,00498c90,func,"CUDPDriver::HostSession",
00498c90,00498cb0,func,"FUN_00498c90",
00498cb0,00499230,func,"FUN_00498cb0",
00499230,00499280,func,"FUN_00499230",
00499280,00499380,func,"FUN_00499280",
00499380,004993d0,func,"FUN_00499380",
004993d0,004995f0,func,"CUDPDriver::GetLocalIpAddress",
004995f0,00499d20,func,"CUDPDriver::JoinSession",
00499d20,00499d90,func,"CUDPDriver::ConnectTCP",
00499d90,00499e10,func,"FUN_00499d90",
00499e10,00499e30,func,"FUN_00499e10",
00499e30,00499ea0,func,"FUN_00499e30",
00499ea0,00499f10,func,"FUN_00499ea0",
00499f10,0049a0e0,func,"FUN_00499f10",
0049a0e0,0049a2b0,func,"CMoArray<CUDPQuery,DefaultCache>::Remove2",
0049a2b0,0049a310,func,"FUN_0049a2b0",
0049a310,0049a4a0,func,"FUN_0049a310",
0049a4a0,0049a640,func,"FUN_0049a4a0",
0049a640,0049a670,func,"FUN_0049a640",
0049a670,0049a780,func,"FUN_0049a670",
0049a780,0049a960,func,"FUN_0049a780",
0049a960,0049a9a0,func,"FUN_0049a960",
0049a9a0,0049a9c0,func,"FUN_0049a9a0",
0049a9c0,0049ac10,func,"CMoArray<CUDPQuery,DefaultCache>::Insert2",
0049ac10,0049ac70,func,"FUN_0049ac10",
0049ac70,0049acb0,func,"FUN_0049ac70",
0049acb0,0049ad00,func,"BaseDelete<CUDPQuery>",
0049ad00,0049ad70,func,"FUN_0049ad00",
0049ad70,0049ada0,func,"FUN_0049ad70",
0049ada0,0049adc0,func,"FUN_0049ada0",
0049adc0,0049b0c0,func,"LTTexMod::GetTextureHandle",
0049b0c0,0049b150,func,"LTTexMod::ReleaseTextureHandle",
0049b150,0049b180,func,"FUN_0049b150",
0049b180,0049b1e0,func,"LTTexMod::WasTextureDrawnLastFrame",
0049b1e0,0049b260,func,"LTTexMod::GetTextureInfo",
0049b260,0049b400,func,"LTTexMod::LockTexture",
0049b400,0049b460,func,"LTTexMod::UnlockTexture",
0049b460,0049b470,func,"FUN_0049b460",
0049b470,0049b490,func,"FUN_0049b470",
0049b490,0049b4a0,func,"FUN_0049b490",
0049b4a0,0049b4c0,func,"FUN_0049b4a0",
0049b4c0,0049b5a0,func,"FUN_0049b4c0",
0049b5a0,0049b650,func,"tmgr_CreateFont",
0049b650,0049b670,func,"FUN_0049b650",
0049b670,0049b6d0,func,"tmgr_DeleteFont",
0049b6d0,0049b720,func,"tmgr_SetFontExtraSpace",
0049b720,0049b770,func,"tmgr_GetFontExtraSpace",
0049b770,0049b800,func,"tmgr_GetStringDimensions",
0049b800,0049b8a0,func,"tmgr_DrawStringToSurface",
0049b8a0,0049b9f0,func,"tmgr_InternalDrawStringToSurface",
0049b9f0,0049bae0,func,"tmgr_SizeTextSurface",
0049bae0,0049bf90,func,"FUN_0049bae0",
0049bf90,0049c060,func,"tmgr_CreateSurfaceFromString",
0049c060,0049c0d0,func,"tmgr_Term",
0049c0d0,0049c110,func,"FUN_0049c0d0",
0049c110,0049c120,func,"thunk_FUN_0049c120",
0049c120,0049c130,func,"FUN_0049c120",
0049c130,0049c160,func,"time_GetTime",
0049c160,0049c1a0,func,"CLTTransform::Get",
0049c1a0,0049c1e0,func,"CLTTransform::Set",
0049c1e0,0049c200,func,"FUN_0049c1e0",
0049c200,0049c230,func,"FUN_0049c200",
0049c230,0049c280,func,"FUN_0049c230",
0049c280,0049c2b0,func,"FUN_0049c280",
0049c2b0,0049c320,func,"FUN_0049c2b0",
0049c320,0049c3f0,func,"FUN_0049c320",
0049c3f0,0049c590,func,"FUN_0049c3f0",
0049c590,0049c5f0,func,"TransformMaker::IsValid",
0049c5f0,0049c630,func,"FUN_0049c5f0",
0049c630,0049c770,func,"TransformMaker::SetupCall",
0049c770,0049c920,func,"FUN_0049c770",
0049c920,0049cac0,func,"FUN_0049c920",
0049cac0,0049cd00,func,"FUN_0049cac0",
0049cd00,0049cf50,func,"TransformMaker::Recurse",
0049cf50,0049cfb0,func,"LTVersionInfo::GetString",
0049cfb0,0049d030,func,"GetLTExeVersion",
0049d030,0049d060,func,"FUN_0049d030",
0049d060,0049d090,func,"FUN_0049d060",
0049d090,0049d0c0,func,"FUN_0049d090",
0049d0c0,0049d0e0,func,"FUN_0049d0c0",
0049d0e0,0049d120,func,"FUN_0049d0e0",
0049d120,0049d150,func,"FUN_0049d120",
0049d150,0049d1b0,func,"VideoMgr::UpdateVideos",
0049d1b0,0049d1e0,func,"FUN_0049d1b0",
0049d1e0,0049d210,func,"FUN_0049d1e0",
0049d210,0049d310,func,"FUN_0049d210",
0049d310,0049d350,func,"FUN_0049d310",
0049d350,0049d380,func,"FUN_0049d350",
0049d380,0049d4f0,func,"SmackVideoMgr::Init",
0049d4f0,0049d600,func,"FUN_0049d4f0",
0049d600,0049d620,func,"FUN_0049d600",
0049d620,0049d640,func,"FUN_0049d620",
0049d640,0049d690,func,"FUN_0049d640",
0049d690,0049d6b0,func,"FUN_0049d690",
0049d6b0,0049d6e0,func,"FUN_0049d6b0",
0049d6e0,0049d780,func,"FUN_0049d6e0",
0049d780,0049d810,func,"SmackVideoInst::Init",
0049d810,0049da70,func,"SmackVideoInst::InitScreen",
0049da70,0049db90,func,"SmackVideoInst::InitTexture",
0049db90,0049dbc0,func,"FUN_0049db90",
0049dbc0,0049dc10,func,"FUN_0049dbc0",
0049dc10,0049dc90,func,"FUN_0049dc10",
0049dc90,0049dcd0,func,"FUN_0049dc90",
0049dcd0,0049dcf0,func,"FUN_0049dcd0",
0049dcf0,0049dd10,func,"SmackVideoInst::DrawVideo",
0049dd10,0049dd30,func,"FUN_0049dd10",
0049dd30,0049ddf0,func,"SmackVideoInst::BindToSurface",
0049ddf0,0049de60,func,"SmackVideoInst::Release",
0049de60,0049de90,func,"FUN_0049de60",
0049de90,0049e270,func,"SmackVideoInst::UpdateOnScreen",
0049e270,0049e330,func,"SmackVideoInst::UpdateTextureVideo",
0049e330,0049e6b0,func,"FUN_0049e330",
0049e6b0,0049e700,func,"FUN_0049e6b0",
0049e700,0049e730,func,"FUN_0049e700",
0049e730,0049e800,func,"FUN_0049e730",
0049e800,0049e8d0,func,"FUN_0049e800",
0049e8d0,0049ec40,func,"FUN_0049e8d0",
0049ec40,0049ed10,func,"SoundSys",
0049ed10,0049efd0,func,"ReadChunk",
0049efd0,0049f180,func,"FUN_0049efd0",
0049f180,0049f1c0,func,"FUN_0049f180",
0049f1c0,0049f1d0,func,"FUN_0049f1c0",
0049f1d0,0049f220,func,"WorldTreeObj::RemoveFromWorldTree",
0049f220,0049f230,func,"FUN_0049f220",
0049f230,0049f240,func,"WorldTreeNode::~WorldTreeNode",
0049f240,0049f290,func,"WorldTreeNode::Clear",
0049f290,0049f2d0,func,"WorldTreeNode::GetBBox",
0049f2d0,0049f3c0,func,"FUN_0049f2d0",
0049f3c0,0049f400,func,"WorldTreeNode::Term",
0049f400,0049f440,func,"FUN_0049f400",
0049f440,0049f4e0,func,"WorldTreeNode::LoadLayout",
0049f4e0,0049f730,func,"FUN_0049f4e0",
0049f730,0049f770,func,"FUN_0049f730",
0049f770,0049f7a0,func,"FUN_0049f770",
0049f7a0,0049f7b0,func,"FUN_0049f7a0",
0049f7b0,0049f7c0,func,"FUN_0049f7b0",
0049f7c0,0049f7e0,func,"WorldTree::InitWorldTree",
0049f7e0,0049f810,func,"FUN_0049f7e0",
0049f810,0049f870,func,"FUN_0049f810",
0049f870,0049f8b0,func,"WorldTree::InsertObject",
0049f8b0,0049f970,func,"WorldTree::InsertObject2",
0049f970,0049fa80,func,"FUN_0049f970",
0049fa80,0049fb00,func,"FUN_0049fa80",
0049fb00,0049fb30,func,"WorldTree::FindObjectsInBox2",
0049fb30,0049fca0,func,"FindObjectsInBox_R",
0049fca0,0049fcc0,func,"FUN_0049fca0",
0049fcc0,0049fd40,func,"FUN_0049fcc0",
0049fd40,0049fe50,func,"FUN_0049fd40",
0049fe50,004a0150,func,"FUN_0049fe50",
004a0150,004a01e0,func,"FUN_004a0150",
004a01e0,004a02b0,func,"FUN_004a01e0",
004a02b0,004a02c0,func,"FUN_004a02b0",
004a02c0,004a0300,func,"FUN_004a02c0",
004a0300,004a0370,func,"FUN_004a0300",
004a0370,004a0470,func,"FUN_004a0370",
004a0470,004a04d0,func,"FUN_004a0470",
004a04d0,004a0500,func,"FUN_004a04d0",
004a0500,004a05d0,func,"WONAPI::AuthBase::AuthBase",
004a05d0,004a05e0,func,"FUN_004a05d0",
004a05e0,004a0600,func,"FUN_004a05e0",
004a0600,004a0620,func,"FID_conflict:`scalar_deleting_destructor'",
004a0620,004a0690,func,"WONAPI::AuthBase::~AuthBase",
004a0690,004a0700,func,"FUN_004a0690",noncontig
004a0700,004a0720,func,"Catch@004a0700",
004a0720,004a0790,func,"WONAPI::AuthBase::Verify",
004a0790,004a07c0,func,"WONAPI::AuthBase::IsExpired",
004a07c0,004a07f0,func,"WONAPI::AuthBase::UnpackHook",
004a07f0,004a0910,func,"WONAPI::AuthCertificate::~AuthCertificate",
004a0910,004a0920,func,"FUN_004a0910",
004a0920,004a0940,func,"WONAPI::AuthCertificateBase::`scalar_deleting_destructor'",
004a0940,004a0a50,func,"WONAPI::AuthCertificateBase::~AuthCertificateBase",
004a0a50,004a0b30,func,"WONAPI::Random::~Random",
004a0b30,004a0bc0,func,"FID_conflict:~_String_base<unsigned_char,class__STL::allocator<unsigned_char>_>",
004a0bc0,004a0c30,func,"WONAPI::AuthCertificate::UnpackHook",
004a0c30,004a0c70,func,"WONAPI::AuthCertificate::VerifyPermissions",
004a0c70,004a0e70,func,"WONAPI::Auth2Certificate::~Auth2Certificate",
004a0e70,004a0e90,func,"WONAPI::Auth2Certificate::`scalar_deleting_destructor'",
004a0e90,004a0f40,func,"FID_conflict:~_Rb_tree<unsigned_long,struct__STL::pair<unsigned_long_const_,struct_WONAPI::BiMap<unsigned_long,class_WONAPI::SmartPtr<class_WONAPI::AsyncOp>,struct__STL::less<unsigned_long>,struct_WONAPI::ConstSmartPtr<class_WONAPI::AsyncOp>::Comp>::KeyMapValue*>,struct__STL::_Select1st<struct__STL::pair<unsigned_long_const_,struct_WONAPI::BiMap<unsigned_long,class_WONAPI::SmartPtr<class_WONAPI::AsyncOp>,struct__STL::less<unsigned_long>,struct_WONAPI::ConstSmartPtr<class_WONAPI::AsyncOp>::Comp>::KeyMapValue*>_>,struct__STL::less<unsigned_long>,class__STL::allocator<struct__STL::pair<unsigned_long_const_,struct_WONAPI::BiMap<unsigned_long,class_WONAPI::SmartPtr<class_WONAPI::AsyncOp>,struct__STL::less<unsigned_long>,struct_WONAPI::ConstSmartPtr<class_WONAPI::AsyncOp>::Comp>::KeyMapValue*>_>_>",
004a0f40,004a0ff0,func,"FID_conflict:~map<class__STL::basic_string<unsigned_short,class__STL::char_traits<unsigned_short>,class__STL::allocator<unsigned_short>_>,class_WONAPI::AuthLoginCommunityData,struct__STL::less<class__STL::basic_string<unsigned_short,class__STL::char_traits<unsigned_short>,class__STL::allocator<unsigned_short>_>_>,class__STL::allocator<struct__STL::pair<class__STL::basic_string<unsigned_short,class__STL::char_traits<unsigned_short>,class__STL::allocator<unsigned_short>_>_const_,class_WONAPI::AuthLoginCommunityData>_>_>",
004a0ff0,004a10a0,func,"FID_conflict:~map<class__STL::basic_string<unsigned_short,class__STL::char_traits<unsigned_short>,class__STL::allocator<unsigned_short>_>,class_WONAPI::AuthLoginCommunityData,struct__STL::less<class__STL::basic_string<unsigned_short,class__STL::char_traits<unsigned_short>,class__STL::allocator<unsigned_short>_>_>,class__STL::allocator<struct__STL::pair<class__STL::basic_string<unsigned_short,class__STL::char_traits<unsigned_short>,class__STL::allocator<unsigned_short>_>_const_,class_WONAPI::AuthLoginCommunityData>_>_>",
004a10a0,004a1530,func,"WONAPI::Auth2Certificate::UnpackHook",
004a1127,004a1127,label,"switchD_004a1127::switchD",Label
004a112e,004a112e,label,"switchD_004a1127::caseD_0",Label
004a121f,004a121f,label,"switchD_004a1127::default",Label
004a1269,004a1269,label,"switchD_004a1127::caseD_1",Label
004a1383,004a1383,label,"switchD_004a1127::caseD_2",Label
004a14ec,004a14ec,label,"switchD_004a1127::caseD_3",Label
004a1518,004a1528,jumptable,"switchD_004a1127::switchdataD_004a1518",ptr
004a1530,004a15e0,func,"WONAPI::Auth2Certificate::VerifyPermissions",
004a15e0,004a16c0,func,"_STL::__stl_throw_length_error",
004a16c0,004a16f0,func,"_STL::uninitialized_copy",
004a16f0,004a1700,func,"FUN_004a16f0",
004a1700,004a1710,func,"exception::~exception",
004a1710,004a1730,func,"FUN_004a1710",
004a1730,004a1760,func,"FUN_004a1730",
004a1760,004a1790,func,"FUN_004a1760",
004a1790,004a17c0,func,"FUN_004a1790",
004a17c0,004a17d0,func,"FUN_004a17c0",
004a17d0,004a17f0,func,"FUN_004a17d0",
004a17f0,004a1800,func,"FUN_004a17f0",
004a1800,004a1820,func,"FUN_004a1800",
004a1820,004a1920,func,"WONAPI::ElGamal::~ElGamal",
004a1920,004a1970,func,"WONAPI::AuthContext::GetPeerData",
004a1970,004a1990,func,"WONAPI::AuthCertificate::`scalar_deleting_destructor'",
004a1990,004a1a40,func,"FID_conflict:~_Rb_tree<unsigned_long,struct__STL::pair<unsigned_long_const_,struct_WONAPI::BiMap<unsigned_long,class_WONAPI::SmartPtr<class_WONAPI::AsyncOp>,struct__STL::less<unsigned_long>,struct_WONAPI::ConstSmartPtr<class_WONAPI::AsyncOp>::Comp>::KeyMapValue*>,struct__STL::_Select1st<struct__STL::pair<unsigned_long_const_,struct_WONAPI::BiMap<unsigned_long,class_WONAPI::SmartPtr<class_WONAPI::AsyncOp>,struct__STL::less<unsigned_long>,struct_WONAPI::ConstSmartPtr<class_WONAPI::AsyncOp>::Comp>::KeyMapValue*>_>,struct__STL::less<unsigned_long>,class__STL::allocator<struct__STL::pair<unsigned_long_const_,struct_WONAPI::BiMap<unsigned_long,class_WONAPI::SmartPtr<class_WONAPI::AsyncOp>,struct__STL::less<unsigned_long>,struct_WONAPI::ConstSmartPtr<class_WONAPI::AsyncOp>::Comp>::KeyMapValue*>_>_>",
004a1a40,004a1a50,func,"WONAPI::AuthPeerData::Verify",
004a1a50,004a1aa0,func,"WONAPI::AuthPubKeyBlock::Verify",
004a1aa0,004a1d70,func,"WONAPI::AuthSession::AuthSession",
004a1d70,004a1d90,func,"WONAPI::AuthSession::`scalar_deleting_destructor'",
004a1d90,004a1e20,func,"WONAPI::AuthSession::~AuthSession",
004a1e20,004a1e30,func,"thunk_FUN_004a1e30",
004a1e30,004a1e50,func,"FUN_004a1e30",
004a1e50,004a1eb0,func,"WONAPI::AuthCertificateBase::AuthCertificateBase",
004a1eb0,004a1f30,func,"WONAPI::PeerAuthClient::PeerAuthClient",
004a1f30,004a1f40,func,"FUN_004a1f30",
004a1f40,004a2220,func,"WONAPI::PeerAuthClient::HandleChallenge1",
004a2220,004a2440,func,"WONAPI::PeerAuthClient::GetChallenge2",
004a2440,004a26b0,func,"WONAPI::PeerAuthClient::HandleComplete",
004a26b0,004a2910,func,"WONAPI::Blowfish::Blowfish",
004a2910,004a2aa0,func,"WONAPI::PeerAuthClient::Start",
004a2aa0,004a2bb5,func,"WONAPI::PeerAuthClient::HandleRecvMsg",noncontig
004a2bb5,004a2be0,func,"Catch@004a2bb5",
004a2be0,004a2c50,func,"WONAPI::PeerAuthServer::PeerAuthServer",
004a2c50,004a2cf0,func,"WONAPI::PeerAuthServer::Start",
004a2cf0,004a2f90,func,"WONAPI::PeerAuthServer::GetChallenge1",
004a2f90,004a2fd0,func,"WONAPI::AuthBase::GetRawBuf",
004a2fd0,004a3230,func,"WONAPI::PeerAuthServer::HandleRequest",
004a3230,004a3560,func,"WONAPI::PeerAuthServer::GetComplete",
004a3560,004a36f0,func,"WONAPI::PeerAuthServer::HandleChallenge2",
004a36f0,004a3838,func,"FUN_004a36f0",noncontig
004a3838,004a3880,func,"Catch@004a3838",
004a3880,004a38c0,func,"_STL::length_error::length_error",
004a38c0,004a3930,func,"_STL::basic_string<char,class__STL::char_traits<char>,class__STL::allocator<char>_>::operator=",
004a3930,004a39a0,func,"_STL::basic_string<unsigned_short,class__STL::char_traits<unsigned_short>,class__STL::allocator<unsigned_short>_>::basic_string<unsigned_short,class__STL::char_traits<unsigned_short>,class__STL::allocator<unsigned_short>_>",
004a39a0,004a3ac0,func,"_STL::basic_string<unsigned_short,class__STL::char_traits<unsigned_short>,class__STL::allocator<unsigned_short>_>::basic_string<unsigned_short,class__STL::char_traits<unsigned_short>,class__STL::allocator<unsigned_short>_>",
004a3ac0,004a3b50,func,"FID_conflict:~_String_base<unsigned_short,class__STL::allocator<unsigned_short>_>",
004a3b50,004a3bf0,func,"map<>",
004a3bf0,004a3c90,func,"map<>",
004a3c90,004a3d30,func,"map<>",
004a3d30,004a3dd0,func,"map<>",
004a3dd0,004a3e40,func,"_STL::map<unsigned_long,unsigned_long,struct__STL::less<unsigned_long>,class__STL::allocator<struct__STL::pair<unsigned_long_const_,unsigned_long>_>_>::operator[]",
004a3e40,004a3e70,func,"WONAPI::ConstSmartPtr<class_WONAPI::ByteBuffer>::~ConstSmartPtr<class_WONAPI::ByteBuffer>",
004a3e70,004a3f60,func,"_STL::pair<class__STL::basic_string<unsigned_short,class__STL::char_traits<unsigned_short>,class__STL::allocator<unsigned_short>_>_const_,class__STL::basic_string<unsigned_short,class__STL::char_traits<unsigned_short>,class__STL::allocator<unsigned_short>_>_>::~pair<class__STL::basic_string<unsigned_short,class__STL::char_traits<unsigned_short>,class__STL::allocator<unsigned_short>_>_const_,class__STL::basic_string<unsigned_short,class__STL::char_traits<unsigned_short>,class__STL::allocator<unsigned_short>_>_>",
004a3f60,004a3f90,func,"~pair<>",
004a3f90,004a4130,func,"_STL::_String_base<char,class__STL::allocator<char>_>::_String_base<char,class__STL::allocator<char>_>",
004a4130,004a4170,func,"_STL::__Named_exception::__Named_exception",
004a4170,004a41b0,func,"_STL::basic_string<unsigned_char,class__STL::char_traits<unsigned_char>,class__STL::allocator<unsigned_char>_>::erase",
004a41b0,004a4350,func,"_STL::_String_base<unsigned_char,class__STL::allocator<unsigned_char>_>::_String_base<unsigned_char,class__STL::allocator<unsigned_char>_>",
004a4350,004a4370,func,"_STL::basic_string<unsigned_char,class__STL::char_traits<unsigned_char>,class__STL::allocator<unsigned_char>_>::get_allocator",
004a4370,004a4510,func,"_STL::_String_base<unsigned_short,class__STL::allocator<unsigned_short>_>::_String_base<unsigned_short,class__STL::allocator<unsigned_short>_>",
004a4510,004a45a0,func,"FID_conflict:~_String_base<unsigned_short,class__STL::allocator<unsigned_short>_>",
004a45a0,004a45d0,func,"insert",
004a45d0,004a46b0,func,"_STL::_Rb_tree<unsigned_long,struct__STL::pair<unsigned_long_const_,unsigned_short>,struct__STL::_Select1st<struct__STL::pair<unsigned_long_const_,unsigned_short>_>,struct__STL::less<unsigned_long>,class__STL::allocator<struct__STL::pair<unsigned_long_const_,unsigned_short>_>_>::_Rb_tree<unsigned_long,struct__STL::pair<unsigned_long_const_,unsigned_short>,struct__STL::_Select1st<struct__STL::pair<unsigned_long_const_,unsigned_short>_>,struct__STL::less<unsigned_long>,class__STL::allocator<struct__STL::pair<unsigned_long_const_,unsigned_short>_>_>",
004a46b0,004a4710,func,"~_Rb_tree_base<>",
004a4710,004a4720,func,"_Rb_tree_iterator<>",
004a4720,004a4750,func,"_STL::map<class__STL::basic_string<unsigned_short,class__STL::char_traits<unsigned_short>,class__STL::allocator<unsigned_short>_>,class__STL::basic_string<unsigned_short,class__STL::char_traits<unsigned_short>,class__STL::allocator<unsigned_short>_>,struct__STL::less<class__STL::basic_string<unsigned_short,class__STL::char_traits<unsigned_short>,class__STL::allocator<unsigned_short>_>_>,class__STL::allocator<struct__STL::pair<class__STL::basic_string<unsigned_short,class__STL::char_traits<unsigned_short>,class__STL::allocator<unsigned_short>_>_const_,class__STL::basic_string<unsigned_short,class__STL::char_traits<unsigned_short>,class__STL::allocator<unsigned_short>_>_>_>_>::insert",
004a4750,004a47e0,func,"_STL::map<class__STL::basic_string<unsigned_short,class__STL::char_traits<unsigned_short>,class__STL::allocator<unsigned_short>_>,class__STL::basic_string<unsigned_short,class__STL::char_traits<unsigned_short>,class__STL::allocator<unsigned_short>_>,struct__STL::less<class__STL::basic_string<unsigned_short,class__STL::char_traits<unsigned_short>,class__STL::allocator<unsigned_short>_>_>,class__STL::allocator<struct__STL::pair<class__STL::basic_string<unsigned_short,class__STL::char_traits<unsigned_short>,class__STL::allocator<unsigned_short>_>_const_,class__STL::basic_string<unsigned_short,class__STL::char_traits<unsigned_short>,class__STL::allocator<unsigned_short>_>_>_>_>::lower_bound",
004a47e0,004a4840,func,"~_Rb_tree_base<>",
004a4840,004a4870,func,"insert",
004a4870,004a48d0,func,"~_Rb_tree_base<>",
004a48d0,004a4900,func,"_STL::map<unsigned_long,unsigned_long,struct__STL::less<unsigned_long>,class__STL::allocator<struct__STL::pair<unsigned_long_const_,unsigned_long>_>_>::insert",
004a4900,004a4960,func,"~_Rb_tree_base<>",
004a4960,004a4980,func,"_STL::pair<unsigned_long_const_,unsigned_short>::pair<unsigned_long_const_,unsigned_short>",
004a4980,004a4a90,func,"_STL::pair<class__STL::basic_string<unsigned_short,class__STL::char_traits<unsigned_short>,class__STL::allocator<unsigned_short>_>_const_,class__STL::basic_string<unsigned_short,class__STL::char_traits<unsigned_short>,class__STL::allocator<unsigned_short>_>_>::pair<class__STL::basic_string<unsigned_short,class__STL::char_traits<unsigned_short>,class__STL::allocator<unsigned_short>_>_const_,class__STL::basic_string<unsigned_short,class__STL::char_traits<unsigned_short>,class__STL::allocator<unsigned_short>_>_>",
004a4a90,004a4ad0,func,"_STL::pair<unsigned_long_const_,class_WONAPI::ConstSmartPtr<class_WONAPI::ByteBuffer>_>::pair<unsigned_long_const_,class_WONAPI::ConstSmartPtr<class_WONAPI::ByteBuffer>_>",
004a4ad0,004a4ae0,func,"CBaseHash::CHashBin::~CHashBin",
004a4ae0,004a4b20,func,"_STL::_String_base<unsigned_char,class__STL::allocator<unsigned_char>_>::_M_allocate_block",
004a4b20,004a4b40,func,"_STL::_String_base<unsigned_char,class__STL::allocator<unsigned_char>_>::_M_deallocate_block",
004a4b40,004a4b80,func,"_STL::_String_base<unsigned_short,class__STL::allocator<unsigned_short>_>::_M_allocate_block",
004a4b80,004a4ba0,func,"deallocate",
004a4ba0,004a4bc0,func,"deallocate",
004a4bc0,004a4be0,func,"_STL::allocator<unsigned_char>::deallocate",
004a4be0,004a4c00,func,"_STL::allocator<unsigned_short>::deallocate",
004a4c00,004a4d00,func,"_STL::basic_string<char,class__STL::char_traits<char>,class__STL::allocator<char>_>::basic_string<char,class__STL::char_traits<char>,class__STL::allocator<char>_>",
004a4d00,004a4d40,func,"_STL::logic_error::logic_error",
004a4d40,004a4d80,func,"M_erase",
004a4d80,004a5020,func,"_STL::_Rb_tree<unsigned_long,struct__STL::pair<unsigned_long_const_,unsigned_short>,struct__STL::_Select1st<struct__STL::pair<unsigned_long_const_,unsigned_short>_>,struct__STL::less<unsigned_long>,class__STL::allocator<struct__STL::pair<unsigned_long_const_,unsigned_short>_>_>::insert_unique",
004a5020,004a5080,func,"_STL::_Rb_tree<unsigned_long,struct__STL::pair<unsigned_long_const_,unsigned_short>,struct__STL::_Select1st<struct__STL::pair<unsigned_long_const_,unsigned_short>_>,struct__STL::less<unsigned_long>,class__STL::allocator<struct__STL::pair<unsigned_long_const_,unsigned_short>_>_>::find",
004a5080,004a50c0,func,"_STL::_Rb_tree<class__STL::basic_string<unsigned_short,class__STL::char_traits<unsigned_short>,class__STL::allocator<unsigned_short>_>,struct__STL::pair<class__STL::basic_string<unsigned_short,class__STL::char_traits<unsigned_short>,class__STL::allocator<unsigned_short>_>_const_,class__STL::basic_string<unsigned_short,class__STL::char_traits<unsigned_short>,class__STL::allocator<unsigned_short>_>_>,struct__STL::_Select1st<struct__STL::pair<class__STL::basic_string<unsigned_short,class__STL::char_traits<unsigned_short>,class__STL::allocator<unsigned_short>_>_const_,class__STL::basic_string<unsigned_short,class__STL::char_traits<unsigned_short>,class__STL::allocator<unsigned_short>_>_>_>,struct__STL::less<class__STL::basic_string<unsigned_short,class__STL::char_traits<unsigned_short>,class__STL::allocator<unsigned_short>_>_>,class__STL::allocator<struct__STL::pair<class__STL::basic_string<unsigned_short,class__STL::char_traits<unsigned_short>,class__STL::allocator<unsigned_short>_>_const_,class__STL::basic_string<unsigned_short,class__STL::char_traits<unsigned_short>,class__STL::allocator<unsigned_short>_>_>_>_>::_M_erase",
004a50c0,004a53a0,func,"insert_unique",
004a53a0,004a53b0,func,"begin",
004a53b0,004a53f0,func,"_STL::_Rb_tree<unsigned_long,struct__STL::pair<unsigned_long_const_,class_WONAPI::ConstSmartPtr<class_WONAPI::ByteBuffer>_>,struct__STL::_Select1st<struct__STL::pair<unsigned_long_const_,class_WONAPI::ConstSmartPtr<class_WONAPI::ByteBuffer>_>_>,struct__STL::less<unsigned_long>,class__STL::allocator<struct__STL::pair<unsigned_long_const_,class_WONAPI::ConstSmartPtr<class_WONAPI::ByteBuffer>_>_>_>::_M_erase",
004a53f0,004a5690,func,"insert_unique",
004a5690,004a56d0,func,"lower_bound",
004a56d0,004a5710,func,"M_erase",
004a5710,004a59b0,func,"_STL::_Rb_tree<unsigned_long,struct__STL::pair<unsigned_long_const_,unsigned_long>,struct__STL::_Select1st<struct__STL::pair<unsigned_long_const_,unsigned_long>_>,struct__STL::less<unsigned_long>,class__STL::allocator<struct__STL::pair<unsigned_long_const_,unsigned_long>_>_>::insert_unique",
004a59b0,004a5a10,func,"_STL::basic_string<unsigned_char,class__STL::char_traits<unsigned_char>,class__STL::allocator<unsigned_char>_>::_M_range_initialize",
004a5a10,004a5a80,func,"_STL::basic_string<unsigned_short,class__STL::char_traits<unsigned_short>,class__STL::allocator<unsigned_short>_>::_M_range_initialize",
004a5a80,004a5b30,func,"_STL::operator<",
004a5b30,004a5b40,func,"FUN_004a5b30",
004a5b40,004a5bd0,func,"_STL::basic_string<unsigned_short,class__STL::char_traits<unsigned_short>,class__STL::allocator<unsigned_short>_>::_M_compare",
004a5bd0,004a5be0,func,"FUN_004a5bd0",
004a5be0,004a5c30,func,"_STL::__char_traits_base<unsigned_short,unsigned_short>::compare",
004a5c30,004a5df0,func,"_STL::_Rb_tree<unsigned_long,struct__STL::pair<unsigned_long_const_,unsigned_short>,struct__STL::_Select1st<struct__STL::pair<unsigned_long_const_,unsigned_short>_>,struct__STL::less<unsigned_long>,class__STL::allocator<struct__STL::pair<unsigned_long_const_,unsigned_short>_>_>::_M_insert",
004a5df0,004a5f70,func,"_STL::_Rb_tree<unsigned_long,struct__STL::pair<unsigned_long_const_,unsigned_short>,struct__STL::_Select1st<struct__STL::pair<unsigned_long_const_,unsigned_short>_>,struct__STL::less<unsigned_long>,class__STL::allocator<struct__STL::pair<unsigned_long_const_,unsigned_short>_>_>::insert_unique",
004a5f70,004a6120,func,"M_insert",
004a6120,004a62e0,func,"insert_unique",
004a62e0,004a64a0,func,"M_insert",
004a64a0,004a6620,func,"insert_unique",
004a6620,004a67e0,func,"_STL::_Rb_tree<unsigned_long,struct__STL::pair<unsigned_long_const_,unsigned_long>,struct__STL::_Select1st<struct__STL::pair<unsigned_long_const_,unsigned_long>_>,struct__STL::less<unsigned_long>,class__STL::allocator<struct__STL::pair<unsigned_long_const_,unsigned_long>_>_>::_M_insert",
004a67e0,004a6960,func,"_STL::_Rb_tree<unsigned_long,struct__STL::pair<unsigned_long_const_,unsigned_long>,struct__STL::_Select1st<struct__STL::pair<unsigned_long_const_,unsigned_long>_>,struct__STL::less<unsigned_long>,class__STL::allocator<struct__STL::pair<unsigned_long_const_,unsigned_long>_>_>::insert_unique",
004a6960,004a69d0,func,"_STL::basic_string<char,class__STL::char_traits<char>,class__STL::allocator<char>_>::_M_assign_dispatch",
004a69d0,004a6a30,func,"_STL::basic_string<unsigned_char,class__STL::char_traits<unsigned_char>,class__STL::allocator<unsigned_char>_>::_M_range_initialize",
004a6a30,004a6a50,func,"_STL::basic_string<unsigned_char,class__STL::char_traits<unsigned_char>,class__STL::allocator<unsigned_char>_>::_M_append_dispatch",
004a6a50,004a6ac0,func,"_STL::basic_string<unsigned_char,class__STL::char_traits<unsigned_char>,class__STL::allocator<unsigned_char>_>::_M_assign_dispatch",
004a6ac0,004a6b40,func,"_STL::basic_string<unsigned_short,class__STL::char_traits<unsigned_short>,class__STL::allocator<unsigned_short>_>::_M_assign_dispatch",
004a6b40,004a6b60,func,"_STL::pair<class__STL::basic_string<unsigned_short,class__STL::char_traits<unsigned_short>,class__STL::allocator<unsigned_short>_>_const_,class__STL::basic_string<unsigned_short,class__STL::char_traits<unsigned_short>,class__STL::allocator<unsigned_short>_>_>::`scalar_deleting_destructor'",
004a6b60,004a6b80,func,"FID_conflict:`scalar_deleting_destructor'",
004a6b80,004a6c50,func,"_STL::_Rb_tree<unsigned_long,struct__STL::pair<unsigned_long_const_,unsigned_short>,struct__STL::_Select1st<struct__STL::pair<unsigned_long_const_,unsigned_short>_>,struct__STL::less<unsigned_long>,class__STL::allocator<struct__STL::pair<unsigned_long_const_,unsigned_short>_>_>::_M_create_node",
004a6c50,004a6d50,func,"_STL::_Rb_tree<class__STL::basic_string<unsigned_short,class__STL::char_traits<unsigned_short>,class__STL::allocator<unsigned_short>_>,struct__STL::pair<class__STL::basic_string<unsigned_short,class__STL::char_traits<unsigned_short>,class__STL::allocator<unsigned_short>_>_const_,class__STL::basic_string<unsigned_short,class__STL::char_traits<unsigned_short>,class__STL::allocator<unsigned_short>_>_>,struct__STL::_Select1st<struct__STL::pair<class__STL::basic_string<unsigned_short,class__STL::char_traits<unsigned_short>,class__STL::allocator<unsigned_short>_>_const_,class__STL::basic_string<unsigned_short,class__STL::char_traits<unsigned_short>,class__STL::allocator<unsigned_short>_>_>_>,struct__STL::less<class__STL::basic_string<unsigned_short,class__STL::char_traits<unsigned_short>,class__STL::allocator<unsigned_short>_>_>,class__STL::allocator<struct__STL::pair<class__STL::basic_string<unsigned_short,class__STL::char_traits<unsigned_short>,class__STL::allocator<unsigned_short>_>_const_,class__STL::basic_string<unsigned_short,class__STL::char_traits<unsigned_short>,class__STL::allocator<unsigned_short>_>_>_>_>::_M_create_node",
004a6d50,004a6d90,func,"Catch@004a6d50",
004a6d90,004a6e70,func,"M_create_node",
004a6e70,004a6f40,func,"_STL::_Rb_tree<unsigned_long,struct__STL::pair<unsigned_long_const_,unsigned_long>,struct__STL::_Select1st<struct__STL::pair<unsigned_long_const_,unsigned_long>_>,struct__STL::less<unsigned_long>,class__STL::allocator<struct__STL::pair<unsigned_long_const_,unsigned_long>_>_>::_M_create_node",
004a6f40,004a6f60,func,"pair<>",
004a6f60,004a7063,func,"_STL::basic_string<unsigned_char,class__STL::char_traits<unsigned_char>,class__STL::allocator<unsigned_char>_>::append",noncontig
004a7063,004a70d0,func,"Catch@004a7063",
004a70d0,004a71d3,func,"_STL::basic_string<char,class__STL::char_traits<char>,class__STL::allocator<char>_>::append",noncontig
004a71d3,004a7240,func,"Catch@004a71d3",
004a7240,004a733b,func,"FUN_004a7240",noncontig
004a733b,004a73a0,func,"Catch@004a733b",
004a73a0,004a749b,func,"_STL::basic_string<unsigned_char,class__STL::char_traits<unsigned_char>,class__STL::allocator<unsigned_char>_>::append",noncontig
004a749b,004a7500,func,"Catch@004a749b",
004a7500,004a760e,func,"_STL::basic_string<unsigned_short,class__STL::char_traits<unsigned_short>,class__STL::allocator<unsigned_short>_>::append",noncontig
004a760e,004a7690,func,"Catch@004a760e",
004a7690,004a779a,func,"_STL::basic_string<unsigned_short,class__STL::char_traits<unsigned_short>,class__STL::allocator<unsigned_short>_>::append",noncontig
004a779a,004a7810,func,"Catch@004a779a",
004a7810,004a7840,func,"_STL::copy",
004a7840,004a7870,func,"copy",
004a7870,004a78a0,func,"_STL::__copy",
004a78a0,004a78c0,func,"WONAPI::ByteBuffer::`scalar_deleting_destructor'",
004a78c0,004a7970,func,"WONAPI::ByteBuffer::ByteBuffer",
004a7970,004a7990,func,"WONAPI::ByteBuffer::~ByteBuffer",
004a7990,004a79b0,func,"WONAPI::ReadBuffer::ReadBuffer",
004a79b0,004a79d0,func,"WONAPI::ReadBuffer::SetData",
004a79d0,004a7ae0,func,"WONAPI::ReadBuffer::ReadBytes",
004a7ae0,004a7b00,func,"FID_conflict:`scalar_deleting_destructor'",
004a7b00,004a7ba0,func,"FID_conflict:~FileReaderException",
004a7ba0,004a7cd0,func,"FID_conflict:ReadBufferException",
004a7cd0,004a7ce0,func,"WONAPI::ReadBuffer::ReadByte",
004a7ce0,004a7cf0,func,"WONAPI::ReadBuffer::ReadShort",
004a7cf0,004a7d00,func,"WONAPI::ReadBuffer::ReadLong",
004a7d00,004a7d40,func,"WONAPI::ReadBuffer::ReadLength",
004a7d40,004a7dc0,func,"WONAPI::ReadBuffer::ReadRawString",
004a7dc0,004a7de0,func,"WONAPI::ReadBuffer::ReadString",
004a7de0,004a7e70,func,"WONAPI::ReadBuffer::ReadRawWString",
004a7e70,004a7e90,func,"WONAPI::ReadBuffer::ReadWString",
004a7e90,004a7f40,func,"WONAPI::ReadBuffer::ReadBuf",
004a7f40,004a7f50,func,"FUN_004a7f40",
004a7f50,004a7f80,func,"WONAPI::WriteBuffer::Reset",
004a7f80,004a7f90,func,"FUN_004a7f80",
004a7f90,004a7fc0,func,"WONAPI::WriteBuffer::WriteBuffer",
004a7fc0,004a7fe0,func,"WONAPI::WriteBuffer::`scalar_deleting_destructor'",
004a7fe0,004a8000,func,"WONAPI::WriteBuffer::~WriteBuffer",
004a8000,004a8030,func,"WONAPI::WriteBuffer::CheckWrite",
004a8030,004a8080,func,"WONAPI::WriteBuffer::Reserve",
004a8080,004a80a0,func,"WONAPI::WriteBuffer::SkipBytes",
004a80a0,004a80e0,func,"WONAPI::WriteBuffer::AppendBytes",
004a80e0,004a80f0,func,"WONAPI::WriteBuffer::AppendByte",
004a80f0,004a8100,func,"WONAPI::WriteBuffer::AppendShort",
004a8100,004a8110,func,"WONAPI::WriteBuffer::AppendLong",
004a8110,004a8150,func,"WONAPI::WriteBuffer::AppendLength",
004a8150,004a8190,func,"WONAPI::WriteBuffer::AppendString",
004a8190,004a81d0,func,"WONAPI::WriteBuffer::AppendBuffer",
004a81d0,004a82b0,func,"WONAPI::WriteBuffer::ToByteBuffer",
004a82b0,004a82d0,func,"WONAPI::BigInteger::byteLength",
004a82d0,004a8300,func,"WONAPI::BigInteger::st_bitLength",
004a8300,004a8450,func,"WONAPI::BigInteger::st_randomBits",
004a8450,004a84a0,func,"WONAPI::BigInteger::st_bit",
004a84a0,004a84e0,func,"WONAPI::BigInteger::st_setBit",
004a84e0,004a8510,func,"WONAPI::BigInteger::st_CopyBuffer",
004a8510,004a8590,func,"WONAPI::BigInteger::NewBuffer",
004a8590,004a85b0,func,"WONAPI::BigInteger::Init",
004a85b0,004a85d0,func,"WONAPI::BigInteger::~BigInteger",
004a85d0,004a85f0,func,"WONAPI::BigInteger::`scalar_deleting_destructor'",
004a85f0,004a8620,func,"WONAPI::BigInteger::st_copy",
004a8620,004a8660,func,"WONAPI::BigInteger::st_grow",
004a8660,004a87c0,func,"WONAPI::BigInteger::toBinary",
004a87c0,004a88a0,func,"WONAPI::BigInteger::fromBinary",
004a88a0,004a88c0,func,"WONAPI::BigInteger::st_zero",
004a88c0,004a88e0,func,"WONAPI::BigInteger::st_one",
004a88e0,004a89a0,func,"WONAPI::BigInteger::AddWords",
004a89a0,004a8a50,func,"WONAPI::BigInteger::SubWords",
004a8a50,004a8b50,func,"WONAPI::BigInteger::MultiplyWords",
004a8b50,004a8bb0,func,"WONAPI::BigInteger::MultiplyWord",
004a8bb0,004a8c20,func,"WONAPI::BigInteger::CompareWords",
004a8c20,004a8ea0,func,"WONAPI::BigInteger::KaratsubaMultiplyWords",
004a8ea0,004a8ec0,func,"WONAPI::BigInteger::FindSize",
004a8ec0,004a8f50,func,"WONAPI::BigInteger::st_add",
004a8f50,004a9010,func,"WONAPI::BigInteger::st_sub",
004a9010,004a9060,func,"WONAPI::BigInteger::st_cmp",
004a9060,004a9090,func,"WONAPI::BigInteger::st_ucmp",
004a9090,004a91a0,func,"WONAPI::BigInteger::st_shiftLeft",
004a91a0,004a9290,func,"WONAPI::BigInteger::st_shiftRight",
004a9290,004a9300,func,"WONAPI::BigInteger::st_add_unsigned",
004a9300,004a93b0,func,"WONAPI::BigInteger::st_sub_unsigned",
004a93b0,004a9560,func,"WONAPI::BigInteger::st_mul",
004a9560,004a9580,func,"FID_conflict:`scalar_deleting_destructor'",
004a9580,004a9620,func,"FID_conflict:~FileReaderException",
004a9620,004a9750,func,"FID_conflict:ReadBufferException",
004a9750,004a9960,func,"WONAPI::BigInteger::st_kmul",
004a9960,004a9b40,func,"WONAPI::BigInteger::st_mod",
004a9b40,004a9e20,func,"WONAPI::BigInteger::st_div",
004a9e20,004a9f50,func,"WONAPI::BigInteger::st_modExp",
004a9f50,004a9fe0,func,"WONAPI::BigInteger::st_recip",
004a9fe0,004aa120,func,"WONAPI::BigInteger::st_euclid",
004aa120,004aa160,func,"WONAPI::BigInteger::st_gcd",
004aa160,004aa3c0,func,"WONAPI::BigInteger::st_modMulRecip",
004aa3c0,004aa7e0,func,"WONAPI::BigInteger::st_inverseModN",
004aa7e0,004aa7f0,func,"FUN_004aa7e0",
004aa7f0,004aa800,func,"FUN_004aa7f0",
004aa800,004aa810,func,"FUN_004aa800",
004aa810,004aa830,func,"FUN_004aa810",
004aa830,004aa840,func,"FUN_004aa830",
004aa840,004aa850,func,"FUN_004aa840",
004aa850,004aa860,func,"FUN_004aa850",
004aa860,004aa880,func,"FUN_004aa860",
004aa880,004aa8a0,func,"WONAPI::BigInteger::BigInteger",
004aa8a0,004aa8d0,func,"WONAPI::BigInteger::BigInteger",
004aa8d0,004aa920,func,"WONAPI::BigInteger::BigInteger",
004aa920,004aa940,func,"WONAPI::BigInteger::BigInteger",
004aa940,004aaa10,func,"WONAPI::BigInteger::BigInteger",
004aaa10,004aaa30,func,"WONAPI::BigInteger::operator=",
004aaa30,004aaa50,func,"WONAPI::BigInteger::testBit",
004aaa50,004aaa70,func,"WONAPI::BigInteger::setBit",
004aaa70,004aaaf0,func,"WONAPI::BigInteger::gcd",
004aaaf0,004aab00,func,"WONAPI::BigInteger::bitLength",
004aab00,004aab90,func,"WONAPI::BigInteger::modExp",
004aab90,004aac10,func,"WONAPI::BigInteger::inverseModN",
004aac10,004aac90,func,"WONAPI::BigInteger::mod",
004aac90,004aad10,func,"WONAPI::BigInteger::add",
004aad10,004aad90,func,"WONAPI::BigInteger::sub",
004aad90,004aadb0,func,"WONAPI::BigInteger::cmp",
004aadb0,004aadd0,func,"WONAPI::BigInteger::shiftRight",
004aadd0,004aadf0,func,"WONAPI::BigInteger::equals",
004aadf0,004aae70,func,"WONAPI::BigInteger::recip",
004aae70,004aaf00,func,"WONAPI::BigInteger::modMulRecip",
004aaf00,004aafa0,func,"WONAPI::Blowfish::Blowfish",
004aafa0,004ab270,func,"WONAPI::Blowfish::SetKey",
004ab270,004ab350,func,"WONAPI::Blowfish::encryptTwoIntegers",
004ab350,004ab4f0,func,"WONAPI::Blowfish::Create",
004ab4f0,004ab5a0,func,"WONAPI::ElGamal::ElGamal",
004ab5a0,004ab680,func,"WONAPI::ElGamal::ElGamal",
004ab680,004ab690,func,"WONAPI::ElGamal::Invalidate",
004ab690,004ab6a0,func,"FUN_004ab690",
004ab6a0,004ab6b0,func,"FUN_004ab6a0",
004ab6b0,004ab840,func,"WONAPI::ElGamal::SetPrivateKey",
004ab840,004ab8d0,func,"FID_conflict:~_String_base<unsigned_char,class__STL::allocator<unsigned_char>_>",
004ab8d0,004aba40,func,"WONAPI::ElGamal::SetPublicKey",
004aba40,004abed0,func,"WONAPI::ElGamal::Encrypt",
004abed0,004ac3a0,func,"WONAPI::ElGamal::Decrypt",
004ac3a0,004ac530,func,"WONAPI::ElGamal::EncodeDigest",
004ac530,004ac830,func,"WONAPI::ElGamal::Verify",
004ac830,004ac9db,func,"WONAPI::ElGamal::encrypt",noncontig
004ac9db,004aca00,func,"Catch@004ac9db",
004aca00,004acab8,func,"WONAPI::ElGamal::decrypt",noncontig
004acab8,004acae0,func,"Catch@004acab8",
004acae0,004acc7d,func,"WONAPI::ElGamal::BogusVerify",
004acc7d,004acc90,func,"Catch@004acc7d",
004acc90,004acd60,func,"WONAPI::IntegerExtractor::IntegerExtractor",
004acd60,004acd90,func,"WONAPI::IntegerExtractor::GetByte",
004acd90,004acdb0,func,"WONAPI::IntegerExtractor::PeekByte",
004acdb0,004ace10,func,"WONAPI::IntegerExtractor::LengthDecode",
004ace10,004acf90,func,"WONAPI::IntegerExtractor::Decode",
004acf90,004ad040,func,"WONAPI::IntegerExtractor::Extract",
004ad040,004ad0c0,func,"WONAPI::MD5Digest::MD5Digest",
004ad0c0,004ad0f0,func,"WONAPI::MD5Digest::reset",
004ad0f0,004ad230,func,"WONAPI::MD5Digest::digest",
004ad230,004ad260,func,"WONAPI::MD5Digest::digest",
004ad260,004ad490,func,"WONAPI::MD5Digest::digest",
004ad490,004ad4b0,func,"WONAPI::MD5Digest::update",
004ad4b0,004ad5b0,func,"WONAPI::MD5Digest::update",
004ad5b0,004ad5f0,func,"WONAPI::MD5Digest::FF",
004ad5f0,004ad630,func,"WONAPI::MD5Digest::GG",
004ad630,004ad670,func,"WONAPI::MD5Digest::HH",
004ad670,004ad6b0,func,"WONAPI::MD5Digest::II",
004ad6b0,004ad6d0,func,"WONAPI::MD5Digest::transform",
004ad6d0,004adea0,func,"WONAPI::MD5Digest::transform",
004adea0,004adf10,func,"WONAPI::MD5Digest::ReadData",
004adf10,004adf70,func,"WONAPI::MD5Digest::byte2int",
004adf70,004ae080,func,"WONAPI::Random::Random",
004ae080,004ae1a0,func,"WONAPI::Random::setSeed",
004ae1a0,004ae340,func,"WONAPI::Random::nextBytes",
004ae340,004ae530,func,"WONAPI::Random::getSeed",
004ae530,004ae650,func,"WONAPI::Random::longToByteArray",
004ae650,004ae660,func,"FUN_004ae650",
004ae660,004ae6c0,func,"_STL::basic_string<unsigned_char,class__STL::char_traits<unsigned_char>,class__STL::allocator<unsigned_char>_>::push_back",
004ae6c0,004ae860,func,"_STL::basic_string<unsigned_char,class__STL::char_traits<unsigned_char>,class__STL::allocator<unsigned_char>_>::reserve",
004ae860,004ae880,func,"_STL::fill_n",
004ae880,004ae890,func,"FUN_004ae880",
004ae890,004ae8a0,func,"FUN_004ae890",
004ae8a0,004ae8b0,func,"FUN_004ae8a0",
004ae8b0,004ae8d0,func,"FUN_004ae8b0",
004ae8d0,004af950,func,"WONAPI::WONStatusToString",
004ae93b,004ae93b,label,"switchD_004ae93b::switchD",Label
004ae942,004ae942,label,"switchD_004ae93b::caseD_fffff50d",Label
004ae948,004ae948,label,"switchD_004ae93b::caseD_fffff50c",Label
004ae94e,004ae94e,label,"switchD_004ae93b::caseD_fffff50b",Label
004ae954,004ae954,label,"switchD_004ae93b::caseD_fffff50a",Label
004ae95a,004ae95a,label,"switchD_004ae93b::caseD_fffff509",Label
004ae960,004ae960,label,"switchD_004ae93b::caseD_fffff508",Label
004ae966,004ae966,label,"switchD_004ae93b::caseD_fffff4ac",Label
004ae96c,004ae96c,label,"switchD_004ae93b::caseD_fffff4a9",Label
004ae972,004ae972,label,"switchD_004ae93b::caseD_fffff449",Label
004ae998,004ae998,label,"switchD_004ae998::switchD",Label
004ae99f,004ae99f,label,"switchD_004ae998::caseD_fffff5cc",Label
004ae9a5,004ae9a5,label,"switchD_004ae998::caseD_fffff5cb",Label
004ae9ab,004ae9ab,label,"switchD_004ae998::caseD_fffff5ca",Label
004ae9b1,004ae9b1,label,"switchD_004ae998::caseD_fffff5c9",Label
004ae9b7,004ae9b7,label,"switchD_004ae998::caseD_fffff5c8",Label
004ae9bd,004ae9bd,label,"switchD_004ae998::caseD_fffff5c7",Label
004ae9c3,004ae9c3,label,"switchD_004ae998::caseD_fffff510",Label
004ae9c9,004ae9c9,label,"switchD_004ae998::caseD_fffff50f",Label
004ae9ec,004ae9ec,label,"switchD_004ae9ec::switchD",Label
004ae9f3,004ae9f3,label,"switchD_004ae9ec::caseD_fffff610",Label
004ae9f9,004ae9f9,label,"switchD_004ae9ec::caseD_fffff60f",Label
004ae9ff,004ae9ff,label,"switchD_004ae9ec::caseD_fffff60e",Label
004aea05,004aea05,label,"switchD_004ae9ec::caseD_fffff60d",Label
004aea0b,004aea0b,label,"switchD_004ae9ec::caseD_fffff60c",Label
004aea11,004aea11,label,"switchD_004ae9ec::caseD_fffff60b",Label
004aea17,004aea17,label,"switchD_004ae9ec::caseD_fffff60a",Label
004aea1d,004aea1d,label,"switchD_004ae9ec::caseD_fffff5d8",Label
004aea23,004aea23,label,"switchD_004ae9ec::caseD_fffff5d7",Label
004aea29,004aea29,label,"switchD_004ae9ec::caseD_fffff5d6",Label
004aea2f,004aea2f,label,"switchD_004ae9ec::caseD_fffff5d5",Label
004aea35,004aea35,label,"switchD_004ae9ec::caseD_fffff5d4",Label
004aea3b,004aea3b,label,"switchD_004ae9ec::caseD_fffff5d3",Label
004aea41,004aea41,label,"switchD_004ae9ec::caseD_fffff5d2",Label
004aea47,004aea47,label,"switchD_004ae9ec::caseD_fffff5d1",Label
004aea4d,004aea4d,label,"switchD_004ae9ec::caseD_fffff5d0",Label
004aea53,004aea53,label,"switchD_004ae9ec::caseD_fffff5cf",Label
004aea59,004aea59,label,"switchD_004ae9ec::caseD_fffff5ce",Label
004aea74,004aea74,label,"switchD_004aea74::switchD",Label
004aea7b,004aea7b,label,"switchD_004aea74::caseD_fffff637",Label
004aea81,004aea81,label,"switchD_004aea74::caseD_fffff636",Label
004aea87,004aea87,label,"switchD_004aea74::caseD_fffff635",Label
004aea8d,004aea8d,label,"switchD_004aea74::caseD_fffff634",Label
004aea93,004aea93,label,"switchD_004aea74::caseD_fffff633",Label
004aea99,004aea99,label,"switchD_004aea74::caseD_fffff632",Label
004aea9f,004aea9f,label,"switchD_004aea74::caseD_fffff631",Label
004aeaa5,004aeaa5,label,"switchD_004aea74::caseD_fffff630",Label
004aeaab,004aeaab,label,"switchD_004aea74::caseD_fffff62f",Label
004aeab1,004aeab1,label,"switchD_004aea74::caseD_fffff62e",Label
004aeab7,004aeab7,label,"switchD_004aea74::caseD_fffff62d",Label
004aeabd,004aeabd,label,"switchD_004aea74::caseD_fffff62c",Label
004aeac3,004aeac3,label,"switchD_004aea74::caseD_fffff62b",Label
004aeac9,004aeac9,label,"switchD_004aea74::caseD_fffff62a",Label
004aeacf,004aeacf,label,"switchD_004aea74::caseD_fffff629",Label
004aead5,004aead5,label,"switchD_004aea74::caseD_fffff628",Label
004aeadb,004aeadb,label,"switchD_004aea74::caseD_fffff627",Label
004aeae1,004aeae1,label,"switchD_004aea74::caseD_fffff626",Label
004aeae7,004aeae7,label,"switchD_004aea74::caseD_fffff625",Label
004aeaed,004aeaed,label,"switchD_004aea74::caseD_fffff624",Label
004aeaf3,004aeaf3,label,"switchD_004aea74::caseD_fffff623",Label
004aeaf9,004aeaf9,label,"switchD_004aea74::caseD_fffff622",Label
004aeaff,004aeaff,label,"switchD_004aea74::caseD_fffff621",Label
004aeb05,004aeb05,label,"switchD_004aea74::caseD_fffff620",Label
004aeb0b,004aeb0b,label,"switchD_004aea74::caseD_fffff61f",Label
004aeb11,004aeb11,label,"switchD_004aea74::caseD_fffff61e",Label
004aeb17,004aeb17,label,"switchD_004aea74::caseD_fffff61d",Label
004aeb1d,004aeb1d,label,"switchD_004aea74::caseD_fffff61c",Label
004aeb23,004aeb23,label,"switchD_004aea74::caseD_fffff61a",Label
004aeb29,004aeb29,label,"switchD_004aea74::caseD_fffff619",Label
004aeb2f,004aeb2f,label,"switchD_004aea74::caseD_fffff618",Label
004aeb35,004aeb35,label,"switchD_004aea74::caseD_fffff617",Label
004aeb3b,004aeb3b,label,"switchD_004aea74::caseD_fffff616",Label
004aeb41,004aeb41,label,"switchD_004aea74::caseD_fffff615",Label
004aeb47,004aeb47,label,"switchD_004aea74::caseD_fffff614",Label
004aeb4d,004aeb4d,label,"switchD_004aea74::caseD_fffff613",Label
004aeb53,004aeb53,label,"switchD_004aea74::caseD_fffff612",Label
004aeba6,004aeba6,label,"switchD_004aeba6::switchD",Label
004aebad,004aebad,label,"switchD_004aeba6::caseD_fffff63c",Label
004aebb3,004aebb3,label,"switchD_004aeba6::caseD_fffff63b",Label
004aebb9,004aebb9,label,"switchD_004aeba6::caseD_fffff63a",Label
004aebbf,004aebbf,label,"switchD_004aeba6::caseD_fffff639",Label
004aec1e,004aec1e,label,"switchD_004aec1e::switchD",Label
004aec25,004aec25,label,"switchD_004aec1e::caseD_fffffa20",Label
004aec2b,004aec2b,label,"switchD_004aec1e::caseD_fffffa1f",Label
004aec31,004aec31,label,"switchD_004aec1e::caseD_fffffa1e",Label
004aec37,004aec37,label,"switchD_004aec1e::caseD_fffffa1d",Label
004aec3d,004aec3d,label,"switchD_004aec1e::caseD_fffffa1c",Label
004aec43,004aec43,label,"switchD_004aec1e::caseD_fffffa1b",Label
004aec49,004aec49,label,"switchD_004aec1e::caseD_fffffa1a",Label
004aec4f,004aec4f,label,"switchD_004aec1e::caseD_fffffa19",Label
004aec7c,004aec7c,label,"switchD_004aec7c::switchD",Label
004aec83,004aec83,label,"switchD_004aec7c::caseD_fffffa25",Label
004aec89,004aec89,label,"switchD_004aec7c::caseD_fffffa24",Label
004aec8f,004aec8f,label,"switchD_004aec7c::caseD_fffffa23",Label
004aec95,004aec95,label,"switchD_004aec7c::caseD_fffffa22",Label
004aecb0,004aecb0,label,"switchD_004aecb0::switchD",Label
004aecb7,004aecb7,label,"switchD_004aecb0::caseD_fffffb3c",Label
004aecbd,004aecbd,label,"switchD_004aecb0::caseD_fffffb3b",Label
004aecc3,004aecc3,label,"switchD_004aecb0::caseD_fffffb3a",Label
004aecc9,004aecc9,label,"switchD_004aecb0::caseD_fffffb39",Label
004aece4,004aece4,label,"switchD_004aece4::switchD",Label
004aeceb,004aeceb,label,"switchD_004aece4::caseD_fffffb45",Label
004aecf1,004aecf1,label,"switchD_004aece4::caseD_fffffb44",Label
004aecf7,004aecf7,label,"switchD_004aece4::caseD_fffffb43",Label
004aecfd,004aecfd,label,"switchD_004aece4::caseD_fffffb42",Label
004aed03,004aed03,label,"switchD_004aece4::caseD_fffffb41",Label
004aed09,004aed09,label,"switchD_004aece4::caseD_fffffb40",Label
004aed0f,004aed0f,label,"switchD_004aece4::caseD_fffffb3f",Label
004aed15,004aed15,label,"switchD_004aece4::caseD_fffffb3e",Label
004aed37,004aed37,label,"switchD_004aed37::switchD",Label
004aed3e,004aed3e,label,"switchD_004aed37::caseD_fffffb51",Label
004aed44,004aed44,label,"switchD_004aed37::caseD_fffffb50",Label
004aed4a,004aed4a,label,"switchD_004aed37::caseD_fffffb4f",Label
004aed50,004aed50,label,"switchD_004aed37::caseD_fffffb4e",Label
004aed56,004aed56,label,"switchD_004aed37::caseD_fffffb4d",Label
004aed5c,004aed5c,label,"switchD_004aed37::caseD_fffffb4c",Label
004aed62,004aed62,label,"switchD_004aed37::caseD_fffffb4b",Label
004aed68,004aed68,label,"switchD_004aed37::caseD_fffffb4a",Label
004aed6e,004aed6e,label,"switchD_004aed37::caseD_fffffb49",Label
004aed74,004aed74,label,"switchD_004aed37::caseD_fffffb48",Label
004aed7a,004aed7a,label,"switchD_004aed37::caseD_fffffb47",Label
004aeda3,004aeda3,label,"switchD_004aeda3::switchD",Label
004aedaa,004aedaa,label,"switchD_004aeda3::caseD_0",Label
004aedb0,004aedb0,label,"switchD_004aeda3::caseD_ffffffff",Label
004aedb6,004aedb6,label,"switchD_004aeda3::caseD_fffffffe",Label
004aedbc,004aedbc,label,"switchD_004aeda3::caseD_fffffffd",Label
004aedc2,004aedc2,label,"switchD_004aeda3::caseD_fffffffc",Label
004aedc8,004aedc8,label,"switchD_004aeda3::caseD_fffffffb",Label
004aedce,004aedce,label,"switchD_004aeda3::caseD_fffffffa",Label
004aedd4,004aedd4,label,"switchD_004aeda3::caseD_fffffff9",Label
004aedda,004aedda,label,"switchD_004aeda3::caseD_fffffff8",Label
004aede0,004aede0,label,"switchD_004aeda3::caseD_fffffff7",Label
004aede6,004aede6,label,"switchD_004aeda3::caseD_fffffff6",Label
004aedec,004aedec,label,"switchD_004aeda3::caseD_fffffff5",Label
004aedf2,004aedf2,label,"switchD_004aeda3::caseD_fffffff4",Label
004aedf8,004aedf8,label,"switchD_004aeda3::caseD_fffffff3",Label
004aedfe,004aedfe,label,"switchD_004aeda3::caseD_fffffff2",Label
004aee04,004aee04,label,"switchD_004aeda3::caseD_fffffff1",Label
004aee0a,004aee0a,label,"switchD_004aeda3::caseD_fffffff0",Label
004aee10,004aee10,label,"switchD_004aeda3::caseD_ffffffef",Label
004aee16,004aee16,label,"switchD_004aeda3::caseD_ffffffee",Label
004aee1c,004aee1c,label,"switchD_004aeda3::caseD_ffffffed",Label
004aee87,004aee87,label,"switchD_004aee87::switchD",Label
004aee8e,004aee8e,label,"switchD_004aee87::caseD_2728",Label
004aee94,004aee94,label,"switchD_004aee87::caseD_2733",Label
004aee9a,004aee9a,label,"switchD_004aee87::caseD_2734",Label
004aeea0,004aeea0,label,"switchD_004aee87::caseD_2735",Label
004aeea6,004aeea6,label,"switchD_004aee87::caseD_2736",Label
004aeeac,004aeeac,label,"switchD_004aee87::caseD_2737",Label
004aeeb2,004aeeb2,label,"switchD_004aee87::caseD_2738",Label
004aeeb8,004aeeb8,label,"switchD_004aee87::caseD_2739",Label
004aeebe,004aeebe,label,"switchD_004aee87::caseD_273a",Label
004aeec4,004aeec4,label,"switchD_004aee87::caseD_273b",Label
004aeeca,004aeeca,label,"switchD_004aee87::caseD_273c",Label
004aeed0,004aeed0,label,"switchD_004aee87::caseD_273d",Label
004aeed6,004aeed6,label,"switchD_004aee87::caseD_273e",Label
004aeedc,004aeedc,label,"switchD_004aee87::caseD_273f",Label
004aeee2,004aeee2,label,"switchD_004aee87::caseD_2740",Label
004aeee8,004aeee8,label,"switchD_004aee87::caseD_2741",Label
004aeeee,004aeeee,label,"switchD_004aee87::caseD_2742",Label
004aeef4,004aeef4,label,"switchD_004aee87::caseD_2743",Label
004aeefa,004aeefa,label,"switchD_004aee87::caseD_2744",Label
004aef00,004aef00,label,"switchD_004aee87::caseD_2745",Label
004aef06,004aef06,label,"switchD_004aee87::caseD_2746",Label
004aef0c,004aef0c,label,"switchD_004aee87::caseD_2747",Label
004aef12,004aef12,label,"switchD_004aee87::caseD_2748",Label
004aef18,004aef18,label,"switchD_004aee87::caseD_2749",Label
004aef1e,004aef1e,label,"switchD_004aee87::caseD_274a",Label
004aef24,004aef24,label,"switchD_004aee87::caseD_274b",Label
004aef2a,004aef2a,label,"switchD_004aee87::caseD_274c",Label
004aef30,004aef30,label,"switchD_004aee87::caseD_274d",Label
004aef36,004aef36,label,"switchD_004aee87::caseD_274e",Label
004aef3c,004aef3c,label,"switchD_004aee87::caseD_274f",Label
004aef42,004aef42,label,"switchD_004aee87::caseD_2750",Label
004aef48,004aef48,label,"switchD_004aee87::caseD_2751",Label
004aef4e,004aef4e,label,"switchD_004aee87::caseD_2752",Label
004aef54,004aef54,label,"switchD_004aee87::caseD_2753",Label
004aef5a,004aef5a,label,"switchD_004aee87::caseD_2754",Label
004aef60,004aef60,label,"switchD_004aee87::caseD_2755",Label
004aef66,004aef66,label,"switchD_004aee87::caseD_2756",Label
004aefac,004aefac,label,"switchD_004aefac::switchD",Label
004aefb3,004aefb3,label,"switchD_004aefac::caseD_276b",Label
004aefb9,004aefb9,label,"switchD_004aefac::caseD_276c",Label
004aefbf,004aefbf,label,"switchD_004aefac::caseD_276d",Label
004aefc5,004aefc5,label,"switchD_004aefac::caseD_2775",Label
004aefe0,004aefe0,label,"switchD_004aefe0::switchD",Label
004aefe7,004aefe7,label,"switchD_004aefe0::caseD_186a1",Label
004aefed,004aefed,label,"switchD_004aefe0::caseD_186a2",Label
004aeff3,004aeff3,label,"switchD_004aefe0::caseD_186a3",Label
004aeff9,004aeff9,label,"switchD_004aefe0::caseD_186a4",Label
004af014,004af014,label,"switchD_004af014::switchD",Label
004af01b,004af01b,label,"switchD_004af014::caseD_186a6",Label
004af021,004af021,label,"switchD_004af014::caseD_186a7",Label
004af027,004af027,label,"switchD_004af014::caseD_186a8",Label
004af02d,004af02d,label,"switchD_004af014::caseD_186a9",Label
004af033,004af033,label,"switchD_004af014::caseD_186aa",Label
004af039,004af039,label,"switchD_004af014::caseD_186ab",Label
004af03f,004af03f,label,"switchD_004af014::caseD_186ac",Label
004af045,004af045,label,"switchD_004af014::caseD_186ad",Label
004af060,004af060,label,"switchD_004af060::switchD",Label
004af067,004af067,label,"switchD_004af060::caseD_186af",Label
004af06d,004af06d,label,"switchD_004af060::caseD_186b0",Label
004af073,004af073,label,"switchD_004af060::caseD_186b1",Label
004af079,004af079,label,"switchD_004af060::caseD_186b2",Label
004af07f,004af07f,label,"switchD_004af060::caseD_186b3",Label
004af085,004af085,label,"switchD_004af060::caseD_186b4",Label
004af08b,004af08b,label,"switchD_004af060::caseD_186b5",Label
004af091,004af091,label,"switchD_004af060::caseD_186b6",Label
004af097,004af097,label,"switchD_004af060::caseD_186b7",Label
004af09d,004af09d,label,"switchD_004af060::caseD_186b8",Label
004af0a3,004af0a3,label,"switchD_004af060::caseD_186b9",Label
004af0a9,004af0a9,label,"switchD_004af060::caseD_186ba",Label
004af0af,004af0af,label,"switchD_004af060::caseD_186bb",Label
004af0b5,004af0b5,label,"switchD_004af060::caseD_186bc",Label
004af0bb,004af0bb,label,"switchD_004af060::caseD_186bd",Label
004af0c1,004af0c1,label,"switchD_004af060::caseD_186be",Label
004af0c7,004af0c7,label,"switchD_004af060::caseD_186bf",Label
004af0e2,004af0e2,label,"switchD_004af0e2::switchD",Label
004af0e9,004af0e9,label,"switchD_004af0e2::caseD_186c1",Label
004af0ef,004af0ef,label,"switchD_004af0e2::caseD_186c2",Label
004af0f5,004af0f5,label,"switchD_004af0e2::caseD_186c3",Label
004af0fb,004af0fb,label,"switchD_004af0e2::caseD_186c4",Label
004af101,004af101,label,"switchD_004af0e2::caseD_186c5",Label
004af107,004af107,label,"switchD_004af0e2::caseD_186c6",Label
004af10d,004af10d,label,"switchD_004af0e2::caseD_186c7",Label
004af113,004af113,label,"switchD_004af0e2::caseD_186c8",Label
004af119,004af119,label,"switchD_004af0e2::caseD_186c9",Label
004af11f,004af11f,label,"switchD_004af0e2::caseD_186ca",Label
004af125,004af125,label,"switchD_004af0e2::caseD_186cb",Label
004af12b,004af12b,label,"switchD_004af0e2::caseD_186cc",Label
004af131,004af131,label,"switchD_004af0e2::caseD_186cd",Label
004af137,004af137,label,"switchD_004af0e2::caseD_186ce",Label
004af13d,004af13d,label,"switchD_004af0e2::caseD_186cf",Label
004af143,004af143,label,"switchD_004af0e2::caseD_186d0",Label
004af149,004af149,label,"switchD_004af0e2::caseD_186d1",Label
004af14f,004af14f,label,"switchD_004af0e2::caseD_186d2",Label
004af155,004af155,label,"switchD_004af0e2::caseD_186d3",Label
004af15b,004af15b,label,"switchD_004af0e2::caseD_186d4",Label
004af161,004af161,label,"switchD_004af0e2::caseD_186d5",Label
004af167,004af167,label,"switchD_004af0e2::caseD_186d6",Label
004af16d,004af16d,label,"switchD_004af0e2::caseD_186d7",Label
004af173,004af173,label,"switchD_004af0e2::caseD_186d8",Label
004af179,004af179,label,"switchD_004af0e2::caseD_186d9",Label
004af17f,004af17f,label,"switchD_004af0e2::caseD_186da",Label
004af185,004af185,label,"switchD_004af0e2::caseD_186db",Label
004af18b,004af18b,label,"switchD_004af0e2::caseD_186dc",Label
004af191,004af191,label,"switchD_004af0e2::caseD_186dd",Label
004af197,004af197,label,"switchD_004af0e2::caseD_186de",Label
004af19d,004af19d,label,"switchD_004af0e2::caseD_186df",Label
004af1a3,004af1a3,label,"switchD_004af0e2::caseD_186e0",Label
004af1a9,004af1a9,label,"switchD_004af0e2::caseD_186e1",Label
004af1af,004af1af,label,"switchD_004af0e2::caseD_186e2",Label
004af1b5,004af1b5,label,"switchD_004af0e2::caseD_186e3",Label
004af1bb,004af1bb,label,"switchD_004af0e2::caseD_186e4",Label
004af1c1,004af1c1,label,"switchD_004af0e2::caseD_186e5",Label
004af1c7,004af1c7,label,"switchD_004af0e2::caseD_186e6",Label
004af1cd,004af1cd,label,"switchD_004af0e2::caseD_186e7",Label
004af1d3,004af1d3,label,"switchD_004af0e2::caseD_186e8",Label
004af1d9,004af1d9,label,"switchD_004af0e2::caseD_186e9",Label
004af1df,004af1df,label,"switchD_004af0e2::caseD_186ea",Label
004af1e5,004af1e5,label,"switchD_004af0e2::caseD_186eb",Label
004af1eb,004af1eb,label,"switchD_004af0e2::caseD_186ec",Label
004af1f1,004af1f1,label,"switchD_004af0e2::caseD_186ed",Label
004af1f7,004af1f7,label,"switchD_004af0e2::caseD_186ee",Label
004af1fd,004af1fd,label,"switchD_004af0e2::caseD_186ef",Label
004af203,004af203,label,"switchD_004af0e2::caseD_186f0",Label
004af209,004af209,label,"switchD_004af0e2::caseD_186f1",Label
004af20f,004af20f,label,"switchD_004af0e2::caseD_186f2",Label
004af215,004af215,label,"switchD_004af0e2::caseD_186f3",Label
004af21b,004af21b,label,"switchD_004af0e2::caseD_186f4",Label
004af221,004af221,label,"switchD_004af0e2::caseD_186f5",Label
004af227,004af227,label,"switchD_004af0e2::caseD_186f6",Label
004af22d,004af22d,label,"switchD_004af0e2::caseD_186f7",Label
004af233,004af233,label,"switchD_004af0e2::caseD_186f8",Label
004af239,004af239,label,"switchD_004af0e2::caseD_186f9",Label
004af23f,004af23f,label,"switchD_004af0e2::caseD_186fa",Label
004af245,004af245,label,"switchD_004af0e2::caseD_186fb",Label
004af24b,004af24b,label,"switchD_004af0e2::caseD_186fc",Label
004af251,004af251,label,"switchD_004af0e2::caseD_186fd",Label
004af257,004af257,label,"switchD_004af0e2::caseD_186fe",Label
004af25d,004af25d,label,"switchD_004af0e2::caseD_186ff",Label
004af263,004af263,label,"switchD_004af0e2::caseD_18700",Label
004af269,004af269,label,"switchD_004af0e2::caseD_18701",Label
004af26f,004af26f,label,"switchD_004af0e2::caseD_18702",Label
004af275,004af275,label,"switchD_004af0e2::caseD_18703",Label
004af27b,004af27b,label,"switchD_004af0e2::caseD_18704",Label
004af281,004af281,label,"switchD_004af0e2::caseD_18705",Label
004af287,004af287,label,"switchD_004af0e2::caseD_18706",Label
004af28d,004af28d,label,"switchD_004af0e2::caseD_18707",Label
004af293,004af293,label,"switchD_004af0e2::caseD_18708",Label
004af299,004af299,label,"switchD_004af0e2::caseD_18709",Label
004af29f,004af29f,label,"switchD_004af0e2::caseD_1870a",Label
004af2a5,004af2a5,label,"switchD_004ae93b::caseD_fffff44a",Label
004af2e5,004af2e8,gap,"GAP_004af2e5",align
004af2e8,004af310,jumptable,"switchD_004ae93b::switchdataD_004af2e8",ptr
004af310,004af3d5,jumptable,"switchD_004ae93b::switchdataD_004af310",byte
004af3d5,004af3d8,gap,"GAP_004af3d5",align
004af3d8,004af3fc,jumptable,"switchD_004ae998::switchdataD_004af3d8",ptr
004af3fc,004af4ba,jumptable,"switchD_004ae998::switchdataD_004af3fc",byte
004af4ba,004af4bc,gap,"GAP_004af4ba",align
004af4bc,004af508,jumptable,"switchD_004ae9ec::switchdataD_004af4bc",ptr
004af508,004af54b,jumptable,"switchD_004ae9ec::switchdataD_004af508",byte
004af54c,004af5e4,jumptable,"switchD_004aea74::switchdataD_004af54c",ptr
004af5e4,004af5f4,jumptable,"switchD_004aeba6::switchdataD_004af5e4",ptr
004af5f4,004af614,jumptable,"switchD_004aec1e::switchdataD_004af5f4",ptr
004af614,004af624,jumptable,"switchD_004aec7c::switchdataD_004af614",ptr
004af624,004af634,jumptable,"switchD_004aecb0::switchdataD_004af624",ptr
004af634,004af654,jumptable,"switchD_004aece4::switchdataD_004af634",ptr
004af654,004af680,jumptable,"switchD_004aed37::switchdataD_004af654",ptr
004af680,004af6d0,jumptable,"switchD_004aeda3::switchdataD_004af680",ptr
004af6d0,004af78c,jumptable,"switchD_004aee87::switchdataD_004af6d0",ptr
004af78c,004af7a0,jumptable,"switchD_004aefac::switchdataD_004af78c",ptr
004af7a0,004af7ab,jumptable,"switchD_004aefac::switchdataD_004af7a0",byte
004af7ac,004af7bc,jumptable,"switchD_004aefe0::switchdataD_004af7ac",ptr
004af7bc,004af7dc,jumptable,"switchD_004af014::switchdataD_004af7bc",ptr
004af7dc,004af820,jumptable,"switchD_004af060::switchdataD_004af7dc",ptr
004af820,004af948,jumptable,"switchD_004af0e2::switchdataD_004af820",ptr
004af950,004af950,label,"_DirectInputCreateA@16",thunk_external:004afc20
004af960,004afc20,data,"rgodf_c_dfDIJoystick",DIOBJECTDATAFORMAT[44]
004afc20,004afc30,func,"FUN_004afc20",
004afc30,004afc30,label,"MSS32.DLL::_AIL_shutdown@0",thunk_external:004afc40
004afc40,004afc40,label,"MSS32.DLL::_AIL_shutdown@0",thunk_external:004afc50
004afc50,004afc80,func,"CBaseList::InsertFirst",
004afc80,004afcb0,func,"CBaseList::InsertLast",
004afcb0,004afce0,func,"CBaseList::Delete",
004afce0,004afd00,func,"FUN_004afce0",
004afd00,004afd80,func,"CRezItm::InitRezItm",
004afd80,004afdd0,func,"FUN_004afd80",
004afdd0,004afde0,func,"FUN_004afdd0",
004afde0,004afdf0,func,"CRezItm::Seek",
004afdf0,004afed0,func,"Read",
004afed0,004aff50,func,"CRezTyp::CRezTyp",
004aff50,004affc0,func,"CRezTyp::CRezTyp",
004affc0,004b00a0,func,"CRezTyp::~CRezTyp",
004b00a0,004b0170,func,"CRezDir::CRezDir",
004b0170,004b0180,func,"CBaseHash::~CBaseHash",
004b0180,004b02b0,func,"CRezDir::~CRezDir",
004b02b0,004b02f0,func,"FUN_004b02b0",
004b02f0,004b03b0,func,"FUN_004b02f0",
004b03b0,004b03e0,func,"GetDir",
004b03e0,004b0400,func,"FUN_004b03e0",
004b0400,004b0420,func,"FUN_004b0400",
004b0420,004b0440,func,"FUN_004b0420",
004b0440,004b0460,func,"FUN_004b0440",
004b0460,004b0480,func,"FUN_004b0460",
004b0480,004b04a0,func,"FUN_004b0480",
004b04a0,004b0570,func,"CRezDir::CreateDir",
004b0570,004b05f0,func,"CRezDir::CreateRezInternal",
004b05f0,004b0640,func,"CRezDir::RemoveRezInternal",
004b0640,004b0700,func,"ReadAllDirs",
004b0700,004b0a00,func,"CRezDir::ReadDirBlock",
004b0a00,004b0ad0,func,"GetOrMakeTyp",
004b0ad0,004b0bc0,func,"CRezMgr::CRezMgr",
004b0bc0,004b0d00,func,"CRezMgr::~CRezMgr",
004b0d00,004b10d0,func,"CRezMgr::Open",
004b10d0,004b1530,func,"CRezMgr::ReadEmulationDirectory",
004b1530,004b15e0,func,"CRezMgr::Close",
004b15e0,004b15f0,func,"FUN_004b15e0",
004b15f0,004b1640,func,"FUN_004b15f0",
004b1640,004b16b0,func,"TypeToStr",
004b16b0,004b16c0,func,"CRezMgr::GetCurTime",
004b16c0,004b1710,func,"CRezMgr::SetDirSeparators",
004b1710,004b18e0,func,"FUN_004b1710",
004b18e0,004b1a40,func,"FUN_004b18e0",
004b1a40,004b1a60,func,"FUN_004b1a40",
004b1a60,004b1a80,func,"FUN_004b1a60",
004b1a80,004b1ac0,func,"IsDirectory",
004b1ac0,004b1bc0,func,"CRezMgr::AllocateRezItm",
004b1bc0,004b1be0,func,"FUN_004b1bc0",
004b1be0,004b1c00,func,"FUN_004b1be0",
004b1c00,004b1c30,func,"FUN_004b1c00",
004b1c30,004b1c40,func,"FUN_004b1c30",
004b1c40,004b1c50,func,"FUN_004b1c40",
004b1c50,004b1c90,func,"CRezTypeHashTable::Find",
004b1c90,004b1ca0,func,"FUN_004b1c90",
004b1ca0,004b1d50,func,"CRezItmHashTableByName::Find",
004b1d50,004b1d70,func,"FUN_004b1d50",
004b1d70,004b1d90,func,"FUN_004b1d70",
004b1d90,004b1da0,func,"FUN_004b1d90",
004b1da0,004b1dd0,func,"CRezFile::CRezFile",
004b1dd0,004b1df0,func,"FID_conflict:`scalar_deleting_destructor'",
004b1df0,004b1e50,func,"FID_conflict:~CRezFile",
004b1e50,004b1f00,func,"Read",
004b1f00,004b1fa0,func,"Write",
004b1fa0,004b2050,func,"CRezFile::Open",
004b2050,004b20b0,func,"Close",
004b20b0,004b20f0,func,"Flush",
004b20f0,004b2140,func,"VerifyFileOpen",
004b2140,004b2150,func,"FUN_004b2140",
004b2150,004b21a0,func,"CRezFileDirectoryEmulation::CRezFileDirectoryEmulation",
004b21a0,004b21c0,func,"FID_conflict:`scalar_deleting_destructor'",
004b21c0,004b2240,func,"CRezFileDirectoryEmulation::~CRezFileDirectoryEmulation",
004b2240,004b2250,func,"FUN_004b2240",
004b2250,004b2260,func,"FUN_004b2250",
004b2260,004b2280,func,"FUN_004b2260",
004b2280,004b22a0,func,"Close",
004b22a0,004b22b0,func,"FUN_004b22a0",
004b22b0,004b2340,func,"FUN_004b22b0",
004b2340,004b2360,func,"FID_conflict:`scalar_deleting_destructor'",
004b2360,004b23d0,func,"FID_conflict:~CRezFileSingleFileFull",
004b23d0,004b2470,func,"FID_conflict:Read",
004b2470,004b2510,func,"FID_conflict:Read",
004b2510,004b2520,func,"FUN_004b2510",
004b2520,004b2570,func,"Flush",
004b2570,004b2620,func,"CRezFileSingleFile::ReallyOpen",
004b2620,004b26a0,func,"ReallyClose",
004b26a0,004b26b0,func,"FUN_004b26a0",
004b26b0,004b2700,func,"sb_Init",
004b2700,004b2730,func,"sb_Init2",
004b2730,004b2770,func,"sb_Term2",
004b2770,004b2780,func,"sb_Term",
004b2780,004b27e0,func,"sb_AllocateNewStructPage",
004b27e0,004b27f0,func,"thunk_FUN_004b27f0",
004b27f0,004b2800,func,"FUN_004b27f0",
004b2800,004b2830,func,"CHelpers::CHelpers",
004b2830,004b2870,func,"CHelpers::UpperStrcmp",
004b2870,004b2920,func,"CHelpers::ExtractPathAndFileName",
004b2920,004b29a0,func,"CHelpers::ExtractFileNameAndExtension",
004b29a0,004b2a80,func,"CHelpers::ExtractNames",
004b2a80,004b2aa0,func,"FUN_004b2a80",
004b2aa0,004b2b10,func,"CStringHolder::~CStringHolder",
004b2b10,004b2b20,func,"CStringHolder::SetAllocSize",
004b2b20,004b2b50,func,"FUN_004b2b20",
004b2b50,004b2c50,func,"CStringHolder::AddString",
004b2c50,004b2d20,func,"CStringHolder::FindString",
004b2d20,004b2d70,func,"CStringHolder::ClearStrings",
004b2d70,004b2da0,func,"FUN_004b2d70",
004b2da0,004b2ec0,func,"FUN_004b2da0",
004b2ec0,004b2ff0,func,"FUN_004b2ec0",
004b2ff0,004b30d0,func,"FUN_004b2ff0",
004b30d0,004b30e0,func,"FUN_004b30d0",
004b30e0,004b3200,func,"CMoArray<LTRecord,DefaultCache>::Insert2",
004b3200,004b3210,func,"FUN_004b3200",
004b3210,004b3220,func,"FUN_004b3210",
004b3220,004b3230,func,"FUN_004b3220",
004b3230,004b3240,func,"FUN_004b3230",
004b3240,004b3250,func,"FUN_004b3240",
004b3250,004b3260,func,"FUN_004b3250",
004b3260,004b3270,func,"FUN_004b3260",
004b3270,004b32c0,func,"LAllocSimpleBlock::LAllocSimpleBlock",
004b32c0,004b32e0,func,"FUN_004b32c0",
004b32e0,004b3300,func,"LAllocSimpleBlock::`scalar_deleting_destructor'",
004b3300,004b3350,func,"LAllocSimpleBlock::~LAllocSimpleBlock",
004b3350,004b33a0,func,"LAllocSimpleBlock::Init",
004b33a0,004b33c0,func,"FUN_004b33a0",
004b33c0,004b3400,func,"LAllocSimpleBlock::Alloc",
004b3400,004b3410,func,"LAllocSimpleBlock::Clear",
004b3410,004b3450,func,"MoArray_FindElementMemcmp",
004b3450,004b3490,func,"GLinkedList_FindElementMemcmp",
004b3490,004b34f0,func,"CControlFileWord::GetVal",
004b34f0,004b3510,func,"CControlFileWord::GetVal",
004b3510,004b3530,func,"CControlFileWord::GetVal",
004b3530,004b3540,func,"CWorldClientBSP::NumWorldModels",
004b3540,004b3570,func,"CControlFileKey::NextWithSameName",
004b3570,004b35a0,func,"Find",
004b35a0,004b35c0,func,"FUN_004b35a0",
004b35c0,004b35e0,func,"CControlFileMgr::CControlFileMgr",
004b35e0,004b3670,func,"CControlFileMgr::~CControlFileMgr",
004b3670,004b37a0,func,"CControlFileMgr::Init",
004b37a0,004b38c0,func,"CControlFileMgr::Term",
004b38c0,004b38e0,func,"FID_conflict:~CControlFileWord",
004b38e0,004b3900,func,"FUN_004b38e0",
004b3900,004b3930,func,"CControlFileMgr::GetKey",
004b3930,004b3970,func,"CControlFileMgr::GetKeyVal",
004b3970,004b39b0,func,"CControlFileMgr::GetKeyVal",
004b39b0,004b39f0,func,"CControlFileMgr::GetKeyVal",
004b39f0,004b3a70,func,"CControlFileMgr::AddDefine",
004b3a70,004b3ac0,func,"CControlFileMgr::ClearDefines",
004b3ac0,004b3b00,func,"CControlFileMgr::IsDefined",
004b3b00,004b4260,func,"CControlFileMgr::ProcessFile",
004b4260,004b4290,func,"FUN_004b4260",
004b4290,004b42a0,func,"FUN_004b4290",
004b42a0,004b42b0,func,"CControlFileMgr::FileGetChar",
004b42b0,004b42c0,func,"FUN_004b42b0",
004b42c0,004b42e0,func,"FUN_004b42c0",
004b42e0,004b42f7,func,"__fpmath",
004b42f7,004b42f8,func,"FUN_004b42f7",
004b42f8,004b4330,func,"FUN_004b42f8",
004b4330,004b4357,func,"__ftol",
004b4357,004b4360,func,"FUN_004b4357",
004b4360,004b4449,func,"_free",
004b43ca,004b43ca,label,"FID_conflict:$L16925",Label
004b4422,004b4422,label,"FID_conflict:$L16925",Label
004b4449,004b445b,func,"_malloc",
004b445b,004b4487,func,"__nh_malloc",
004b4487,004b4583,func,"__heap_alloc",
004b44ee,004b44ee,label,"FID_conflict:$L16944",Label
004b454d,004b454d,label,"FID_conflict:$L16944",Label
004b4583,004b45d5,func,"_sprintf",
004b45d5,004b4602,func,"__cinit",
004b4602,004b4613,func,"_exit",
004b4613,004b4624,func,"__exit",
004b4624,004b46c9,func,"doexit",
004b46c9,004b46d2,func,"__lockexit",
004b46d2,004b46db,func,"__unlockexit",
004b46db,004b46f8,func,"__initterm",
004b46f8,004b4773,func,"__setjmp3",
004b4773,004b47a4,func,"_fclose",
004b47a4,004b47f0,func,"__fclose_lk",
004b47f0,004b4821,func,"__fsopen",
004b4821,004b4840,func,"fopen",
004b4840,004b4970,func,"_strncat",
004b4970,004b4a6e,func,"_strncpy",
004b4a6e,004b4b12,func,"_strtok",
004b4b12,004b4b74,func,"_fgets",
004b4b74,004b4bd8,func,"_rewind",
004b4bd8,004b4bfa,func,"_ftell",
004b4bfa,004b4d5b,func,"__ftell_lk",
004b4d5b,004b4d87,func,"_fseek",
004b4d87,004b4e20,func,"__fseek_lk",
004b4e20,004b4e50,func,"__alloca_probe",
004b4e50,004b4e70,func,"__global_unwind2",
004b4e70,004b4e92,func,"FUN_004b4e70",
004b4e92,004b4efa,func,"__local_unwind2",
004b4efa,004b4f1d,func,"__abnormal_termination",
004b4f1d,004b4f26,func,"__NLG_Notify1",
004b4f26,004b4f48,func,"FUN_004b4f26",
004b4f40,004b4f48,jumptable,"JT_004b4f40",char[8]
004b4f48,004b5005,func,"__except_handler3",
004b5005,004b5020,func,"FUN_004b5005",
004b5020,004b509e,func,"__onexit",
004b509e,004b50b0,func,"_atexit",
004b50b0,004b50df,func,"FUN_004b50b0",
004b50df,004b51ae,func,"_floor",
004b51ae,004b5200,func,"__vsnprintf",
004b5200,004b5540,func,"_memmove",noncontig
004b5235,004b5235,label,"switchD_004b5235::switchD",Label
004b5248,004b5248,label,"switchD_004b5254::default",Label
004b524d,004b524d,label,"switchD_004b524d::switchD",Label
004b5254,004b5254,label,"switchD_004b5254::switchD",Label
004b525c,004b525c,label,"switchD_004b525c::switchD",Label
004b5264,004b5270,jumptable,"switchD_004b524d::switchdataD_004b5264",ptr
004b5270,004b5270,label,"switchD_004b524d::caseD_1",Label
004b5292,004b5292,label,"switchD_004b5292::switchD",Label
004b5299,004b529c,gap,"GAP_004b5299",align
004b529c,004b529c,label,"switchD_004b524d::caseD_2",Label
004b52b8,004b52b8,label,"switchD_004b52b8::switchD",Label
004b52c0,004b52c0,label,"switchD_004b524d::caseD_3",Label
004b52d2,004b52d2,label,"switchD_004b52d2::switchD",Label
004b52d9,004b52dc,gap,"GAP_004b52d9",align
004b52dc,004b52fc,jumptable,"switchD_004b525c::switchdataD_004b52dc",ptr
004b52fc,004b52fc,label,"switchD_004b525c::caseD_7",Label
004b5304,004b5304,label,"switchD_004b525c::caseD_6",Label
004b530c,004b530c,label,"switchD_004b525c::caseD_5",Label
004b5314,004b5314,label,"switchD_004b525c::caseD_4",Label
004b531c,004b531c,label,"switchD_004b525c::caseD_3",Label
004b5324,004b5324,label,"switchD_004b525c::caseD_2",Label
004b532c,004b532c,label,"switchD_004b525c::caseD_1",Label
004b533f,004b533f,label,"switchD_004b525c::caseD_0",Label
004b5346,004b5348,gap,"GAP_004b5346",align
004b5348,004b5358,jumptable,"switchD_004b5235::switchdataD_004b5348",ptr
004b5358,004b5358,label,"switchD_004b5235::caseD_0",Label
004b5360,004b5360,label,"switchD_004b5235::caseD_1",Label
004b536c,004b536c,label,"switchD_004b5235::caseD_2",Label
004b537d,004b5380,gap,"GAP_004b537d",align
004b5380,004b5380,label,"switchD_004b5235::caseD_3",Label
004b53b7,004b53b7,label,"switchD_004b53b7::switchD",Label
004b53be,004b53c0,gap,"GAP_004b53be",align
004b53c2,004b53c2,label,"switchD_004b53c2::switchD",Label
004b53c9,004b53cc,gap,"GAP_004b53c9",align
004b53d8,004b53d8,label,"switchD_004b53e4::default",Label
004b53dd,004b53dd,label,"switchD_004b53dd::switchD",Label
004b53e4,004b53e4,label,"switchD_004b53e4::switchD",Label
004b53ec,004b53f8,jumptable,"switchD_004b53dd::switchdataD_004b53ec",ptr
004b53f8,004b53f8,label,"switchD_004b53dd::caseD_1",Label
004b540e,004b540e,label,"switchD_004b540e::switchD",Label
004b5415,004b5418,gap,"GAP_004b5415",align
004b5418,004b5418,label,"switchD_004b53dd::caseD_2",Label
004b5438,004b5438,label,"switchD_004b5438::switchD",Label
004b5440,004b5440,label,"switchD_004b53dd::caseD_3",Label
004b546a,004b546a,label,"switchD_004b546a::switchD",Label
004b5471,004b5474,gap,"GAP_004b5471",align
004b5474,004b5494,jumptable,"switchD_004b53c2::switchdataD_004b5474",ptr
004b5494,004b5494,label,"switchD_004b53c2::caseD_7",Label
004b549c,004b549c,label,"switchD_004b53c2::caseD_6",Label
004b54a4,004b54a4,label,"switchD_004b53c2::caseD_5",Label
004b54ac,004b54ac,label,"switchD_004b53c2::caseD_4",Label
004b54b4,004b54b4,label,"switchD_004b53c2::caseD_3",Label
004b54bc,004b54bc,label,"switchD_004b53c2::caseD_2",Label
004b54c4,004b54c4,label,"switchD_004b53c2::caseD_1",Label
004b54d7,004b54d7,label,"switchD_004b53c2::caseD_0",Label
004b54de,004b54e0,gap,"GAP_004b54de",align
004b54e0,004b54f0,jumptable,"switchD_004b53b7::switchdataD_004b54e0",ptr
004b54f0,004b54f0,label,"switchD_004b53b7::caseD_0",Label
004b54f8,004b54f8,label,"switchD_004b53b7::caseD_1",Label
004b5505,004b5508,gap,"GAP_004b5505",align
004b5508,004b5508,label,"switchD_004b53b7::caseD_2",Label
004b551c,004b551c,label,"switchD_004b53b7::caseD_3",Label
004b5540,004b55c0,func,"FUN_004b5540",
004b55c0,004b5617,func,"_atof",
004b5617,004b563f,func,"_isdigit",
004b563f,004b5667,func,"_isspace",
004b5667,004b5695,func,"_isalnum",
004b5695,004b56bd,func,"_iscntrl",
004b56bd,004b5710,func,"_fprintf",
004b5705,004b5710,gap,"GAP_004b5705",align
004b5710,004b57cc,func,"FUN_004b5710",noncontig
004b57cc,004b5857,func,"_atol",
004b5857,004b5862,func,"_atoi",
004b5862,004b589d,func,"_fputc",
004b589d,004b58eb,func,"_fputs",
004b58eb,004b5900,func,"FUN_004b58eb",
004b5900,004b5970,func,"__aulldiv",
004b5970,004b5a20,func,"__alldiv",
004b5a20,004b5a54,func,"__allmul",
004b5a54,004b5a90,func,"__isnan",
004b5a90,004b5aa4,func,"FUN_004b5a90",
004b5aa4,004b5aad,func,"FUN_004b5aa4",
004b5aad,004b5b5b,func,"FUN_004b5aad",
004b5b5b,004b5c28,func,"__findfirst",
004b5c28,004b5cf0,func,"__findnext",
004b5cf0,004b5d10,func,"FUN_004b5cf0",
004b5d10,004b5d74,func,"___timet_from_ft",
004b5d74,004b5da3,func,"_fread",
004b5da3,004b5e8b,func,"__fread_lk",
004b5e8b,004b5eba,func,"_fwrite",
004b5eba,004b5fd0,func,"__fwrite_lk",
004b5fd0,004b6008,func,"_strncmp",
004b6008,004b603c,func,"_sscanf",
004b603c,004b6053,func,"_abort",
004b6053,004b6077,func,"_set_new_handler",
004b6077,004b6092,func,"__callnewh",
004b6092,004b609f,func,"_srand",
004b609f,004b60c4,func,"_rand",
004b60c4,004b613d,func,"_longjmp",
004b613d,004b618e,func,"_vsprintf",
004b618e,004b61fd,func,"_toupper",
004b61fd,004b62c9,func,"__toupper_lk",
004b62c9,004b62f8,func,"_fflush",
004b62f8,004b6326,func,"__fflush_lk",
004b6326,004b6382,func,"__flush",
004b6382,004b638b,func,"FUN_004b6382",
004b638b,004b6430,func,"flsall",
004b6430,004b6460,func,"_strrchr",
004b6460,004b6474,func,"FUN_004b6460",
004b6474,004b647d,func,"FUN_004b6474",
004b647d,004b651a,func,"FUN_004b647d",
004b651a,004b656b,func,"__snprintf",
004b656b,004b65e2,func,"__beginthread",
004b65e2,004b6675,func,"FUN_004b65e2",
004b6675,004b66b4,func,"__endthread",
004b66b4,004b66e9,func,"_wcscmp",
004b66e9,004b6713,func,"_wcscat",
004b6713,004b6738,func,"_wcscpy",
004b6738,004b6775,func,"_wcsncpy",
004b6775,004b67d2,func,"_wcstombs",
004b67d2,004b6981,func,"__wcstombs_lk",
004b6981,004b69b0,func,"wcsncnt",
004b69b0,004b69d0,func,"_wcslen",
004b69d0,004b69da,func,"FUN_004b69d0",
004b69da,004b6a02,func,"FUN_004b69da",
004b6a02,004b6b56,func,"_qsort",
004b6b56,004b6ba4,func,"shortsort",
004b6ba4,004b6bd0,func,"swap",
004b6bd0,004b6be7,func,"FUN_004b6bd0",
004b6be7,004b6c96,func,"__mbscmp",
004b6c96,004b6e2b,func,"__mbsicmp",
004b6e2b,004b6f33,func,"entry",
004b6f33,004b6f58,func,"__amsg_exit",
004b6f58,004b6f7c,func,"fast_error_exit",
004b6f7c,004b6fa5,func,"type_info::~type_info",
004b6fa5,004b6fc1,func,"type_info::`scalar_deleting_destructor'",
004b6fc1,004b6ff5,func,"_JumpToContinuation",
004b6ff5,004b6ffc,func,"FID_conflict:_CallMemberFunction1",
004b6ffc,004b7003,func,"FID_conflict:_CallMemberFunction1",
004b7003,004b7052,func,"_UnwindNestedFrames",
004b7052,004b7088,func,"___CxxFrameHandler",
004b7088,004b70dc,func,"_CallCatchBlock2",
004b70dc,004b7101,func,"FUN_004b70dc",
004b7101,004b71b7,func,"_CallSETranslator",
004b71b7,004b722c,func,"TranslatorGuardHandler",
004b722c,004b72a7,func,"_GetRangeOfTrysToCheck",
004b72a7,004b7383,func,"_time",
004b7383,004b7394,func,"std::exception::exception",
004b7394,004b73b0,func,"FUN_004b7394",
004b73b0,004b73fa,func,"exception::exception",
004b73fa,004b7410,func,"exception::~exception",
004b7410,004b741d,func,"std::exception::what",
004b741d,004b7457,func,"__CxxThrowException@8",
004b7457,004b7488,func,"_fgetc",
004b7488,004b74f7,func,"_tolower",
004b74f7,004b75c2,func,"__tolower_lk",
004b75c2,004b766a,func,"FUN_004b75c2",
004b766a,004b767e,func,"FUN_004b766a",
004b767e,004b76ad,func,"__lock_file",
004b76ad,004b76d0,func,"__lock_file2",
004b76d0,004b76ff,func,"__unlock_file",
004b76ff,004b7722,func,"__unlock_file2",
004b7722,004b77a2,func,"`eh_vector_destructor_iterator'",
004b778a,004b778a,label,"FID_conflict:$L16506",Label
004b77a2,004b7800,func,"__ArrayUnwind",
004b7800,004b7890,func,"`eh_vector_constructor_iterator'",
004b786a,004b786a,label,"$L264",Label
004b7890,004b78b1,func,"__allshr",
004b78b1,004b79f8,func,"__splitpath",
004b79f8,004b7ab0,func,"___dtoxmode",
004b7ab0,004b7d6b,func,"__stat",
004b7d6b,004b7ddb,func,"_IsRootUNCName",
004b7ddb,004b7ded,func,"__setdefaultprecision",
004b7ded,004b7e2b,func,"__ms_p5_test_fdiv",
004b7e2b,004b7e54,func,"__ms_p5_mp_test_fdiv",
004b7e54,004b7eae,func,"FUN_004b7e54",
004b7eae,004b7efc,func,"FUN_004b7eae",
004b7efc,004b7f14,func,"FUN_004b7efc",
004b7f14,004b7f52,func,"__fassign",
004b7f52,004b7fb3,func,"__cftoe",
004b7fb3,004b8075,func,"__cftoe2",
004b8075,004b80ca,func,"__cftof",
004b80ca,004b8171,func,"__cftof2",
004b8171,004b8204,func,"__cftog",
004b8204,004b8255,func,"__cfltcvt",
004b8255,004b827a,func,"__shift",
004b827a,004b82a7,func,"__GetLinkerVersion",
004b82a7,004b83ef,func,"___heap_select",
004b83ef,004b844c,func,"__heap_init",
004b844c,004b8494,func,"___sbh_heap_init",
004b8494,004b84bf,func,"___sbh_find_block",
004b84bf,004b87e8,func,"___sbh_free_block",
004b87e8,004b8af1,func,"___sbh_alloc_block",
004b8af1,004b8ba2,func,"___sbh_alloc_new_region",
004b8ba2,004b8c9d,func,"___sbh_alloc_new_group",
004b8c9d,004b8f93,func,"___sbh_resize_block",
004b8f93,004b90d7,func,"___old_sbh_new_region",
004b90d7,004b912d,func,"___old_sbh_release_region",
004b912d,004b91ef,func,"___old_sbh_decommit_pages",
004b91ef,004b9246,func,"___old_sbh_find_block",
004b9246,004b928b,func,"___old_sbh_free_block",
004b928b,004b9493,func,"___old_sbh_alloc_block",
004b9493,004b95b7,func,"___old_sbh_alloc_block_from_page",
004b95b7,004b9660,func,"FUN_004b95b7",
004b9660,004b9689,func,"__mtinitlocks",
004b9689,004b96ea,func,"__lock",
004b96ea,004b96ff,func,"__unlock",
004b96ff,004b9817,func,"__flsbuf",
004b9817,004b9f58,func,"__output",
004b9885,004b9885,label,"switchD_004b9885::switchD",Label
004b988c,004b988c,label,"switchD_004b9885::caseD_1",Label
004b98a7,004b98a7,label,"switchD_004b9885::caseD_2",Label
004b98f3,004b98f3,label,"switchD_004b9885::caseD_3",Label
004b992a,004b992a,label,"switchD_004b9885::caseD_4",Label
004b9932,004b9932,label,"switchD_004b9885::caseD_5",Label
004b9967,004b9967,label,"switchD_004b9885::caseD_6",Label
004b99b6,004b99b6,label,"switchD_004b9885::caseD_0",Label
004b99fa,004b99fa,label,"switchD_004b9885::caseD_7",Label
004b9f1f,004b9f1f,label,"switchD_004b9885::default",Label
004b9f38,004b9f58,jumptable,"switchD_004b9885::switchdataD_004b9f38",ptr
004b9f58,004b9f8d,func,"write_char",
004b9f8d,004b9fbe,func,"write_multi_char",
004b9fbe,004b9ff6,func,"write_string",
004b9ff6,004ba003,func,"get_int_arg",
004ba003,004ba013,func,"get_int64_arg",
004ba013,004ba021,func,"get_short_arg",
004ba021,004ba07e,func,"__close",
004ba07e,004ba101,func,"__close_lk",
004ba101,004ba12c,func,"__freebuf",
004ba12c,004ba29c,func,"__openfile",
004ba29c,004ba364,func,"__getstream",
004ba364,004ba3b8,func,"__mtinit",
004ba3b8,004ba3cb,func,"__initptd",
004ba3cb,004ba432,func,"__getptd",
004ba432,004ba4d2,func,"__freeptd",
004ba4d2,004ba5ae,func,"__filbuf",
004ba5ae,004ba613,func,"__lseek",
004ba613,004ba686,func,"__lseek_lk",
004ba686,004ba842,func,"__ioinit",
004ba842,004ba8b5,func,"__dosmaperr",
004ba8b5,004ba8be,func,"FUN_004ba8b5",
004ba8be,004ba8c7,func,"FUN_004ba8be",
004ba8c7,004babf6,func,"FUN_004ba8c7",
004babf6,004bace4,func,"__msize",
004bac60,004bac60,label,"FID_conflict:$L16686",Label
004bacdb,004bacdb,label,"FID_conflict:$L16686",Label
004bace4,004bad38,func,"__handle_qnan1",
004bad38,004badd0,func,"__except1",
004badd0,004bb083,func,"__raise_exc",
004bb083,004bb29a,func,"__handle_exc",
004bb29a,004bb322,func,"__umatherr",
004bb322,004bb34a,func,"__set_errno",
004bb34a,004bb36f,func,"__get_fname",
004bb36f,004bb39c,func,"__errcode",
004bb39c,004bb3ae,func,"__frnd",
004bb3ae,004bb3d7,func,"__set_exp",
004bb3d7,004bb431,func,"__sptype",
004bb431,004bb4f2,func,"__decomp",
004bb4f2,004bb500,func,"__statfp",
004bb500,004bb50f,func,"__clrfp",
004bb50f,004bb532,func,"__ctrlfp",
004bb532,004bb588,func,"__set_statfp",
004bb588,004bb610,func,"__fltin2",
004bb610,004bb68b,func,"_strlen",
004bb68b,004bb700,func,"__isctype",
004bb700,004bb78d,func,"__stbuf",
004bb78d,004bb7c0,func,"__ftbuf",
004bb7c0,004bb827,func,"__trandisp1",
004bb827,004bb983,func,"__trandisp2",
004bb983,004bb990,func,"FUN_004bb983",
004bb990,004bb9a7,func,"FUN_004bb990",
004bb9a7,004bb9f0,func,"__startOneArgErrorHandling",
004bb9f0,004bba05,func,"FUN_004bb9f0",
004bba05,004bba1c,func,"FUN_004bba05",
004bba1c,004bba35,func,"FUN_004bba1c",
004bba35,004bba78,func,"FUN_004bba35",
004bba78,004bba8e,func,"FUN_004bba78",
004bba8e,004bba9b,func,"FUN_004bba8e",
004bba9b,004bbac5,func,"__math_exit",
004bbac5,004bbb80,func,"FUN_004bbac5",
004bbb80,004bbb90,func,"FUN_004bbb80",
004bbb87,004bbb90,gap,"GAP_004bbb87",align
004bbb90,004bbc70,func,"_strcat",
004bbc70,004bbd32,func,"___loctotime_t",
004bbd32,004bbd97,func,"__read",
004bbd97,004bbf70,func,"__read_lk",
004bbf70,004bc2a5,func,"_memcpy",noncontig
004bbfa5,004bbfa5,label,"switchD_004bbfa5::switchD",Label
004bbfb8,004bbfb8,label,"switchD_004bbfc4::default",Label
004bbfbd,004bbfbd,label,"switchD_004bbfbd::switchD",Label
004bbfc4,004bbfc4,label,"switchD_004bbfc4::switchD",Label
004bbfcc,004bbfcc,label,"switchD_004bbfcc::switchD",Label
004bbfd4,004bbfe0,jumptable,"switchD_004bbfbd::switchdataD_004bbfd4",ptr
004bbfe0,004bbfe0,label,"switchD_004bbfbd::caseD_1",Label
004bc002,004bc002,label,"switchD_004bc002::switchD",Label
004bc009,004bc00c,gap,"GAP_004bc009",align
004bc00c,004bc00c,label,"switchD_004bbfbd::caseD_2",Label
004bc028,004bc028,label,"switchD_004bc028::switchD",Label
004bc030,004bc030,label,"switchD_004bbfbd::caseD_3",Label
004bc042,004bc042,label,"switchD_004bc042::switchD",Label
004bc049,004bc04c,gap,"GAP_004bc049",align
004bc04c,004bc06c,jumptable,"switchD_004bbfcc::switchdataD_004bc04c",ptr
004bc06c,004bc06c,label,"switchD_004bbfcc::caseD_7",Label
004bc074,004bc074,label,"switchD_004bbfcc::caseD_6",Label
004bc07c,004bc07c,label,"switchD_004bbfcc::caseD_5",Label
004bc084,004bc084,label,"switchD_004bbfcc::caseD_4",Label
004bc08c,004bc08c,label,"switchD_004bbfcc::caseD_3",Label
004bc094,004bc094,label,"switchD_004bbfcc::caseD_2",Label
004bc09c,004bc09c,label,"switchD_004bbfcc::caseD_1",Label
004bc0af,004bc0af,label,"switchD_004bbfcc::caseD_0",Label
004bc0b6,004bc0b8,gap,"GAP_004bc0b6",align
004bc0b8,004bc0c8,jumptable,"switchD_004bbfa5::switchdataD_004bc0b8",ptr
004bc0c8,004bc0c8,label,"switchD_004bbfa5::caseD_0",Label
004bc0d0,004bc0d0,label,"switchD_004bbfa5::caseD_1",Label
004bc0dc,004bc0dc,label,"switchD_004bbfa5::caseD_2",Label
004bc0ed,004bc0f0,gap,"GAP_004bc0ed",align
004bc0f0,004bc0f0,label,"switchD_004bbfa5::caseD_3",Label
004bc127,004bc127,label,"switchD_004bc127::switchD",Label
004bc12e,004bc130,gap,"GAP_004bc12e",align
004bc132,004bc132,label,"switchD_004bc132::switchD",Label
004bc139,004bc13c,gap,"GAP_004bc139",align
004bc148,004bc148,label,"switchD_004bc154::default",Label
004bc14d,004bc14d,label,"switchD_004bc14d::switchD",Label
004bc154,004bc154,label,"switchD_004bc154::switchD",Label
004bc15c,004bc168,jumptable,"switchD_004bc14d::switchdataD_004bc15c",ptr
004bc168,004bc168,label,"switchD_004bc14d::caseD_1",Label
004bc17e,004bc17e,label,"switchD_004bc17e::switchD",Label
004bc185,004bc188,gap,"GAP_004bc185",align
004bc188,004bc188,label,"switchD_004bc14d::caseD_2",Label
004bc1a8,004bc1a8,label,"switchD_004bc1a8::switchD",Label
004bc1b0,004bc1b0,label,"switchD_004bc14d::caseD_3",Label
004bc1da,004bc1da,label,"switchD_004bc1da::switchD",Label
004bc1e1,004bc1e4,gap,"GAP_004bc1e1",align
004bc1e4,004bc204,jumptable,"switchD_004bc132::switchdataD_004bc1e4",ptr
004bc204,004bc204,label,"switchD_004bc132::caseD_7",Label
004bc20c,004bc20c,label,"switchD_004bc132::caseD_6",Label
004bc214,004bc214,label,"switchD_004bc132::caseD_5",Label
004bc21c,004bc21c,label,"switchD_004bc132::caseD_4",Label
004bc224,004bc224,label,"switchD_004bc132::caseD_3",Label
004bc22c,004bc22c,label,"switchD_004bc132::caseD_2",Label
004bc234,004bc234,label,"switchD_004bc132::caseD_1",Label
004bc247,004bc247,label,"switchD_004bc132::caseD_0",Label
004bc24e,004bc250,gap,"GAP_004bc24e",align
004bc250,004bc260,jumptable,"switchD_004bc127::switchdataD_004bc250",ptr
004bc260,004bc260,label,"switchD_004bc127::caseD_0",Label
004bc268,004bc268,label,"switchD_004bc127::caseD_1",Label
004bc275,004bc278,gap,"GAP_004bc275",align
004bc278,004bc278,label,"switchD_004bc127::caseD_2",Label
004bc28c,004bc28c,label,"switchD_004bc127::caseD_3",Label
004bc2a5,004bc30a,func,"__write",
004bc30a,004bc495,func,"__write_lk",
004bc495,004bceba,func,"__input",
004bceba,004bcef1,func,"__hextodec",
004bcef1,004bcf0b,func,"__inc",
004bcf0b,004bcf22,func,"__un_inc",
004bcf22,004bcf46,func,"__whiteout",
004bcf46,004bd105,func,"_raise",
004bd0c8,004bd0c8,label,"$L17058",Label
004bd105,004bd13e,func,"__FF_MSGBANNER",
004bd13e,004bd291,func,"__NMSG_WRITE",
004bd291,004bd2f6,func,"__rt_probe_read4@4",
004bd2f6,004bd51a,func,"___crtLCMapStringA",
004bd51a,004bd545,func,"_strncnt",
004bd545,004bd5d8,func,"__commit",
004bd5d8,004bd715,func,"_calloc",
004bd671,004bd671,label,"FID_conflict:$L16935",Label
004bd6fa,004bd6fa,label,"FID_conflict:$L16935",Label
004bd715,004bd853,func,"__XcptFilter",
004bd853,004bd890,func,"xcptlookup",
004bd890,004bd8ce,func,"__cintrindisp2",
004bd8ce,004bd90b,func,"__cintrindisp1",
004bd90b,004bd953,func,"__ctrandisp2",
004bd953,004bd95a,func,"ctranexit",
004bd95a,004bda8b,func,"cintrinexit",
004bda8b,004bdabe,func,"__ctrandisp1",
004bdabe,004bdb00,func,"__fload",
004bdb00,004bdc17,func,"FUN_004bdb00",
004bdc17,004be0b6,func,"FUN_004bdc17",
004be0b6,004be0c9,func,"FUN_004be0b6",
004be0c9,004be0dc,func,"FUN_004be0c9",
004be0dc,004be128,func,"FUN_004be0dc",
004be128,004be174,func,"FUN_004be128",
004be174,004be1a8,func,"FUN_004be174",
004be1a8,004be1dc,func,"FUN_004be1a8",
004be1dc,004be228,func,"FUN_004be1dc",
004be228,004be274,func,"FUN_004be228",
004be274,004be2a8,func,"FUN_004be274",
004be2a8,004be2dc,func,"FUN_004be2a8",
004be2dc,004be2f1,func,"FUN_004be2dc",
004be2f1,004be306,func,"FUN_004be2f1",
004be306,004be50c,func,"FUN_004be306",
004be50c,004be5be,func,"FUN_004be50c",
004be5be,004be7c4,func,"FUN_004be5be",
004be7c4,004be879,func,"FUN_004be7c4",
004be879,004be87f,func,"FUN_004be879",
004be87f,004be885,func,"FUN_004be87f",
004be885,004be888,func,"FUN_004be885",
004be888,004be88b,func,"FUN_004be888",
004be88b,004bea38,func,"__setmbcp",
004bea38,004bea82,func,"getSystemCP",
004bea82,004beab5,func,"_CPtoLCID",
004beab5,004beade,func,"setSBCS",
004beade,004bec63,func,"setSBUpLow",
004bec63,004bec80,func,"___initmbctable",
004bec80,004bed10,func,"_strcmp",noncontig
004becca,004beccc,gap,"GAP_004becca",align
004bed10,004bede0,func,"__strcmpi",
004bede0,004bee38,func,"__wincmdln",
004bee38,004beef1,func,"__setenvp",
004beef1,004bef8a,func,"__setargv",
004bef8a,004bf13e,func,"parse_cmdline",
004bf13e,004bf270,func,"___crtGetEnvironmentStringsA",
004bf270,004bf30b,func,"___InternalCxxFrameHandler",
004bf30b,004bf4be,func,"FindHandler",
004bf4be,004bf568,func,"FindHandlerForForeignException",
004bf568,004bf5c5,func,"TypeMatch",
004bf5c5,004bf663,func,"___FrameUnwindToState",
004bf663,004bf679,func,"FUN_004bf663",
004bf679,004bf6f4,func,"CatchIt",
004bf6f4,004bf80f,func,"CallCatchBlock",
004bf7c1,004bf7c1,label,"$L17310",Label
004bf80f,004bf839,func,"FUN_004bf80f",
004bf839,004bf9fd,func,"BuildCatchObject",
004bf9fd,004bfa64,func,"_DestructExceptionObject",
004bfa64,004bfa90,func,"AdjustPointer",
004bfa90,004bfadc,func,"__CallSettingFrame@12",
004bfadc,004bfb3d,func,"terminate",
004bfb3d,004bfb93,func,"_inconsistency",
004bfb93,004bfbd9,func,"FUN_004bfb93",
004bfbd9,004bfbea,func,"FUN_004bfbd9",
004bfbea,004bfbf7,func,"FUN_004bfbea",
004bfbf7,004bfc78,func,"FUN_004bfbf7",
004bfc78,004bfd12,func,"__mbsnbcpy",
004bfd12,004bfd84,func,"__mbsrchr",
004bfd84,004bfe29,func,"__fullpath",
004bfe29,004bfe6c,func,"__getdrive",
004bfe6c,004bfee7,func,"__mbctolower",
004bfee7,004bff7c,func,"__mbspbrk",
004bff7c,004bffb1,func,"__control87",
004bffb1,004bffc7,func,"__controlfp",
004bffc7,004c0059,func,"__abstract_cw",
004c0059,004c00e2,func,"__hw_cw",
004c00e2,004c012b,func,"__ZeroTail",
004c012b,004c0181,func,"__IncMan",
004c0181,004c020d,func,"__RoundMan",
004c020d,004c0228,func,"__CopyMan",
004c0228,004c0234,func,"__FillZeroMan",
004c0234,004c024f,func,"__IsZeroMan",
004c024f,004c02dc,func,"__ShrMan",
004c02dc,004c0448,func,"__ld12cvt",
004c0448,004c045e,func,"__ld12tod",
004c045e,004c0474,func,"__ld12tof",
004c0474,004c04a1,func,"FID_conflict:__atodbl",
004c04a1,004c04ce,func,"FID_conflict:__atodbl",
004c04ce,004c0545,func,"__fptostr",
004c0545,004c05a1,func,"__fltout2",
004c05a1,004c0660,func,"___dtold",
004c0660,004c06b8,func,"_memset",
004c06b8,004c06c1,func,"FUN_004c06b8",
004c06c1,004c06d8,func,"_strtol",
004c06d8,004c08dd,func,"strtoxl",
004c08dd,004c0921,func,"__getbuf",
004c0921,004c094a,func,"__isatty",
004c094a,004c09a3,func,"_wctomb",
004c09a3,004c0a10,func,"__wctomb_lk",
004c0a10,004c0a85,func,"__aullrem",
004c0a85,004c0ba8,func,"__alloc_osfhnd",
004c0ba8,004c0c24,func,"__set_osfhnd",
004c0c24,004c0ca3,func,"__free_osfhnd",
004c0ca3,004c0ce5,func,"__get_osfhandle",
004c0ce5,004c0d44,func,"__lock_fhandle",
004c0d44,004c0d66,func,"__unlock_fhandle",
004c0d66,004c1035,func,"__sopen",
004c1035,004c1038,func,"FUN_004c1035",
004c1038,004c1509,func,"___strgtold12",
004c109b,004c109b,label,"switchD_004c109b::switchD",Label
004c10a2,004c10a2,label,"switchD_004c109b::caseD_0",Label
004c10f1,004c10f1,label,"switchD_004c109b::caseD_1",Label
004c1148,004c1148,label,"switchD_004c109b::caseD_2",Label
004c1172,004c1172,label,"switchD_004c109b::caseD_3",Label
004c11cd,004c11cd,label,"switchD_004c109b::caseD_4",Label
004c1244,004c1244,label,"switchD_004c109b::caseD_5",Label
004c127a,004c127a,label,"switchD_004c109b::caseD_6",Label
004c12a3,004c12a3,label,"switchD_004c109b::caseD_8",Label
004c12c4,004c12c4,label,"switchD_004c109b::caseD_7",Label
004c12de,004c12de,label,"switchD_004c109b::caseD_b",Label
004c1312,004c1312,label,"switchD_004c109b::caseD_a",Label
004c1328,004c1328,label,"switchD_004c109b::caseD_9",Label
004c14d9,004c1509,jumptable,"switchD_004c109b::switchdataD_004c14d9",ptr
004c1509,004c1652,func,"___crtGetStringTypeA",
004c1652,004c1722,func,"__87except",
004c1722,004c1750,func,"___tzset",
004c1750,004c19d7,func,"__tzset_lk",
004c19d7,004c19f8,func,"__isindst",
004c19f8,004c1ba4,func,"__isindst_lk",
004c1ba4,004c1ce4,func,"cvtdate",
004c1ce4,004c1d41,func,"_mbtowc",
004c1d41,004c1e10,func,"__mbtowc_lk",
004c1e10,004c1e2f,func,"__allshl",
004c1e2f,004c1e9d,func,"FID_conflict:_ungetc",
004c1e9d,004c1f30,func,"___crtMessageBoxA",
004c1f30,004c1f70,func,"_strcspn",
004c1f70,004c1faa,func,"_strpbrk",
004c1faa,004c1fbb,func,"__ismbblead",
004c1fbb,004c1fec,func,"x_ismbbtype",
004c1fec,004c2008,func,"_ValidateRead",
004c2008,004c2024,func,"_ValidateWrite",
004c2024,004c203c,func,"_ValidateExecute",
004c203c,004c2063,func,"__getcwd",
004c2063,004c2138,func,"__getdcwd_lk",
004c2138,004c216f,func,"__validdrive",
004c216f,004c2190,func,"___addl",
004c2190,004c21ee,func,"___add_12",
004c21ee,004c221c,func,"___shl_12",
004c221c,004c2249,func,"___shr_12",
004c2249,004c2310,func,"___mtold12",
004c2310,004c25a3,func,"$I10_OUTPUT",
004c25a3,004c26c8,func,"__chsize_lk",
004c26c8,004c28e8,func,"___ld12mul",
004c28e8,004c2964,func,"___multtenpow12",
004c2964,004c29f0,func,"__getenv_lk",
004c29f0,004c2af1,func,"__strnicmp",
004c2af1,004c2b52,func,"__setmode_lk",
004c2b52,004c2b91,func,"__mbsnbicoll",
004c2b91,004c2bff,func,"___wtomb_environ",
004c2bff,004c2e7c,func,"___crtCompareStringA",
004c2e7c,004c3003,func,"___crtsetenv",
004c3003,004c305b,func,"findenv",
004c305b,004c30c2,func,"copy_environ",
004c30c2,004c3159,func,"__mbschr",
004c3159,004c3190,func,"__strdup",
004c3190,004c3190,label,"KERNEL32.DLL::RtlUnwind",thunk_external:004c31a0
004c31a0,004c31f0,func,"CBaseHashItem::Next",
004c31f0,004c3200,func,"ChildInfo::ChildInfo",
004c3200,004c3280,func,"CBaseHash::CBaseHash",
004c3280,004c3290,func,"FUN_004c3280",
004c3290,004c32c0,func,"CBaseHash::~CBaseHash",
004c32c0,004c32f0,func,"FUN_004c32c0",
004c32f0,004c3320,func,"CBaseHash::Delete",
004c3320,004c3350,func,"CBaseHash::GetFirst",
004c3350,004c3370,func,"CBaseHash::GetFirstInBin",
004c3370,004c33a0,func,"CVirtBaseList::InsertFirst",
004c33a0,004c33e0,func,"CVirtBaseList::Delete",
004c33e0,004c3514,func,"__strupr",
004c3514,004c3648,func,"__strlwr",
004c3648,004c3680,func,"FUN_004c3648",
004c3680,004c3688,func,"Unwind@004c3680",
004c3688,004c3693,func,"Unwind@004c3688",
004c3693,004c369e,func,"Unwind@004c3693",
004c369e,004c36b0,func,"FUN_004c369e",
004c36b0,004c36b8,func,"Unwind@004c36b0",
004c36b8,004c36d0,func,"FUN_004c36b8",
004c36d0,004c36e0,func,"FUN_004c36d0",
004c36e0,004c36e8,func,"Unwind@004c36e0",
004c36e8,004c36f0,func,"Unwind@004c36e8",
004c36f0,004c36fe,func,"Unwind@004c36f0",
004c36fe,004c370c,func,"Unwind@004c36fe",
004c370c,004c371a,func,"Unwind@004c370c",
004c371a,004c3728,func,"Unwind@004c371a",
004c3728,004c3736,func,"Unwind@004c3728",
004c3736,004c373e,func,"Unwind@004c3736",
004c373e,004c3749,func,"Unwind@004c373e",
004c3749,004c3754,func,"Unwind@004c3749",
004c3754,004c375f,func,"Unwind@004c3754",
004c375f,004c376a,func,"Unwind@004c375f",
004c376a,004c3780,func,"FUN_004c376a",
004c3780,004c3788,func,"Unwind@004c3780",
004c3788,004c3790,func,"Unwind@004c3788",
004c3790,004c379e,func,"Unwind@004c3790",
004c379e,004c37ac,func,"Unwind@004c379e",
004c37ac,004c37ba,func,"Unwind@004c37ac",
004c37ba,004c37c8,func,"Unwind@004c37ba",
004c37c8,004c37d6,func,"Unwind@004c37c8",
004c37d6,004c37de,func,"Unwind@004c37d6",
004c37de,004c37e9,func,"Unwind@004c37de",
004c37e9,004c37f4,func,"Unwind@004c37e9",
004c37f4,004c37ff,func,"Unwind@004c37f4",
004c37ff,004c380a,func,"Unwind@004c37ff",
004c380a,004c3820,func,"FUN_004c380a",
004c3820,004c3828,func,"Unwind@004c3820",
004c3828,004c3833,func,"Unwind@004c3828",
004c3833,004c383e,func,"Unwind@004c3833",
004c383e,004c3849,func,"Unwind@004c383e",
004c3849,004c3854,func,"Unwind@004c3849",
004c3854,004c3860,func,"FUN_004c3854",
004c3860,004c386b,func,"Unwind@004c3860",
004c386b,004c3880,func,"FUN_004c386b",
004c3880,004c3888,func,"Unwind@004c3880",
004c3888,004c3896,func,"Unwind@004c3888",
004c3896,004c38a4,func,"Unwind@004c3896",
004c38a4,004c38b2,func,"Unwind@004c38a4",
004c38b2,004c38c0,func,"Unwind@004c38b2",
004c38c0,004c38c8,func,"Unwind@004c38c0",
004c38c8,004c38d0,func,"Unwind@004c38c8",
004c38d0,004c38d8,func,"Unwind@004c38d0",
004c38d8,004c38e0,func,"Unwind@004c38d8",
004c38e0,004c38eb,func,"Unwind@004c38e0",
004c38eb,004c38f3,func,"Unwind@004c38eb",
004c38f3,004c38fb,func,"Unwind@004c38f3",
004c38fb,004c3909,func,"Unwind@004c38fb",
004c3909,004c3917,func,"Unwind@004c3909",
004c3917,004c3925,func,"Unwind@004c3917",
004c3925,004c3933,func,"Unwind@004c3925",
004c3933,004c3941,func,"Unwind@004c3933",
004c3941,004c3950,func,"FUN_004c3941",
004c3950,004c3958,func,"Unwind@004c3950",
004c3958,004c3960,func,"Unwind@004c3958",
004c3960,004c3970,func,"FUN_004c3960",
004c3970,004c3978,func,"Unwind@004c3970",
004c3978,004c3980,func,"Unwind@004c3978",
004c3980,004c3990,func,"FUN_004c3980",
004c3990,004c3998,func,"Unwind@004c3990",
004c3998,004c39a0,func,"Unwind@004c3998",
004c39a0,004c39b0,func,"FUN_004c39a0",
004c39b0,004c39b8,func,"Unwind@004c39b0",
004c39b8,004c39c3,func,"Unwind@004c39b8",
004c39c3,004c39cb,func,"Unwind@004c39c3",
004c39cb,004c39d6,func,"Unwind@004c39cb",
004c39d6,004c39de,func,"Unwind@004c39d6",
004c39de,004c39e9,func,"Unwind@004c39de",
004c39e9,004c39f1,func,"Unwind@004c39e9",
004c39f1,004c39f9,func,"Unwind@004c39f1",
004c39f9,004c3a01,func,"Unwind@004c39f9",
004c3a01,004c3a10,func,"FUN_004c3a01",
004c3a10,004c3a1b,func,"Unwind@004c3a10",
004c3a1b,004c3a26,func,"Unwind@004c3a1b",
004c3a26,004c3a31,func,"Unwind@004c3a26",
004c3a31,004c3a40,func,"FUN_004c3a31",
004c3a40,004c3a48,func,"Unwind@004c3a40",
004c3a48,004c3a56,func,"Unwind@004c3a48",
004c3a56,004c3a64,func,"Unwind@004c3a56",
004c3a64,004c3a72,func,"Unwind@004c3a64",
004c3a72,004c3a80,func,"Unwind@004c3a72",
004c3a80,004c3a8e,func,"Unwind@004c3a80",
004c3a8e,004c3a96,func,"Unwind@004c3a8e",
004c3a96,004c3aa1,func,"Unwind@004c3a96",
004c3aa1,004c3aac,func,"Unwind@004c3aa1",
004c3aac,004c3ab7,func,"Unwind@004c3aac",
004c3ab7,004c3ac2,func,"Unwind@004c3ab7",
004c3ac2,004c3ad0,func,"FUN_004c3ac2",
004c3ad0,004c3ad8,func,"Unwind@004c3ad0",
004c3ad8,004c3ae0,func,"Unwind@004c3ad8",
004c3ae0,004c3af0,func,"FUN_004c3ae0",
004c3af0,004c3af8,func,"Unwind@004c3af0",
004c3af8,004c3b00,func,"Unwind@004c3af8",
004c3b00,004c3b0b,func,"Unwind@004c3b00",
004c3b0b,004c3b13,func,"Unwind@004c3b0b",
004c3b13,004c3b21,func,"Unwind@004c3b13",
004c3b21,004c3b29,func,"Unwind@004c3b21",
004c3b29,004c3b31,func,"Unwind@004c3b29",
004c3b31,004c3b3c,func,"Unwind@004c3b31",
004c3b3c,004c3b4a,func,"Unwind@004c3b3c",
004c3b4a,004c3b58,func,"Unwind@004c3b4a",
004c3b58,004c3b70,func,"FUN_004c3b58",
004c3b70,004c3b78,func,"Unwind@004c3b70",
004c3b78,004c3b86,func,"Unwind@004c3b78",
004c3b86,004c3b91,func,"Unwind@004c3b86",
004c3b91,004c3b9c,func,"Unwind@004c3b91",
004c3b9c,004c3bb0,func,"FUN_004c3b9c",
004c3bb0,004c3bb8,func,"Unwind@004c3bb0",
004c3bb8,004c3bd0,func,"FUN_004c3bb8",
004c3bd0,004c3bd8,func,"Unwind@004c3bd0",
004c3bd8,004c3be3,func,"Unwind@004c3bd8",
004c3be3,004c3bf1,func,"Unwind@004c3be3",
004c3bf1,004c3bff,func,"Unwind@004c3bf1",
004c3bff,004c3c0d,func,"Unwind@004c3bff",
004c3c0d,004c3c20,func,"FUN_004c3c0d",
004c3c20,004c3c28,func,"Unwind@004c3c20",
004c3c28,004c3c33,func,"Unwind@004c3c28",
004c3c33,004c3c3b,func,"Unwind@004c3c33",
004c3c3b,004c3c49,func,"Unwind@004c3c3b",
004c3c49,004c3c57,func,"Unwind@004c3c49",
004c3c57,004c3c65,func,"Unwind@004c3c57",
004c3c65,004c3c73,func,"Unwind@004c3c65",
004c3c73,004c3c81,func,"Unwind@004c3c73",
004c3c81,004c3c8c,func,"Unwind@004c3c81",
004c3c8c,004c3c94,func,"Unwind@004c3c8c",
004c3c94,004c3ca0,func,"FUN_004c3c94",
004c3ca0,004c3ca8,func,"Unwind@004c3ca0",
004c3ca8,004c3cb0,func,"Unwind@004c3ca8",
004c3cb0,004c3cb8,func,"Unwind@004c3cb0",
004c3cb8,004c3cc0,func,"Unwind@004c3cb8",
004c3cc0,004c3cd0,func,"FUN_004c3cc0",
004c3cd0,004c3cd8,func,"Unwind@004c3cd0",
004c3cd8,004c3ce0,func,"Unwind@004c3cd8",
004c3ce0,004c3ce8,func,"Unwind@004c3ce0",
004c3ce8,004c3cf3,func,"Unwind@004c3ce8",
004c3cf3,004c3d00,func,"FUN_004c3cf3",
004c3d00,004c3d08,func,"Unwind@004c3d00",
004c3d08,004c3d16,func,"Unwind@004c3d08",
004c3d16,004c3d1e,func,"Unwind@004c3d16",
004c3d1e,004c3d30,func,"FUN_004c3d1e",
004c3d30,004c3d38,func,"Unwind@004c3d30",
004c3d38,004c3d4f,func,"Unwind@004c3d38",
004c3d4f,004c3d60,func,"FUN_004c3d4f",
004c3d60,004c3d70,func,"FUN_004c3d60",
004c3d70,004c3d78,func,"Unwind@004c3d70",
004c3d78,004c3d83,func,"Unwind@004c3d78",
004c3d83,004c3d90,func,"FUN_004c3d83",
004c3d90,004c3d98,func,"Unwind@004c3d90",
004c3d98,004c3da0,func,"Unwind@004c3d98",
004c3da0,004c3da8,func,"Unwind@004c3da0",
004c3da8,004c3db0,func,"Unwind@004c3da8",
004c3db0,004c3db8,func,"Unwind@004c3db0",
004c3db8,004c3dc0,func,"Unwind@004c3db8",
004c3dc0,004c3dd0,func,"FUN_004c3dc0",
004c3dd0,004c3ddb,func,"Unwind@004c3dd0",
004c3ddb,004c3de3,func,"Unwind@004c3ddb",
004c3de3,004c3df1,func,"Unwind@004c3de3",
004c3df1,004c3df9,func,"Unwind@004c3df1",
004c3df9,004c3e07,func,"Unwind@004c3df9",
004c3e07,004c3e15,func,"Unwind@004c3e07",
004c3e15,004c3e23,func,"Unwind@004c3e15",
004c3e23,004c3e31,func,"Unwind@004c3e23",
004c3e31,004c3e3c,func,"Unwind@004c3e31",
004c3e3c,004c3e44,func,"Unwind@004c3e3c",
004c3e44,004c3e50,func,"FUN_004c3e44",
004c3e50,004c3e58,func,"Unwind@004c3e50",
004c3e58,004c3e60,func,"Unwind@004c3e58",
004c3e60,004c3e68,func,"Unwind@004c3e60",
004c3e68,004c3e70,func,"Unwind@004c3e68",
004c3e70,004c3e78,func,"Unwind@004c3e70",
004c3e78,004c3e80,func,"Unwind@004c3e78",
004c3e80,004c3e88,func,"Unwind@004c3e80",
004c3e88,004c3e93,func,"Unwind@004c3e88",
004c3e93,004c3e9b,func,"Unwind@004c3e93",
004c3e9b,004c3eb0,func,"FUN_004c3e9b",
004c3eb0,004c3eb8,func,"Unwind@004c3eb0",
004c3eb8,004c3ed0,func,"FUN_004c3eb8",
004c3ed0,004c3ee0,func,"FUN_004c3ed0",
004c3ee0,004c3ee8,func,"Unwind@004c3ee0",
004c3ee8,004c3ef3,func,"Unwind@004c3ee8",
004c3ef3,004c3f00,func,"FUN_004c3ef3",
004c3f00,004c3f0b,func,"Unwind@004c3f00",
004c3f0b,004c3f16,func,"Unwind@004c3f0b",
004c3f16,004c3f21,func,"Unwind@004c3f16",
004c3f21,004c3f2c,func,"Unwind@004c3f21",
004c3f2c,004c3f40,func,"FUN_004c3f2c",
004c3f40,004c3f4b,func,"Unwind@004c3f40",
004c3f4b,004c3f60,func,"FUN_004c3f4b",
004c3f60,004c3f68,func,"Unwind@004c3f60",
004c3f68,004c3f70,func,"Unwind@004c3f68",
004c3f70,004c3f78,func,"Unwind@004c3f70",
004c3f78,004c3f90,func,"FUN_004c3f78",
004c3f90,004c3f98,func,"Unwind@004c3f90",
004c3f98,004c3fa0,func,"Unwind@004c3f98",
004c3fa0,004c3fa8,func,"Unwind@004c3fa0",
004c3fa8,004c3fc0,func,"FUN_004c3fa8",
004c3fc0,004c3fc8,func,"Unwind@004c3fc0",
004c3fc8,004c3fd0,func,"Unwind@004c3fc8",
004c3fd0,004c3fd8,func,"Unwind@004c3fd0",
004c3fd8,004c3ff0,func,"FUN_004c3fd8",
004c3ff0,004c3ff8,func,"Unwind@004c3ff0",
004c3ff8,004c4000,func,"Unwind@004c3ff8",
004c4000,004c4008,func,"Unwind@004c4000",
004c4008,004c4020,func,"FUN_004c4008",
004c4020,004c4028,func,"Unwind@004c4020",
004c4028,004c4033,func,"Unwind@004c4028",
004c4033,004c403e,func,"Unwind@004c4033",
004c403e,004c4050,func,"FUN_004c403e",
004c4050,004c405e,func,"Unwind@004c4050",
004c405e,004c4066,func,"Unwind@004c405e",
004c4066,004c4071,func,"Unwind@004c4066",
004c4071,004c407c,func,"Unwind@004c4071",
004c407c,004c4087,func,"Unwind@004c407c",
004c4087,004c40a0,func,"FUN_004c4087",
004c40a0,004c40ae,func,"Unwind@004c40a0",
004c40ae,004c40b6,func,"Unwind@004c40ae",
004c40b6,004c40c1,func,"Unwind@004c40b6",
004c40c1,004c40cc,func,"Unwind@004c40c1",
004c40cc,004c40d7,func,"Unwind@004c40cc",
004c40d7,004c40f0,func,"FUN_004c40d7",
004c40f0,004c40fe,func,"Unwind@004c40f0",
004c40fe,004c4106,func,"Unwind@004c40fe",
004c4106,004c4111,func,"Unwind@004c4106",
004c4111,004c411c,func,"Unwind@004c4111",
004c411c,004c4127,func,"Unwind@004c411c",
004c4127,004c4140,func,"FUN_004c4127",
004c4140,004c414b,func,"Unwind@004c4140",
004c414b,004c4160,func,"FUN_004c414b",
004c4160,004c4168,func,"Unwind@004c4160",
004c4168,004c4170,func,"Unwind@004c4168",
004c4170,004c4180,func,"FUN_004c4170",
004c4180,004c4188,func,"Unwind@004c4180",
004c4188,004c41a0,func,"FUN_004c4188",
004c41a0,004c41a8,func,"Unwind@004c41a0",
004c41a8,004c41c0,func,"FUN_004c41a8",
004c41c0,004c41c8,func,"Unwind@004c41c0",
004c41c8,004c41e0,func,"FUN_004c41c8",
004c41e0,004c41e8,func,"Unwind@004c41e0",
004c41e8,004c4200,func,"FUN_004c41e8",
004c4200,004c4208,func,"Unwind@004c4200",
004c4208,004c4210,func,"Unwind@004c4208",
004c4210,004c4218,func,"Unwind@004c4210",
004c4218,004c4230,func,"FUN_004c4218",
004c4230,004c423b,func,"Unwind@004c4230",
004c423b,004c4246,func,"Unwind@004c423b",
004c4246,004c4251,func,"Unwind@004c4246",
004c4251,004c4260,func,"FUN_004c4251",
004c4260,004c4268,func,"Unwind@004c4260",
004c4268,004c4280,func,"FUN_004c4268",
004c4280,004c4288,func,"Unwind@004c4280",
004c4288,004c4299,func,"Unwind@004c4288",
004c4299,004c42a1,func,"Unwind@004c4299",
004c42a1,004c42a9,func,"Unwind@004c42a1",
004c42a9,004c42c0,func,"FUN_004c42a9",
004c42c0,004c42c8,func,"Unwind@004c42c0",
004c42c8,004c42e0,func,"FUN_004c42c8",
004c42e0,004c42e8,func,"Unwind@004c42e0",
004c42e8,004c4300,func,"FUN_004c42e8",
004c4300,004c4310,func,"FUN_004c4300",
004c4310,004c4320,func,"FUN_004c4310",
004c4320,004c4330,func,"FUN_004c4320",
004c4330,004c4340,func,"FUN_004c4330",
004c4340,004c4350,func,"FUN_004c4340",
004c4350,004c4360,func,"FUN_004c4350",
004c4360,004c4368,func,"Unwind@004c4360",
004c4368,004c4380,func,"FUN_004c4368",
004c4380,004c4388,func,"Unwind@004c4380",
004c4388,004c4390,func,"Unwind@004c4388",
004c4390,004c4398,func,"Unwind@004c4390",
004c4398,004c43a0,func,"Unwind@004c4398",
004c43a0,004c43a8,func,"Unwind@004c43a0",
004c43a8,004c43b0,func,"Unwind@004c43a8",
004c43b0,004c43c0,func,"FUN_004c43b0",
004c43c0,004c43c8,func,"Unwind@004c43c0",
004c43c8,004c43d3,func,"Unwind@004c43c8",
004c43d3,004c43e0,func,"FUN_004c43d3",
004c43e0,004c43eb,func,"Unwind@004c43e0",
004c43eb,004c43f6,func,"Unwind@004c43eb",
004c43f6,004c4401,func,"Unwind@004c43f6",
004c4401,004c440c,func,"Unwind@004c4401",
004c440c,004c4417,func,"Unwind@004c440c",
004c4417,004c4430,func,"FUN_004c4417",
004c4430,004c443b,func,"Unwind@004c4430",
004c443b,004c4450,func,"FUN_004c443b",
004c4450,004c445b,func,"Unwind@004c4450",
004c445b,004c4470,func,"FUN_004c445b",
004c4470,004c4478,func,"Unwind@004c4470",
004c4478,004c4480,func,"Unwind@004c4478",
004c4480,004c4488,func,"Unwind@004c4480",
004c4488,004c4490,func,"Unwind@004c4488",
004c4490,004c44a7,func,"Unwind@004c4490",
004c44a7,004c44af,func,"Unwind@004c44a7",
004c44af,004c44c0,func,"FUN_004c44af",
004c44c0,004c44c8,func,"Unwind@004c44c0",
004c44c8,004c44d0,func,"Unwind@004c44c8",
004c44d0,004c44d8,func,"Unwind@004c44d0",
004c44d8,004c44e0,func,"Unwind@004c44d8",
004c44e0,004c44e8,func,"Unwind@004c44e0",
004c44e8,004c44f0,func,"Unwind@004c44e8",
004c44f0,004c4500,func,"FUN_004c44f0",
004c4500,004c4508,func,"Unwind@004c4500",
004c4508,004c4513,func,"Unwind@004c4508",
004c4513,004c4520,func,"FUN_004c4513",
004c4520,004c452b,func,"Unwind@004c4520",
004c452b,004c4536,func,"Unwind@004c452b",
004c4536,004c4541,func,"Unwind@004c4536",
004c4541,004c454c,func,"Unwind@004c4541",
004c454c,004c4557,func,"Unwind@004c454c",
004c4557,004c4570,func,"FUN_004c4557",
004c4570,004c4578,func,"Unwind@004c4570",
004c4578,004c4580,func,"Unwind@004c4578",
004c4580,004c4588,func,"Unwind@004c4580",
004c4588,004c4590,func,"Unwind@004c4588",
004c4590,004c4598,func,"Unwind@004c4590",
004c4598,004c45a0,func,"Unwind@004c4598",
004c45a0,004c45b0,func,"FUN_004c45a0",
004c45b0,004c45b8,func,"Unwind@004c45b0",
004c45b8,004c45c0,func,"Unwind@004c45b8",
004c45c0,004c45c8,func,"Unwind@004c45c0",
004c45c8,004c45d0,func,"Unwind@004c45c8",
004c45d0,004c45d8,func,"Unwind@004c45d0",
004c45d8,004c45e0,func,"Unwind@004c45d8",
004c45e0,004c45e8,func,"Unwind@004c45e0",
004c45e8,004c4600,func,"FUN_004c45e8",
004c4600,004c4608,func,"Unwind@004c4600",
004c4608,004c4610,func,"Unwind@004c4608",
004c4610,004c4618,func,"Unwind@004c4610",
004c4618,004c4620,func,"Unwind@004c4618",
004c4620,004c4628,func,"Unwind@004c4620",
004c4628,004c4630,func,"Unwind@004c4628",
004c4630,004c463b,func,"Unwind@004c4630",
004c463b,004c4646,func,"Unwind@004c463b",
004c4646,004c464e,func,"Unwind@004c4646",
004c464e,004c4656,func,"Unwind@004c464e",
004c4656,004c465e,func,"Unwind@004c4656",
004c465e,004c4670,func,"FUN_004c465e",
004c4670,004c4678,func,"Unwind@004c4670",
004c4678,004c4690,func,"FUN_004c4678",
004c4690,004c4698,func,"Unwind@004c4690",
004c4698,004c46b0,func,"FUN_004c4698",
004c46b0,004c46b8,func,"Unwind@004c46b0",
004c46b8,004c46c0,func,"Unwind@004c46b8",
004c46c0,004c46d0,func,"FUN_004c46c0",
004c46d0,004c46d8,func,"Unwind@004c46d0",
004c46d8,004c46e3,func,"Unwind@004c46d8",
004c46e3,004c46eb,func,"Unwind@004c46e3",
004c46eb,004c46f3,func,"Unwind@004c46eb",
004c46f3,004c46fe,func,"Unwind@004c46f3",
004c46fe,004c4709,func,"Unwind@004c46fe",
004c4709,004c4714,func,"Unwind@004c4709",
004c4714,004c471f,func,"Unwind@004c4714",
004c471f,004c472a,func,"Unwind@004c471f",
004c472a,004c4735,func,"Unwind@004c472a",
004c4735,004c4740,func,"FUN_004c4735",
004c4740,004c474b,func,"Unwind@004c4740",
004c474b,004c4756,func,"Unwind@004c474b",
004c4756,004c4761,func,"Unwind@004c4756",
004c4761,004c476c,func,"Unwind@004c4761",
004c476c,004c4777,func,"Unwind@004c476c",
004c4777,004c4782,func,"Unwind@004c4777",
004c4782,004c478a,func,"Unwind@004c4782",
004c478a,004c4792,func,"Unwind@004c478a",
004c4792,004c479a,func,"Unwind@004c4792",
004c479a,004c47a5,func,"Unwind@004c479a",
004c47a5,004c47b0,func,"Unwind@004c47a5",
004c47b0,004c47bb,func,"Unwind@004c47b0",
004c47bb,004c47c6,func,"Unwind@004c47bb",
004c47c6,004c47d1,func,"Unwind@004c47c6",
004c47d1,004c47dc,func,"Unwind@004c47d1",
004c47dc,004c47e7,func,"Unwind@004c47dc",
004c47e7,004c47f5,func,"Unwind@004c47e7",
004c47f5,004c4800,func,"Unwind@004c47f5",
004c4800,004c4810,func,"FUN_004c4800",
004c4810,004c4818,func,"Unwind@004c4810",
004c4818,004c4820,func,"Unwind@004c4818",
004c4820,004c4830,func,"FUN_004c4820",
004c4830,004c4838,func,"Unwind@004c4830",
004c4838,004c4850,func,"FUN_004c4838",
004c4850,004c4858,func,"Unwind@004c4850",
004c4858,004c4870,func,"FUN_004c4858",
004c4870,004c4878,func,"Unwind@004c4870",
004c4878,004c4890,func,"FUN_004c4878",
004c4890,004c4898,func,"Unwind@004c4890",
004c4898,004c48b0,func,"FUN_004c4898",
004c48b0,004c48b8,func,"Unwind@004c48b0",
004c48b8,004c48d0,func,"FUN_004c48b8",
004c48d0,004c48d8,func,"Unwind@004c48d0",
004c48d8,004c48f0,func,"FUN_004c48d8",
004c48f0,004c48f8,func,"Unwind@004c48f0",
004c48f8,004c4910,func,"FUN_004c48f8",
004c4910,004c4918,func,"Unwind@004c4910",
004c4918,004c4930,func,"FUN_004c4918",
004c4930,004c4938,func,"Unwind@004c4930",
004c4938,004c4943,func,"Unwind@004c4938",
004c4943,004c4951,func,"Unwind@004c4943",
004c4951,004c4959,func,"Unwind@004c4951",
004c4959,004c4964,func,"Unwind@004c4959",
004c4964,004c4970,func,"FUN_004c4964",
004c4970,004c497b,func,"Unwind@004c4970",
004c497b,004c4986,func,"Unwind@004c497b",
004c4986,004c4991,func,"Unwind@004c4986",
004c4991,004c499c,func,"Unwind@004c4991",
004c499c,004c49a7,func,"Unwind@004c499c",
004c49a7,004c49b2,func,"Unwind@004c49a7",
004c49b2,004c49bd,func,"Unwind@004c49b2",
004c49bd,004c49c8,func,"Unwind@004c49bd",
004c49c8,004c49d6,func,"Unwind@004c49c8",
004c49d6,004c49e4,func,"Unwind@004c49d6",
004c49e4,004c49ef,func,"Unwind@004c49e4",
004c49ef,004c4a00,func,"FUN_004c49ef",
004c4a00,004c4a08,func,"Unwind@004c4a00",
004c4a08,004c4a16,func,"Unwind@004c4a08",
004c4a16,004c4a24,func,"Unwind@004c4a16",
004c4a24,004c4a32,func,"Unwind@004c4a24",
004c4a32,004c4a40,func,"Unwind@004c4a32",
004c4a40,004c4a4e,func,"Unwind@004c4a40",
004c4a4e,004c4a5c,func,"Unwind@004c4a4e",
004c4a5c,004c4a70,func,"FUN_004c4a5c",
004c4a70,004c4a78,func,"Unwind@004c4a70",
004c4a78,004c4a86,func,"Unwind@004c4a78",
004c4a86,004c4a94,func,"Unwind@004c4a86",
004c4a94,004c4aa2,func,"Unwind@004c4a94",
004c4aa2,004c4ab0,func,"Unwind@004c4aa2",
004c4ab0,004c4abe,func,"Unwind@004c4ab0",
004c4abe,004c4acc,func,"Unwind@004c4abe",
004c4acc,004c4ae0,func,"FUN_004c4acc",
004c4ae0,004c4ae8,func,"Unwind@004c4ae0",
004c4ae8,004c4af0,func,"Unwind@004c4ae8",
004c4af0,004c4af8,func,"Unwind@004c4af0",
004c4af8,004c4b10,func,"FUN_004c4af8",
004c4b10,004c4b1b,func,"Unwind@004c4b10",
004c4b1b,004c4b30,func,"FUN_004c4b1b",
004c4b30,004c4b38,func,"Unwind@004c4b30",
004c4b38,004c4b40,func,"Unwind@004c4b38",
004c4b40,004c4b48,func,"Unwind@004c4b40",
004c4b48,004c4b60,func,"FUN_004c4b48",
004c4b60,004c4b7a,func,"Unwind@004c4b60",
004c4b7a,004c4b82,func,"Unwind@004c4b7a",
004c4b82,004c4b8d,func,"Unwind@004c4b82",
004c4b8d,004c4b98,func,"Unwind@004c4b8d",
004c4b98,004c4ba3,func,"Unwind@004c4b98",
004c4ba3,004c4bb6,func,"Unwind@004c4ba3",
004c4bb6,004c4bbe,func,"Unwind@004c4bb6",
004c4bbe,004c4bc9,func,"Unwind@004c4bbe",
004c4bc9,004c4bd4,func,"Unwind@004c4bc9",
004c4bd4,004c4bdf,func,"Unwind@004c4bd4",
004c4bdf,004c4bea,func,"Unwind@004c4bdf",
004c4bea,004c4bf5,func,"Unwind@004c4bea",
004c4bf5,004c4c00,func,"Unwind@004c4bf5",
004c4c00,004c4c0b,func,"Unwind@004c4c00",
004c4c0b,004c4c16,func,"Unwind@004c4c0b",
004c4c16,004c4c20,func,"FUN_004c4c16",
004c4c20,004c4c3a,func,"Unwind@004c4c20",
004c4c3a,004c4c45,func,"Unwind@004c4c3a",
004c4c45,004c4c50,func,"Unwind@004c4c45",
004c4c50,004c4c5b,func,"Unwind@004c4c50",
004c4c5b,004c4c66,func,"Unwind@004c4c5b",
004c4c66,004c4c71,func,"Unwind@004c4c66",
004c4c71,004c4c7c,func,"Unwind@004c4c71",
004c4c7c,004c4c84,func,"Unwind@004c4c7c",
004c4c84,004c4c8c,func,"Unwind@004c4c84",
004c4c8c,004c4c94,func,"Unwind@004c4c8c",
004c4c94,004c4c9c,func,"Unwind@004c4c94",
004c4c9c,004c4ca7,func,"Unwind@004c4c9c",
004c4ca7,004c4cb2,func,"Unwind@004c4ca7",
004c4cb2,004c4cbd,func,"Unwind@004c4cb2",
004c4cbd,004c4cc8,func,"Unwind@004c4cbd",
004c4cc8,004c4cd3,func,"Unwind@004c4cc8",
004c4cd3,004c4cde,func,"Unwind@004c4cd3",
004c4cde,004c4ce9,func,"Unwind@004c4cde",
004c4ce9,004c4cf4,func,"Unwind@004c4ce9",
004c4cf4,004c4cff,func,"Unwind@004c4cf4",
004c4cff,004c4d0a,func,"Unwind@004c4cff",
004c4d0a,004c4d15,func,"Unwind@004c4d0a",
004c4d15,004c4d20,func,"Unwind@004c4d15",
004c4d20,004c4d2b,func,"Unwind@004c4d20",
004c4d2b,004c4d40,func,"FUN_004c4d2b",
004c4d40,004c4d48,func,"Unwind@004c4d40",
004c4d48,004c4d50,func,"Unwind@004c4d48",
004c4d50,004c4d58,func,"Unwind@004c4d50",
004c4d58,004c4d70,func,"FUN_004c4d58",
004c4d70,004c4d7b,func,"Unwind@004c4d70",
004c4d7b,004c4d86,func,"Unwind@004c4d7b",
004c4d86,004c4d91,func,"Unwind@004c4d86",
004c4d91,004c4d9c,func,"Unwind@004c4d91",
004c4d9c,004c4da7,func,"Unwind@004c4d9c",
004c4da7,004c4db2,func,"Unwind@004c4da7",
004c4db2,004c4dbd,func,"Unwind@004c4db2",
004c4dbd,004c4dc8,func,"Unwind@004c4dbd",
004c4dc8,004c4dd3,func,"Unwind@004c4dc8",
004c4dd3,004c4dde,func,"Unwind@004c4dd3",
004c4dde,004c4de9,func,"Unwind@004c4dde",
004c4de9,004c4df4,func,"Unwind@004c4de9",
004c4df4,004c4dff,func,"Unwind@004c4df4",
004c4dff,004c4e0a,func,"Unwind@004c4dff",
004c4e0a,004c4e15,func,"Unwind@004c4e0a",
004c4e15,004c4e20,func,"FUN_004c4e15",
004c4e20,004c4e28,func,"Unwind@004c4e20",
004c4e28,004c4e30,func,"Unwind@004c4e28",
004c4e30,004c4e38,func,"Unwind@004c4e30",
004c4e38,004c4e43,func,"Unwind@004c4e38",
004c4e43,004c4e4e,func,"Unwind@004c4e43",
004c4e4e,004c4e56,func,"Unwind@004c4e4e",
004c4e56,004c4e61,func,"Unwind@004c4e56",
004c4e61,004c4e70,func,"FUN_004c4e61",
004c4e70,004c4e78,func,"Unwind@004c4e70",
004c4e78,004c4e80,func,"Unwind@004c4e78",
004c4e80,004c4e88,func,"Unwind@004c4e80",
004c4e88,004c4ea0,func,"FUN_004c4e88",
004c4ea0,004c4ea8,func,"Unwind@004c4ea0",
004c4ea8,004c4eb0,func,"Unwind@004c4ea8",
004c4eb0,004c4eb8,func,"Unwind@004c4eb0",
004c4eb8,004c4ec3,func,"Unwind@004c4eb8",
004c4ec3,004c4ece,func,"Unwind@004c4ec3",
004c4ece,004c4ed9,func,"Unwind@004c4ece",
004c4ed9,004c4ef0,func,"FUN_004c4ed9",
004c4ef0,004c4ef8,func,"Unwind@004c4ef0",
004c4ef8,004c4f00,func,"Unwind@004c4ef8",
004c4f00,004c4f08,func,"Unwind@004c4f00",
004c4f08,004c4f20,func,"FUN_004c4f08",
004c4f20,004c4f28,func,"Unwind@004c4f20",
004c4f28,004c4f30,func,"Unwind@004c4f28",
004c4f30,004c4f38,func,"Unwind@004c4f30",
004c4f38,004c4f40,func,"Unwind@004c4f38",
004c4f40,004c4f50,func,"FUN_004c4f40",
004c4f50,004c4f58,func,"Unwind@004c4f50",
004c4f58,004c4f63,func,"Unwind@004c4f58",
004c4f63,004c4f6b,func,"Unwind@004c4f63",
004c4f6b,004c4f80,func,"FUN_004c4f6b",
004c4f80,004c4f88,func,"Unwind@004c4f80",
004c4f88,004c4f90,func,"Unwind@004c4f88",
004c4f90,004c4f98,func,"Unwind@004c4f90",
004c4f98,004c4faf,func,"Unwind@004c4f98",
004c4faf,004c4fb7,func,"Unwind@004c4faf",
004c4fb7,004c4fd0,func,"FUN_004c4fb7",
004c4fd0,004c4fd8,func,"Unwind@004c4fd0",
004c4fd8,004c4fe0,func,"Unwind@004c4fd8",
004c4fe0,004c4fe8,func,"Unwind@004c4fe0",
004c4fe8,004c4ff0,func,"Unwind@004c4fe8",
004c4ff0,004c4ff8,func,"Unwind@004c4ff0",
004c4ff8,004c500f,func,"Unwind@004c4ff8",
004c500f,004c5017,func,"Unwind@004c500f",
004c5017,004c5030,func,"FUN_004c5017",
004c5030,004c5038,func,"Unwind@004c5030",
004c5038,004c5043,func,"Unwind@004c5038",
004c5043,004c504b,func,"Unwind@004c5043",
004c504b,004c5056,func,"Unwind@004c504b",
004c5056,004c505e,func,"Unwind@004c5056",
004c505e,004c5069,func,"Unwind@004c505e",
004c5069,004c5077,func,"Unwind@004c5069",
004c5077,004c507f,func,"Unwind@004c5077",
004c507f,004c5087,func,"Unwind@004c507f",
004c5087,004c50a0,func,"FUN_004c5087",
004c50a0,004c50a8,func,"Unwind@004c50a0",
004c50a8,004c50b0,func,"Unwind@004c50a8",
004c50b0,004c50c0,func,"FUN_004c50b0",
004c50c0,004c50c8,func,"Unwind@004c50c0",
004c50c8,004c50d0,func,"Unwind@004c50c8",
004c50d0,004c50d8,func,"Unwind@004c50d0",
004c50d8,004c50e0,func,"Unwind@004c50d8",
004c50e0,004c50f0,func,"FUN_004c50e0",
004c50f0,004c50f8,func,"Unwind@004c50f0",
004c50f8,004c5100,func,"Unwind@004c50f8",
004c5100,004c5108,func,"Unwind@004c5100",
004c5108,004c5110,func,"Unwind@004c5108",
004c5110,004c5118,func,"Unwind@004c5110",
004c5118,004c512f,func,"Unwind@004c5118",
004c512f,004c5137,func,"Unwind@004c512f",
004c5137,004c5150,func,"FUN_004c5137",
004c5150,004c5158,func,"Unwind@004c5150",
004c5158,004c5160,func,"Unwind@004c5158",
004c5160,004c5168,func,"Unwind@004c5160",
004c5168,004c5170,func,"Unwind@004c5168",
004c5170,004c5187,func,"Unwind@004c5170",
004c5187,004c518f,func,"Unwind@004c5187",
004c518f,004c51a0,func,"FUN_004c518f",
004c51a0,004c51ab,func,"Unwind@004c51a0",
004c51ab,004c51b6,func,"Unwind@004c51ab",
004c51b6,004c51c1,func,"Unwind@004c51b6",
004c51c1,004c51d0,func,"FUN_004c51c1",
004c51d0,004c51db,func,"Unwind@004c51d0",
004c51db,004c51f0,func,"FUN_004c51db",
004c51f0,004c51fb,func,"Unwind@004c51f0",
004c51fb,004c5210,func,"FUN_004c51fb",
004c5210,004c521b,func,"Unwind@004c5210",
004c521b,004c5226,func,"Unwind@004c521b",
004c5226,004c5230,func,"FUN_004c5226",
004c5230,004c523b,func,"Unwind@004c5230",
004c523b,004c5246,func,"Unwind@004c523b",
004c5246,004c5250,func,"FUN_004c5246",
004c5250,004c525b,func,"Unwind@004c5250",
004c525b,004c5266,func,"Unwind@004c525b",
004c5266,004c5270,func,"FUN_004c5266",
004c5270,004c527b,func,"Unwind@004c5270",
004c527b,004c5290,func,"FUN_004c527b",
004c5290,004c529b,func,"Unwind@004c5290",
004c529b,004c52b0,func,"FUN_004c529b",
004c52b0,004c52bb,func,"Unwind@004c52b0",
004c52bb,004c52c6,func,"Unwind@004c52bb",
004c52c6,004c52d0,func,"FUN_004c52c6",
004c52d0,004c52db,func,"Unwind@004c52d0",
004c52db,004c52f0,func,"FUN_004c52db",
004c52f0,004c52fb,func,"Unwind@004c52f0",
004c52fb,004c5309,func,"Unwind@004c52fb",
004c5309,004c5320,func,"FUN_004c5309",
004c5320,004c532e,func,"Unwind@004c5320",
004c532e,004c533c,func,"Unwind@004c532e",
004c533c,004c534a,func,"Unwind@004c533c",
004c534a,004c5358,func,"Unwind@004c534a",
004c5358,004c5366,func,"Unwind@004c5358",
004c5366,004c5370,func,"FUN_004c5366",
004c5370,004c537e,func,"Unwind@004c5370",
004c537e,004c5390,func,"FUN_004c537e",
004c5390,004c5398,func,"Unwind@004c5390",
004c5398,004c53b0,func,"FUN_004c5398",
004c53b0,004c53b8,func,"Unwind@004c53b0",
004c53b8,004c53c3,func,"Unwind@004c53b8",
004c53c3,004c53ce,func,"Unwind@004c53c3",
004c53ce,004c53e0,func,"FUN_004c53ce",
004c53e0,004c53e8,func,"Unwind@004c53e0",
004c53e8,004c5400,func,"FUN_004c53e8",
004c5400,004c5408,func,"Unwind@004c5400",
004c5408,004c5420,func,"FUN_004c5408",
004c5420,004c5428,func,"Unwind@004c5420",
004c5428,004c5440,func,"FUN_004c5428",
004c5440,004c5448,func,"Unwind@004c5440",
004c5448,004c5460,func,"FUN_004c5448",
004c5460,004c5468,func,"Unwind@004c5460",
004c5468,004c5480,func,"FUN_004c5468",
004c5480,004c548b,func,"Unwind@004c5480",
004c548b,004c5496,func,"Unwind@004c548b",
004c5496,004c54a0,func,"FUN_004c5496",
004c54a0,004c54ab,func,"Unwind@004c54a0",
004c54ab,004c54b5,func,"FUN_004c54ab",
004c6000,004c6004,import,"DINPUT.DLL!DirectInputCreateA",
004c6008,004c600c,import,"GDI32.DLL!GetStockObject",
004c600c,004c6010,import,"GDI32.DLL!SetTextColor",
004c6010,004c6014,import,"GDI32.DLL!SelectObject",
004c6014,004c6018,import,"GDI32.DLL!SetBkMode",
004c6018,004c601c,import,"GDI32.DLL!CreateFontA",
004c601c,004c6020,import,"GDI32.DLL!DeleteObject",
004c6020,004c6024,import,"GDI32.DLL!CreateCompatibleDC",
004c6024,004c6028,import,"GDI32.DLL!GetTextCharacterExtra",
004c6028,004c602c,import,"GDI32.DLL!GetTextExtentPoint32A",
004c602c,004c6030,import,"GDI32.DLL!SetTextCharacterExtra",
004c6030,004c6034,import,"GDI32.DLL!Rectangle",
004c6034,004c6038,import,"GDI32.DLL!CreateDIBSection",
004c6038,004c603c,import,"GDI32.DLL!TextOutA",
004c603c,004c6040,import,"GDI32.DLL!DeleteDC",
004c6040,004c6044,import,"GDI32.DLL!SetBkColor",
004c6048,004c604c,import,"KERNEL32.DLL!GetTempFileNameA",
004c604c,004c6050,import,"KERNEL32.DLL!GetTempPathA",
004c6050,004c6054,import,"KERNEL32.DLL!CloseHandle",
004c6054,004c6058,import,"KERNEL32.DLL!VirtualQuery",
004c6058,004c605c,import,"KERNEL32.DLL!SetFilePointer",
004c605c,004c6060,import,"KERNEL32.DLL!CreateFileA",
004c6060,004c6064,import,"KERNEL32.DLL!FormatMessageA",
004c6064,004c6068,import,"KERNEL32.DLL!lstrcpyA",
004c6068,004c606c,import,"KERNEL32.DLL!GetModuleFileNameA",
004c606c,004c6070,import,"KERNEL32.DLL!WriteFile",
004c6070,004c6074,import,"KERNEL32.DLL!GetProcessHeap",
004c6074,004c6078,import,"KERNEL32.DLL!DebugBreak",
004c6078,004c607c,import,"KERNEL32.DLL!GetFileTime",
004c607c,004c6080,import,"KERNEL32.DLL!GetFileSize",
004c6080,004c6084,import,"KERNEL32.DLL!FileTimeToDosDateTime",
004c6084,004c6088,import,"KERNEL32.DLL!FileTimeToLocalFileTime",
004c6088,004c608c,import,"KERNEL32.DLL!GetSystemInfo",
004c608c,004c6090,import,"KERNEL32.DLL!GetSystemTimeAsFileTime",
004c6090,004c6094,import,"KERNEL32.DLL!GetTickCount",
004c6094,004c6098,import,"KERNEL32.DLL!WaitForSingleObject",
004c6098,004c609c,import,"KERNEL32.DLL!CreateEventA",
004c609c,004c60a0,import,"KERNEL32.DLL!MultiByteToWideChar",
004c60a0,004c60a4,import,"KERNEL32.DLL!GetVersionExA",
004c60a4,004c60a8,import,"KERNEL32.DLL!lstrlenA",
004c60a8,004c60ac,import,"KERNEL32.DLL!LeaveCriticalSection",
004c60ac,004c60b0,import,"KERNEL32.DLL!SetEvent",
004c60b0,004c60b4,import,"KERNEL32.DLL!ResetEvent",
004c60b4,004c60b8,import,"KERNEL32.DLL!ResumeThread",
004c60b8,004c60bc,import,"KERNEL32.DLL!SetThreadPriority",
004c60bc,004c60c0,import,"KERNEL32.DLL!CreateThread",
004c60c0,004c60c4,import,"KERNEL32.DLL!WaitForMultipleObjects",
004c60c4,004c60c8,import,"KERNEL32.DLL!GetCurrentThreadId",
004c60c8,004c60cc,import,"KERNEL32.DLL!GetLastError",
004c60cc,004c60d0,import,"KERNEL32.DLL!ReadFile",
004c60d0,004c60d4,import,"KERNEL32.DLL!LocalFree",
004c60d4,004c60d8,import,"KERNEL32.DLL!GetModuleHandleA",
004c60d8,004c60dc,import,"KERNEL32.DLL!WideCharToMultiByte",
004c60dc,004c60e0,import,"KERNEL32.DLL!GetDiskFreeSpaceA",
004c60e0,004c60e4,import,"KERNEL32.DLL!InterlockedIncrement",
004c60e4,004c60e8,import,"KERNEL32.DLL!InterlockedDecrement",
004c60e8,004c60ec,import,"KERNEL32.DLL!OutputDebugStringA",
004c60ec,004c60f0,import,"KERNEL32.DLL!SetCurrentDirectoryA",
004c60f0,004c60f4,import,"KERNEL32.DLL!GetCurrentProcess",
004c60f4,004c60f8,import,"KERNEL32.DLL!SetPriorityClass",
004c60f8,004c60fc,import,"KERNEL32.DLL!GetProcAddress",
004c60fc,004c6100,import,"KERNEL32.DLL!FreeLibrary",
004c6100,004c6104,import,"KERNEL32.DLL!LoadLibraryA",
004c6104,004c6108,import,"KERNEL32.DLL!HeapCompact",
004c6108,004c610c,import,"KERNEL32.DLL!EnterCriticalSection",
004c610c,004c6110,import,"KERNEL32.DLL!QueryPerformanceCounter",
004c6110,004c6114,import,"KERNEL32.DLL!DeleteCriticalSection",
004c6114,004c6118,import,"KERNEL32.DLL!InitializeCriticalSection",
004c6118,004c611c,import,"KERNEL32.DLL!LoadResource",
004c611c,004c6120,import,"KERNEL32.DLL!QueryPerformanceFrequency",
004c6120,004c6124,import,"KERNEL32.DLL!FindResourceA",
004c6124,004c6128,import,"KERNEL32.DLL!InterlockedExchange",
004c6128,004c612c,import,"KERNEL32.DLL!LockResource",
004c612c,004c6130,import,"KERNEL32.DLL!SizeofResource",
004c6130,004c6134,import,"KERNEL32.DLL!IsBadReadPtr",
004c6134,004c6138,import,"KERNEL32.DLL!Sleep",
004c6138,004c613c,import,"KERNEL32.DLL!PulseEvent",
004c613c,004c6140,import,"KERNEL32.DLL!GlobalMemoryStatus",
004c6140,004c6144,import,"KERNEL32.DLL!GetCurrentDirectoryA",
004c6144,004c6148,import,"KERNEL32.DLL!GetFullPathNameA",
004c6148,004c614c,import,"KERNEL32.DLL!SetUnhandledExceptionFilter",
004c614c,004c6150,import,"KERNEL32.DLL!HeapAlloc",
004c6150,004c6154,import,"KERNEL32.DLL!ExitProcess",
004c6154,004c6158,import,"KERNEL32.DLL!HeapFree",
004c6158,004c615c,import,"KERNEL32.DLL!RtlUnwind",
004c615c,004c6160,import,"KERNEL32.DLL!FindFirstFileA",
004c6160,004c6164,import,"KERNEL32.DLL!TerminateProcess",
004c6164,004c6168,import,"KERNEL32.DLL!FindClose",
004c6168,004c616c,import,"KERNEL32.DLL!FileTimeToSystemTime",
004c616c,004c6170,import,"KERNEL32.DLL!FindNextFileA",
004c6170,004c6174,import,"KERNEL32.DLL!ExitThread",
004c6174,004c6178,import,"KERNEL32.DLL!GetStartupInfoA",
004c6178,004c617c,import,"KERNEL32.DLL!TlsSetValue",
004c617c,004c6180,import,"KERNEL32.DLL!GetVersion",
004c6180,004c6184,import,"KERNEL32.DLL!GetTimeZoneInformation",
004c6184,004c6188,import,"KERNEL32.DLL!GetCommandLineA",
004c6188,004c618c,import,"KERNEL32.DLL!GetLocalTime",
004c618c,004c6190,import,"KERNEL32.DLL!RaiseException",
004c6190,004c6194,import,"KERNEL32.DLL!GetSystemTime",
004c6194,004c6198,import,"KERNEL32.DLL!GetEnvironmentVariableA",
004c6198,004c619c,import,"KERNEL32.DLL!HeapDestroy",
004c619c,004c61a0,import,"KERNEL32.DLL!GetDriveTypeA",
004c61a0,004c61a4,import,"KERNEL32.DLL!VirtualFree",
004c61a4,004c61a8,import,"KERNEL32.DLL!VirtualAlloc",
004c61a8,004c61ac,import,"KERNEL32.DLL!HeapCreate",
004c61ac,004c61b0,import,"KERNEL32.DLL!IsBadWritePtr",
004c61b0,004c61b4,import,"KERNEL32.DLL!HeapReAlloc",
004c61b4,004c61b8,import,"KERNEL32.DLL!SetLastError",
004c61b8,004c61bc,import,"KERNEL32.DLL!SetEnvironmentVariableA",
004c61bc,004c61c0,import,"KERNEL32.DLL!CompareStringW",
004c61c0,004c61c4,import,"KERNEL32.DLL!CompareStringA",
004c61c4,004c61c8,import,"KERNEL32.DLL!SetEndOfFile",
004c61c8,004c61cc,import,"KERNEL32.DLL!IsBadCodePtr",
004c61cc,004c61d0,import,"KERNEL32.DLL!GetStringTypeW",
004c61d0,004c61d4,import,"KERNEL32.DLL!GetStringTypeA",
004c61d4,004c61d8,import,"KERNEL32.DLL!SetStdHandle",
004c61d8,004c61dc,import,"KERNEL32.DLL!FlushFileBuffers",
004c61dc,004c61e0,import,"KERNEL32.DLL!TlsAlloc",
004c61e0,004c61e4,import,"KERNEL32.DLL!GetEnvironmentStringsW",
004c61e4,004c61e8,import,"KERNEL32.DLL!GetEnvironmentStrings",
004c61e8,004c61ec,import,"KERNEL32.DLL!FreeEnvironmentStringsW",
004c61ec,004c61f0,import,"KERNEL32.DLL!FreeEnvironmentStringsA",
004c61f0,004c61f4,import,"KERNEL32.DLL!GetOEMCP",
004c61f4,004c61f8,import,"KERNEL32.DLL!GetACP",
004c61f8,004c61fc,import,"KERNEL32.DLL!GetCPInfo",
004c61fc,004c6200,import,"KERNEL32.DLL!UnhandledExceptionFilter",
004c6200,004c6204,import,"KERNEL32.DLL!HeapSize",
004c6204,004c6208,import,"KERNEL32.DLL!LCMapStringW",
004c6208,004c620c,import,"KERNEL32.DLL!LCMapStringA",
004c620c,004c6210,import,"KERNEL32.DLL!GetFileType",
004c6210,004c6214,import,"KERNEL32.DLL!GetStdHandle",
004c6214,004c6218,import,"KERNEL32.DLL!SetHandleCount",
004c6218,004c621c,import,"KERNEL32.DLL!TlsGetValue",
004c6220,004c6224,import,"USER32.DLL!GetClassLongA",
004c6224,004c6228,import,"USER32.DLL!TranslateMessage",
004c6228,004c622c,import,"USER32.DLL!DestroyWindow",
004c622c,004c6230,import,"USER32.DLL!DispatchMessageA",
004c6230,004c6234,import,"USER32.DLL!UpdateWindow",
004c6234,004c6238,import,"USER32.DLL!SetCursorPos",
004c6238,004c623c,import,"USER32.DLL!PeekMessageA",
004c623c,004c6240,import,"USER32.DLL!GetWindowRect",
004c6240,004c6244,import,"USER32.DLL!ShowWindow",
004c6244,004c6248,import,"USER32.DLL!CreateWindowExA",
004c6248,004c624c,import,"USER32.DLL!LoadCursorA",
004c624c,004c6250,import,"USER32.DLL!GetDesktopWindow",
004c6250,004c6254,import,"USER32.DLL!RegisterClassA",
004c6254,004c6258,import,"USER32.DLL!DefWindowProcA",
004c6258,004c625c,import,"USER32.DLL!LoadIconA",
004c625c,004c6260,import,"USER32.DLL!MessageBoxA",
004c6260,004c6264,import,"USER32.DLL!BeginPaint",
004c6264,004c6268,import,"USER32.DLL!IsIconic",
004c6268,004c626c,import,"USER32.DLL!EndPaint",
004c626c,004c6270,import,"USER32.DLL!GetAsyncKeyState",
004c6270,004c6274,import,"USER32.DLL!ToAscii",
004c6274,004c6278,import,"USER32.DLL!GetKeyboardState",
004c6278,004c627c,import,"USER32.DLL!LoadStringA",
004c627c,004c6280,import,"USER32.DLL!ReleaseDC",
004c6280,004c6284,import,"USER32.DLL!GetDC",
004c6284,004c6288,import,"USER32.DLL!SetFocus",
004c6288,004c628c,import,"USER32.DLL!ClipCursor",
004c628c,004c6290,import,"USER32.DLL!ShowCursor",
004c6290,004c6294,import,"USER32.DLL!LoadImageA",
004c6294,004c6298,import,"USER32.DLL!SetCursor",
004c6298,004c629c,import,"USER32.DLL!PostQuitMessage",
004c629c,004c62a0,import,"USER32.DLL!wvsprintfA",
004c62a0,004c62a4,import,"USER32.DLL!wsprintfA",
004c62a8,004c62ac,import,"WINMM.DLL!timeGetTime",
004c62b0,004c62b4,import,"WSOCK32.DLL!Ordinal_10",
004c62b4,004c62b8,import,"WSOCK32.DLL!Ordinal_111",
004c62b8,004c62bc,import,"WSOCK32.DLL!Ordinal_14",
004c62bc,004c62c0,import,"WSOCK32.DLL!Ordinal_15",
004c62c0,004c62c4,import,"WSOCK32.DLL!Ordinal_23",
004c62c4,004c62c8,import,"WSOCK32.DLL!Ordinal_57",
004c62c8,004c62cc,import,"WSOCK32.DLL!Ordinal_2",
004c62cc,004c62d0,import,"WSOCK32.DLL!Ordinal_6",
004c62d0,004c62d4,import,"WSOCK32.DLL!Ordinal_12",
004c62d4,004c62d8,import,"WSOCK32.DLL!Ordinal_20",
004c62d8,004c62dc,import,"WSOCK32.DLL!Ordinal_3",
004c62dc,004c62e0,import,"WSOCK32.DLL!Ordinal_21",
004c62e0,004c62e4,import,"WSOCK32.DLL!Ordinal_9",
004c62e4,004c62e8,import,"WSOCK32.DLL!Ordinal_8",
004c62e8,004c62ec,import,"WSOCK32.DLL!Ordinal_52",
004c62ec,004c62f0,import,"WSOCK32.DLL!Ordinal_115",
004c62f0,004c62f4,import,"WSOCK32.DLL!Ordinal_17",
004c62f4,004c62f8,import,"WSOCK32.DLL!Ordinal_116",
004c62fc,004c6300,import,"MSS32.DLL!_AIL_set_3D_room_type@8",
004c6300,004c6304,import,"MSS32.DLL!_AIL_end_3D_sample@4",
004c6304,004c6308,import,"MSS32.DLL!_AIL_digital_handle_reacquire@4",
004c6308,004c630c,import,"MSS32.DLL!_AIL_digital_handle_release@4",
004c630c,004c6310,import,"MSS32.DLL!_AIL_sample_user_data@8",
004c6310,004c6314,import,"MSS32.DLL!_AIL_set_stream_user_data@12",
004c6314,004c6318,import,"MSS32.DLL!_AIL_digital_master_volume@4",
004c6318,004c631c,import,"MSS32.DLL!_AIL_set_digital_master_volume@8",
004c631c,004c6320,import,"MSS32.DLL!_AIL_release_sample_handle@4",
004c6320,004c6324,import,"MSS32.DLL!_AIL_waveOutOpen@16",
004c6324,004c6328,import,"MSS32.DLL!_AIL_set_sample_user_data@12",
004c6328,004c632c,import,"MSS32.DLL!_AIL_allocate_3D_sample_handle@4",
004c632c,004c6330,import,"MSS32.DLL!_AIL_close_3D_provider@4",
004c6330,004c6334,import,"MSS32.DLL!_AIL_allocate_sample_handle@4",
004c6334,004c6338,import,"MSS32.DLL!_AIL_release_3D_sample_handle@4",
004c6338,004c633c,import,"MSS32.DLL!_AIL_close_3D_listener@4",
004c633c,004c6340,import,"MSS32.DLL!_AIL_startup@0",
004c6340,004c6344,import,"MSS32.DLL!_AIL_shutdown@0",
004c6344,004c6348,import,"MSS32.DLL!_AIL_waveOutClose@4",
004c6348,004c634c,import,"MSS32.DLL!_AIL_open_3D_listener@4",
004c634c,004c6350,import,"MSS32.DLL!_AIL_set_3D_orientation@28",
004c6350,004c6354,import,"MSS32.DLL!_AIL_3D_room_type@4",
004c6354,004c6358,import,"MSS32.DLL!_AIL_set_preference@8",
004c6358,004c635c,import,"MSS32.DLL!_AIL_set_3D_sample_occlusion@8",
004c635c,004c6360,import,"MSS32.DLL!_AIL_3D_provider_attribute@12",
004c6360,004c6364,import,"MSS32.DLL!_AIL_set_3D_sample_obstruction@8",
004c6364,004c6368,import,"MSS32.DLL!_AIL_3D_velocity@16",
004c6368,004c636c,import,"MSS32.DLL!_AIL_set_3D_sample_effects_level@8",
004c636c,004c6370,import,"MSS32.DLL!_AIL_sample_pan@4",
004c6370,004c6374,import,"MSS32.DLL!_AIL_stream_pan@4",
004c6374,004c6378,import,"MSS32.DLL!_AIL_sample_volume@4",
004c6378,004c637c,import,"MSS32.DLL!_AIL_stream_volume@4",
004c637c,004c6380,import,"MSS32.DLL!_AIL_3D_orientation@28",
004c6380,004c6384,import,"MSS32.DLL!_AIL_3D_sample_volume@4",
004c6384,004c6388,import,"MSS32.DLL!_AIL_enumerate_filter_sample_attributes@12",
004c6388,004c638c,import,"MSS32.DLL!_AIL_filter_sample_attribute@12",
004c638c,004c6390,import,"MSS32.DLL!_AIL_set_filter_sample_preference@12",
004c6390,004c6394,import,"MSS32.DLL!_AIL_enumerate_filters@12",
004c6394,004c6398,import,"MSS32.DLL!_AIL_set_sample_processor@12",
004c6398,004c639c,import,"MSS32.DLL!_AIL_set_sample_loop_block@12",
004c639c,004c63a0,import,"MSS32.DLL!_AIL_set_sample_loop_count@8",
004c63a0,004c63a4,import,"MSS32.DLL!_AIL_set_3D_sample_loop_block@12",
004c63a4,004c63a8,import,"MSS32.DLL!_AIL_set_3D_sample_loop_count@8",
004c63a8,004c63ac,import,"MSS32.DLL!_AIL_set_stream_loop_count@8",
004c63ac,004c63b0,import,"MSS32.DLL!_AIL_start_stream@4",
004c63b0,004c63b4,import,"MSS32.DLL!_AIL_set_stream_ms_position@8",
004c63b4,004c63b8,import,"MSS32.DLL!_AIL_pause_stream@8",
004c63b8,004c63bc,import,"MSS32.DLL!_AIL_start_3D_sample@4",
004c63bc,004c63c0,import,"MSS32.DLL!_AIL_set_3D_sample_offset@8",
004c63c0,004c63c4,import,"MSS32.DLL!_AIL_resume_3D_sample@4",
004c63c4,004c63c8,import,"MSS32.DLL!_AIL_set_sample_ms_position@8",
004c63c8,004c63cc,import,"MSS32.DLL!_AIL_resume_sample@4",
004c63cc,004c63d0,import,"MSS32.DLL!_AIL_open_stream@12",
004c63d0,004c63d4,import,"MSS32.DLL!_AIL_set_stream_playback_rate@8",
004c63d4,004c63d8,import,"MSS32.DLL!_AIL_set_stream_pan@8",
004c63d8,004c63dc,import,"MSS32.DLL!_AIL_get_preference@4",
004c63dc,004c63e0,import,"MSS32.DLL!_AIL_3D_user_data@8",
004c63e0,004c63e4,import,"MSS32.DLL!_AIL_set_3D_sample_info@8",
004c63e4,004c63e8,import,"MSS32.DLL!_AIL_set_3D_user_data@12",
004c63e8,004c63ec,import,"MSS32.DLL!_AIL_set_3D_sample_distances@12",
004c63ec,004c63f0,import,"MSS32.DLL!_AIL_set_3D_sample_volume@8",
004c63f0,004c63f4,import,"MSS32.DLL!_AIL_3D_position@16",
004c63f4,004c63f8,import,"MSS32.DLL!_AIL_set_3D_position@16",
004c63f8,004c63fc,import,"MSS32.DLL!_AIL_set_3D_velocity_vector@16",
004c63fc,004c6400,import,"MSS32.DLL!_AIL_set_3D_sample_preference@12",
004c6400,004c6404,import,"MSS32.DLL!_AIL_init_sample@4",
004c6404,004c6408,import,"MSS32.DLL!_AIL_set_sample_type@12",
004c6408,004c640c,import,"MSS32.DLL!_AIL_set_sample_reverb@16",
004c640c,004c6410,import,"MSS32.DLL!_AIL_set_sample_file@12",
004c6410,004c6414,import,"MSS32.DLL!_AIL_set_sample_address@12",
004c6414,004c6418,import,"MSS32.DLL!_AIL_set_sample_playback_rate@8",
004c6418,004c641c,import,"MSS32.DLL!_AIL_set_sample_pan@8",
004c641c,004c6420,import,"MSS32.DLL!_AIL_ms_count@0",
004c6420,004c6424,import,"MSS32.DLL!_AIL_set_sample_volume@8",
004c6424,004c6428,import,"MSS32.DLL!_AIL_stop_sample@4",
004c6428,004c642c,import,"MSS32.DLL!_AIL_3D_sample_status@4",
004c642c,004c6430,import,"MSS32.DLL!_AIL_stop_3D_sample@4",
004c6430,004c6434,import,"MSS32.DLL!_AIL_close_stream@4",
004c6434,004c6438,import,"MSS32.DLL!_AIL_mem_alloc_lock@4",
004c6438,004c643c,import,"MSS32.DLL!_AIL_decompress_ADPCM@12",
004c643c,004c6440,import,"MSS32.DLL!_AIL_unlock@0",
004c6440,004c6444,import,"MSS32.DLL!_AIL_decompress_ASI@24",
004c6444,004c6448,import,"MSS32.DLL!_AIL_lock@0",
004c6448,004c644c,import,"MSS32.DLL!_AIL_mem_free_lock@4",
004c644c,004c6450,import,"MSS32.DLL!_AIL_3D_sample_obstruction@4",
004c6450,004c6454,import,"MSS32.DLL!_AIL_open_3D_provider@4",
004c6454,004c6458,import,"MSS32.DLL!_AIL_enumerate_3D_providers@12",
004c6458,004c645c,import,"MSS32.DLL!_AIL_set_3D_sample_playback_rate@8",
004c645c,004c6460,import,"MSS32.DLL!_AIL_set_stream_volume@8",
004c6464,004c6468,import,"OLE32.DLL!CoCreateInstance",
004c6468,004c646c,import,"OLE32.DLL!CoUninitialize",
004c646c,004c6470,import,"OLE32.DLL!CoInitialize",
004c6480,004c6484,data,"PTR_FUN_004c6480",undefined *
004c6484,004c6488,data,"DAT_004c6484",undefined *
004c6488,004c648c,data,"DAT_004c6488",undefined *
004c648c,004c6490,data,"DAT_004c648c",undefined *
004c6490,004c6494,data,"DAT_004c6490",undefined *
004c6494,004c6498,data,"PTR_FUN_004c6494",undefined *
004c6498,004c649c,data,"DAT_004c6498",undefined *
004c649c,004c64a0,data,"DAT_004c649c",undefined *
004c64a0,004c64a4,data,"DAT_004c64a0",undefined *
004c64a4,004c64a8,data,"DAT_004c64a4",undefined *
004c64a8,004c64ac,data,"DAT_004c64a8",undefined *
004c64ac,004c64b0,data,"DAT_004c64ac",undefined *
004c64b0,004c64b4,data,"DAT_004c64b0",undefined *
004c64b4,004c64b8,data,"DAT_004c64b4",undefined *
004c64b8,004c64bc,data,"DAT_004c64b8",undefined *
004c64bc,004c64c0,data,"PTR_FUN_004c64bc",undefined *
004c64c0,004c64c4,data,"DAT_004c64c0",undefined *
004c64c4,004c64c8,data,"DAT_004c64c4",undefined *
004c64c8,004c64cc,data,"DAT_004c64c8",undefined *
004c64cc,004c64d0,data,"DAT_004c64cc",undefined *
004c64d0,004c64d4,data,"DAT_004c64d0",undefined *
004c64d4,004c64d8,data,"DAT_004c64d4",undefined *
004c64d8,004c64dc,data,"DAT_004c64d8",undefined *
004c64dc,004c64e0,data,"DAT_004c64dc",undefined *
004c64e0,004c64e4,data,"DAT_004c64e0",undefined *
004c64f4,004c64f8,data,"PTR_FUN_004c64f4",undefined *
004c64f8,004c64fc,data,"DAT_004c64f8",undefined *
004c64fc,004c6500,data,"DAT_004c64fc",undefined *
004c6500,004c6504,data,"DAT_004c6500",undefined *
004c6504,004c6508,data,"PTR_FUN_004c6504",undefined *
004c6508,004c650c,data,"DAT_004c6508",undefined *
004c650c,004c6510,data,"DAT_004c650c",undefined *
004c6510,004c6514,data,"DAT_004c6510",undefined *
004c6514,004c6518,data,"PTR_FUN_004c6514",undefined *
004c6518,004c651c,data,"DAT_004c6518",undefined *
004c651c,004c6520,data,"DAT_004c651c",undefined *
004c6520,004c6524,data,"DAT_004c6520",undefined *
004c6530,004c6534,data,"PTR_StartHMessageWrite_004c6530",undefined *
004c6534,004c6538,data,"DAT_004c6534",undefined *
004c6538,004c653c,data,"DAT_004c6538",undefined *
004c653c,004c6540,data,"DAT_004c653c",undefined *
004c6540,004c6544,data,"DAT_004c6540",undefined *
004c6544,004c6548,data,"DAT_004c6544",undefined *
004c6548,004c654c,data,"DAT_004c6548",undefined *
004c654c,004c6550,data,"DAT_004c654c",undefined *
004c6550,004c6554,data,"DAT_004c6550",undefined *
004c6554,004c6558,data,"DAT_004c6554",undefined *
004c6558,004c655c,data,"DAT_004c6558",undefined *
004c655c,004c6560,data,"DAT_004c655c",undefined *
004c6560,004c6564,data,"DAT_004c6560",undefined *
004c6564,004c6568,data,"DAT_004c6564",undefined *
004c6568,004c656c,data,"DAT_004c6568",undefined *
004c656c,004c6570,data,"DAT_004c656c",undefined *
004c6570,004c6574,data,"DAT_004c6570",undefined *
004c6574,004c6578,data,"DAT_004c6574",undefined *
004c6578,004c657c,data,"DAT_004c6578",undefined *
004c657c,004c6580,data,"DAT_004c657c",undefined *
004c6580,004c6584,data,"DAT_004c6580",undefined *
004c6584,004c6588,data,"DAT_004c6584",undefined *
004c6588,004c658c,data,"DAT_004c6588",undefined *
004c658c,004c6590,data,"DAT_004c658c",undefined *
004c6590,004c6594,data,"DAT_004c6590",undefined *
004c6594,004c6598,data,"DAT_004c6594",undefined *
004c6598,004c659c,data,"DAT_004c6598",undefined *
004c659c,004c65a0,data,"DAT_004c659c",undefined *
004c65a0,004c65a4,data,"DAT_004c65a0",undefined *
004c65a4,004c65a8,data,"DAT_004c65a4",undefined *
004c65a8,004c65ac,data,"DAT_004c65a8",undefined *
004c65ac,004c65b0,data,"DAT_004c65ac",undefined *
004c65b0,004c65b4,data,"DAT_004c65b0",undefined *
004c65b4,004c65b8,data,"DAT_004c65b4",undefined *
004c65b8,004c65bc,data,"DAT_004c65b8",undefined *
004c65bc,004c65c0,data,"DAT_004c65bc",undefined *
004c65c0,004c65c4,data,"DAT_004c65c0",undefined *
004c65c4,004c65c8,data,"DAT_004c65c4",undefined *
004c65c8,004c65cc,data,"DAT_004c65c8",undefined *
004c65cc,004c65d0,data,"DAT_004c65cc",undefined *
004c65d0,004c65d4,data,"DAT_004c65d0",undefined *
004c65d4,004c65d8,data,"DAT_004c65d4",undefined *
004c65d8,004c65dc,data,"DAT_004c65d8",undefined *
004c65dc,004c65e0,data,"DAT_004c65dc",undefined *
004c65e0,004c65e4,data,"DAT_004c65e0",undefined *
004c65e4,004c65e8,data,"DAT_004c65e4",undefined *
004c65e8,004c65ec,data,"DAT_004c65e8",undefined *
004c65ec,004c65f0,data,"DAT_004c65ec",undefined *
004c65f0,004c65f4,data,"DAT_004c65f0",undefined *
004c65f4,004c65f8,data,"DAT_004c65f4",undefined *
004c65f8,004c65fc,data,"DAT_004c65f8",undefined *
004c65fc,004c6600,data,"DAT_004c65fc",undefined *
004c6600,004c6604,data,"DAT_004c6600",undefined *
004c6604,004c6608,data,"DAT_004c6604",undefined *
004c6608,004c660c,data,"DAT_004c6608",undefined *
004c660c,004c6610,data,"DAT_004c660c",undefined *
004c6610,004c6614,data,"DAT_004c6610",undefined *
004c6614,004c6618,data,"DAT_004c6614",undefined *
004c6618,004c661c,data,"DAT_004c6618",undefined *
004c661c,004c6620,data,"DAT_004c661c",undefined *
004c6620,004c6624,data,"DAT_004c6620",undefined *
004c6624,004c6628,data,"DAT_004c6624",undefined *
004c6628,004c662c,data,"DAT_004c6628",undefined *
004c662c,004c6630,data,"DAT_004c662c",undefined *
004c6630,004c6634,data,"DAT_004c6630",undefined *
004c6634,004c6638,data,"DAT_004c6634",undefined *
004c6638,004c663c,data,"DAT_004c6638",undefined *
004c663c,004c6640,data,"DAT_004c663c",undefined *
004c6640,004c6644,data,"DAT_004c6640",undefined *
004c6644,004c6648,data,"DAT_004c6644",undefined *
004c6648,004c664c,data,"DAT_004c6648",undefined *
004c664c,004c6650,data,"DAT_004c664c",undefined *
004c6650,004c6654,data,"DAT_004c6650",undefined *
004c6654,004c6658,data,"DAT_004c6654",undefined *
004c6658,004c665c,data,"DAT_004c6658",undefined *
004c665c,004c6660,data,"DAT_004c665c",undefined *
004c6660,004c6664,data,"DAT_004c6660",undefined *
004c6664,004c6668,data,"DAT_004c6664",undefined *
004c6668,004c666c,data,"DAT_004c6668",undefined *
004c666c,004c6670,data,"DAT_004c666c",undefined *
004c6670,004c6674,data,"DAT_004c6670",undefined *
004c6674,004c6678,data,"DAT_004c6674",undefined *
004c6678,004c667c,data,"DAT_004c6678",undefined *
004c667c,004c6680,data,"DAT_004c667c",undefined *
004c6680,004c6684,data,"DAT_004c6680",undefined *
004c6684,004c6688,data,"DAT_004c6684",undefined *
004c6688,004c668c,data,"DAT_004c6688",undefined *
004c668c,004c6690,data,"DAT_004c668c",undefined *
004c6690,004c6694,data,"DAT_004c6690",undefined *
004c6694,004c6698,data,"DAT_004c6694",undefined *
004c6698,004c669c,data,"DAT_004c6698",undefined *
004c669c,004c66a0,data,"DAT_004c669c",undefined *
004c66a0,004c66a4,data,"DAT_004c66a0",undefined *
004c66a4,004c66a8,data,"DAT_004c66a4",undefined *
004c66a8,004c66ac,data,"DAT_004c66a8",undefined *
004c66ac,004c66b0,data,"DAT_004c66ac",undefined *
004c66b0,004c66b4,data,"DAT_004c66b0",undefined *
004c66b4,004c66b8,data,"DAT_004c66b4",undefined *
004c66b8,004c66bc,data,"DAT_004c66b8",undefined *
004c66bc,004c66c0,data,"DAT_004c66bc",undefined *
004c66c0,004c66c4,data,"DAT_004c66c0",undefined *
004c66c4,004c66c8,data,"DAT_004c66c4",undefined *
004c66c8,004c66cc,data,"DAT_004c66c8",undefined *
004c66cc,004c66d0,data,"DAT_004c66cc",undefined *
004c66d0,004c66d4,data,"DAT_004c66d0",undefined *
004c66d4,004c66d8,data,"DAT_004c66d4",undefined *
004c66d8,004c66dc,data,"DAT_004c66d8",undefined *
004c66dc,004c66e0,data,"DAT_004c66dc",undefined *
004c66e0,004c66e4,data,"DAT_004c66e0",undefined *
004c66e4,004c66e8,data,"DAT_004c66e4",undefined *
004c66e8,004c66ec,data,"PTR_FUN_004c66e8",undefined *
004c66ec,004c66f0,data,"DAT_004c66ec",undefined *
004c66f0,004c66f4,data,"DAT_004c66f0",undefined *
004c66f4,004c66f8,data,"DAT_004c66f4",undefined *
004c66f8,004c66fc,data,"DAT_004c66f8",undefined *
004c66fc,004c6700,data,"DAT_004c66fc",undefined *
004c6700,004c6704,data,"DAT_004c6700",undefined *
004c6704,004c6708,data,"DAT_004c6704",undefined *
004c6708,004c670c,data,"PTR_FindLightAnim_004c6708",undefined *
004c670c,004c6710,data,"DAT_004c670c",undefined *
004c6710,004c6714,data,"DAT_004c6710",undefined *
004c6714,004c6718,data,"DAT_004c6714",undefined *
004c6718,004c671c,data,"PTR_Get_004c6718",undefined *
004c671c,004c6720,data,"DAT_004c671c",undefined *
004c6720,004c6724,data,"DAT_004c6720",undefined *
004c6724,004c6728,data,"DAT_004c6724",undefined *
004c6728,004c672c,data,"DAT_004c6728",undefined *
004c672c,004c6730,data,"DAT_004c672c",undefined *
004c6730,004c6734,data,"DAT_004c6730",undefined *
004c6734,004c6738,data,"DAT_004c6734",undefined *
004c6738,004c673c,data,"DAT_004c6738",undefined *
004c6740,004c6744,data,"PTR_GetSocket_004c6740",undefined *
004c6744,004c6748,data,"DAT_004c6744",undefined *
004c6748,004c674c,data,"DAT_004c6748",undefined *
004c674c,004c6750,data,"DAT_004c674c",undefined *
004c6750,004c6754,data,"DAT_004c6750",undefined *
004c6754,004c6758,data,"DAT_004c6754",undefined *
004c6758,004c675c,data,"DAT_004c6758",undefined *
004c675c,004c6760,data,"DAT_004c675c",undefined *
004c6760,004c6764,data,"DAT_004c6760",undefined *
004c6764,004c6768,data,"DAT_004c6764",undefined *
004c6768,004c676c,data,"DAT_004c6768",undefined *
004c676c,004c6770,data,"DAT_004c676c",undefined *
004c6770,004c6774,data,"DAT_004c6770",undefined *
004c6774,004c6778,data,"DAT_004c6774",undefined *
004c6778,004c677c,data,"DAT_004c6778",undefined *
004c677c,004c6780,data,"DAT_004c677c",undefined *
004c6780,004c6784,data,"DAT_004c6780",undefined *
004c6784,004c6788,data,"DAT_004c6784",undefined *
004c6788,004c678c,data,"DAT_004c6788",undefined *
004c678c,004c6790,data,"DAT_004c678c",undefined *
004c6790,004c6794,data,"DAT_004c6790",undefined *
004c6794,004c6798,data,"DAT_004c6794",undefined *
004c6798,004c679c,data,"DAT_004c6798",undefined *
004c679c,004c67a0,data,"DAT_004c679c",undefined *
004c67a0,004c67a4,data,"DAT_004c67a0",undefined *
004c67a4,004c67a8,data,"DAT_004c67a4",undefined *
004c67a8,004c67ac,data,"DAT_004c67a8",undefined *
004c67ac,004c67b0,data,"DAT_004c67ac",undefined *
004c67b0,004c67b4,data,"DAT_004c67b0",undefined *
004c67b4,004c67b8,data,"DAT_004c67b4",undefined *
004c67b8,004c67bc,data,"DAT_004c67b8",undefined *
004c67bc,004c67c0,data,"DAT_004c67bc",undefined *
004c67c0,004c67c4,data,"DAT_004c67c0",undefined *
004c67c4,004c67c8,data,"DAT_004c67c4",undefined *
004c67c8,004c67cc,data,"DAT_004c67c8",undefined *
004c67cc,004c67d0,data,"DAT_004c67cc",undefined *
004c67d0,004c67d4,data,"DAT_004c67d0",undefined *
004c67d4,004c67d8,data,"PTR_StartOnScreenVideo_004c67d4",undefined *
004c67d8,004c67dc,data,"DAT_004c67d8",undefined *
004c67dc,004c67e0,data,"DAT_004c67dc",undefined *
004c67e0,004c67e4,data,"DAT_004c67e0",undefined *
004c67e4,004c67e8,data,"DAT_004c67e4",undefined *
004c67e8,004c67ec,data,"DAT_004c67e8",undefined *
004c67f0,004c67f4,data,"PTR_GetFrictionCoefficient_004c67f0",undefined *
004c67f4,004c67f8,data,"DAT_004c67f4",undefined *
004c67f8,004c67fc,data,"DAT_004c67f8",undefined *
004c67fc,004c6800,data,"DAT_004c67fc",undefined *
004c6800,004c6804,data,"DAT_004c6800",undefined *
004c6804,004c6808,data,"DAT_004c6804",undefined *
004c6808,004c680c,data,"DAT_004c6808",undefined *
004c680c,004c6810,data,"DAT_004c680c",undefined *
004c6810,004c6814,data,"DAT_004c6810",undefined *
004c6814,004c6818,data,"DAT_004c6814",undefined *
004c6818,004c681c,data,"DAT_004c6818",undefined *
004c681c,004c6820,data,"DAT_004c681c",undefined *
004c6820,004c6824,data,"DAT_004c6820",undefined *
004c6824,004c6828,data,"DAT_004c6824",undefined *
004c6828,004c682c,data,"DAT_004c6828",undefined *
004c682c,004c6830,data,"DAT_004c682c",undefined *
004c6830,004c6834,data,"DAT_004c6830",undefined *
004c6834,004c6838,data,"DAT_004c6834",undefined *
004c6838,004c683c,data,"DAT_004c6838",undefined *
004c683c,004c6840,data,"DAT_004c683c",undefined *
004c6840,004c6844,data,"DAT_004c6840",undefined *
004c6844,004c6848,data,"DAT_004c6844",undefined *
004c6848,004c684c,data,"PTR_~ILTCommon_004c6848",undefined *
004c684c,004c6850,data,"DAT_004c684c",undefined *
004c6850,004c6854,data,"DAT_004c6850",undefined *
004c6854,004c6858,data,"DAT_004c6854",undefined *
004c6858,004c685c,data,"DAT_004c6858",undefined *
004c685c,004c6860,data,"DAT_004c685c",undefined *
004c6860,004c6864,data,"DAT_004c6860",undefined *
004c6864,004c6868,data,"DAT_004c6864",undefined *
004c6868,004c686c,data,"DAT_004c6868",undefined *
004c686c,004c6870,data,"DAT_004c686c",undefined *
004c6870,004c6874,data,"DAT_004c6870",undefined *
004c6874,004c6878,data,"DAT_004c6874",undefined *
004c6878,004c687c,data,"DAT_004c6878",undefined *
004c687c,004c6880,data,"DAT_004c687c",undefined *
004c6880,004c6884,data,"DAT_004c6880",undefined *
004c6884,004c6888,data,"DAT_004c6884",undefined *
004c6888,004c688c,data,"DAT_004c6888",undefined *
004c688c,004c6890,data,"DAT_004c688c",undefined *
004c6890,004c6894,data,"DAT_004c6890",undefined *
004c6894,004c6898,data,"DAT_004c6894",undefined *
004c6898,004c689c,data,"DAT_004c6898",undefined *
004c68a0,004c68a4,data,"PTR_FUN_004c68a0",undefined *
004c68a4,004c68a8,data,"DAT_004c68a4",undefined *
004c68a8,004c68ac,data,"DAT_004c68a8",undefined *
004c68ac,004c68b0,data,"DAT_004c68ac",undefined *
004c68b0,004c68b4,data,"DAT_004c68b0",undefined *
004c68b4,004c68b8,data,"DAT_004c68b4",undefined *
004c68b8,004c68bc,data,"DAT_004c68b8",undefined *
004c68bc,004c68c0,data,"DAT_004c68bc",undefined *
004c68c0,004c68c4,data,"DAT_004c68c0",undefined *
004c68c4,004c68c8,data,"DAT_004c68c4",undefined *
004c68c8,004c68cc,data,"DAT_004c68c8",undefined *
004c68cc,004c68d0,data,"DAT_004c68cc",undefined *
004c68d0,004c68d4,data,"DAT_004c68d0",undefined *
004c68d4,004c68d8,data,"DAT_004c68d4",undefined *
004c68d8,004c68dc,data,"DAT_004c68d8",undefined *
004c68dc,004c68e0,data,"DAT_004c68dc",undefined *
004c68e0,004c68e4,data,"DAT_004c68e0",undefined *
004c68e4,004c68e8,data,"DAT_004c68e4",undefined *
004c68e8,004c68ec,data,"DAT_004c68e8",undefined *
004c68ec,004c68f0,data,"DAT_004c68ec",undefined *
004c68f0,004c68f4,data,"DAT_004c68f0",undefined *
004c68f4,004c68f8,data,"DAT_004c68f4",undefined *
004c68f8,004c68fc,data,"DAT_004c68f8",undefined *
004c68fc,004c6900,data,"DAT_004c68fc",undefined *
004c6900,004c6904,data,"DAT_004c6900",undefined *
004c6904,004c6908,data,"DAT_004c6904",undefined *
004c6908,004c690c,data,"DAT_004c6908",undefined *
004c690c,004c6910,data,"DAT_004c690c",undefined *
004c6910,004c6914,data,"DAT_004c6910",undefined *
004c6914,004c6918,data,"DAT_004c6914",undefined *
004c6918,004c691c,data,"DAT_004c6918",undefined *
004c691c,004c6920,data,"DAT_004c691c",undefined *
004c6920,004c6924,data,"DAT_004c6920",undefined *
004c6924,004c6928,data,"DAT_004c6924",undefined *
004c6928,004c692c,data,"DAT_004c6928",undefined *
004c692c,004c6930,data,"DAT_004c692c",undefined *
004c6930,004c6934,data,"DAT_004c6930",undefined *
004c6934,004c6938,data,"DAT_004c6934",undefined *
004c6938,004c693c,data,"DAT_004c6938",undefined *
004c693c,004c6940,data,"DAT_004c693c",undefined *
004c6940,004c6944,data,"DAT_004c6940",undefined *
004c6944,004c6948,data,"DAT_004c6944",undefined *
004c6948,004c694c,data,"DAT_004c6948",undefined *
004c694c,004c6950,data,"DAT_004c694c",undefined *
004c6950,004c6954,data,"DAT_004c6950",undefined *
004c6954,004c6958,data,"DAT_004c6954",undefined *
004c6958,004c695c,data,"DAT_004c6958",undefined *
004c695c,004c6960,data,"DAT_004c695c",undefined *
004c6960,004c6964,data,"DAT_004c6960",undefined *
004c6964,004c6968,data,"DAT_004c6964",undefined *
004c6968,004c696c,data,"DAT_004c6968",undefined *
004c696c,004c6970,data,"DAT_004c696c",undefined *
004c6970,004c6974,data,"DAT_004c6970",undefined *
004c6974,004c6978,data,"DAT_004c6974",undefined *
004c6978,004c697c,data,"DAT_004c6978",undefined *
004c697c,004c6980,data,"DAT_004c697c",undefined *
004c6980,004c6984,data,"DAT_004c6980",undefined *
004c6984,004c6988,data,"DAT_004c6984",undefined *
004c6988,004c698c,data,"DAT_004c6988",undefined *
004c698c,004c6990,data,"DAT_004c698c",undefined *
004c6990,004c6994,data,"DAT_004c6990",undefined *
004c6994,004c6998,data,"DAT_004c6994",undefined *
004c6998,004c699c,data,"DAT_004c6998",undefined *
004c699c,004c69a0,data,"DAT_004c699c",undefined *
004c69a0,004c69a4,data,"DAT_004c69a0",undefined *
004c69a4,004c69a8,data,"DAT_004c69a4",undefined *
004c69a8,004c69ac,data,"DAT_004c69a8",undefined *
004c69ac,004c69b0,data,"DAT_004c69ac",undefined *
004c69b0,004c69b4,data,"DAT_004c69b0",undefined *
004c69b4,004c69b8,data,"DAT_004c69b4",undefined *
004c69b8,004c69bc,data,"DAT_004c69b8",undefined *
004c69bc,004c69c0,data,"DAT_004c69bc",undefined *
004c69c0,004c69c4,data,"DAT_004c69c0",undefined *
004c69c4,004c69c8,data,"DAT_004c69c4",undefined *
004c69c8,004c69cc,data,"DAT_004c69c8",undefined *
004c69cc,004c69d0,data,"DAT_004c69cc",undefined *
004c69d0,004c69d4,data,"DAT_004c69d0",undefined *
004c69d4,004c69d8,data,"DAT_004c69d4",undefined *
004c69d8,004c69dc,data,"DAT_004c69d8",undefined *
004c69dc,004c69e0,data,"DAT_004c69dc",undefined *
004c69e0,004c69e4,data,"DAT_004c69e0",undefined *
004c69e4,004c69e8,data,"DAT_004c69e4",undefined *
004c69e8,004c69ec,data,"DAT_004c69e8",undefined *
004c69ec,004c69f0,data,"DAT_004c69ec",undefined *
004c69f0,004c69f4,data,"DAT_004c69f0",undefined *
004c69f4,004c69f8,data,"DAT_004c69f4",undefined *
004c69f8,004c69fc,data,"DAT_004c69f8",undefined *
004c69fc,004c6a00,data,"DAT_004c69fc",undefined *
004c6a00,004c6a04,data,"DAT_004c6a00",undefined *
004c6a04,004c6a08,data,"DAT_004c6a04",undefined *
004c6a08,004c6a0c,data,"DAT_004c6a08",undefined *
004c6a0c,004c6a10,data,"DAT_004c6a0c",undefined *
004c6a10,004c6a14,data,"DAT_004c6a10",undefined *
004c6a14,004c6a18,data,"DAT_004c6a14",undefined *
004c6a18,004c6a1c,data,"DAT_004c6a18",undefined *
004c6a1c,004c6a20,data,"DAT_004c6a1c",undefined *
004c6a20,004c6a24,data,"DAT_004c6a20",undefined *
004c6a24,004c6a28,data,"DAT_004c6a24",undefined *
004c6a28,004c6a2c,data,"DAT_004c6a28",undefined *
004c6a2c,004c6a30,data,"DAT_004c6a2c",undefined *
004c6a30,004c6a34,data,"DAT_004c6a30",undefined *
004c6a34,004c6a38,data,"DAT_004c6a34",undefined *
004c6a38,004c6a3c,data,"DAT_004c6a38",undefined *
004c6a3c,004c6a40,data,"DAT_004c6a3c",undefined *
004c6a40,004c6a44,data,"DAT_004c6a40",undefined *
004c6a44,004c6a48,data,"DAT_004c6a44",undefined *
004c6a48,004c6a4c,data,"DAT_004c6a48",undefined *
004c6a4c,004c6a50,data,"DAT_004c6a4c",undefined *
004c6a50,004c6a54,data,"DAT_004c6a50",undefined *
004c6a54,004c6a58,data,"DAT_004c6a54",undefined *
004c6a58,004c6a5c,data,"PTR_FUN_004c6a58",undefined *
004c6a5c,004c6a60,data,"DAT_004c6a5c",undefined *
004c6a60,004c6a64,data,"DAT_004c6a60",undefined *
004c6a64,004c6a68,data,"DAT_004c6a64",undefined *
004c6a68,004c6a6c,data,"DAT_004c6a68",undefined *
004c6a6c,004c6a70,data,"DAT_004c6a6c",undefined *
004c6a70,004c6a74,data,"DAT_004c6a70",undefined *
004c6a74,004c6a78,data,"DAT_004c6a74",undefined *
004c6a78,004c6a7c,data,"DAT_004c6a78",undefined *
004c6a7c,004c6a80,data,"DAT_004c6a7c",undefined *
004c6a80,004c6a84,data,"DAT_004c6a80",undefined *
004c6a84,004c6a88,data,"DAT_004c6a84",undefined *
004c6a88,004c6a8c,data,"DAT_004c6a88",undefined *
004c6a8c,004c6a90,data,"DAT_004c6a8c",undefined *
004c6a90,004c6a94,data,"DAT_004c6a90",undefined *
004c6a94,004c6a98,data,"DAT_004c6a94",undefined *
004c6a98,004c6a9c,data,"DAT_004c6a98",undefined *
004c6a9c,004c6aa0,data,"DAT_004c6a9c",undefined *
004c6aa8,004c6aac,data,"PTR_~ILTCommon_004c6aa8",undefined *
004c6aac,004c6ab0,data,"DAT_004c6aac",undefined *
004c6ab0,004c6ab4,data,"DAT_004c6ab0",undefined *
004c6ab4,004c6ab8,data,"DAT_004c6ab4",undefined *
004c6ab8,004c6abc,data,"DAT_004c6ab8",undefined *
004c6abc,004c6ac0,data,"DAT_004c6abc",undefined *
004c6ac0,004c6ac4,data,"DAT_004c6ac0",undefined *
004c6ac4,004c6ac8,data,"DAT_004c6ac4",undefined *
004c6ac8,004c6acc,data,"DAT_004c6ac8",undefined *
004c6acc,004c6ad0,data,"DAT_004c6acc",undefined *
004c6ad0,004c6ad4,data,"DAT_004c6ad0",undefined *
004c6ad4,004c6ad8,data,"DAT_004c6ad4",undefined *
004c6ad8,004c6adc,data,"DAT_004c6ad8",undefined *
004c6adc,004c6ae0,data,"DAT_004c6adc",undefined *
004c6ae0,004c6ae4,data,"DAT_004c6ae0",undefined *
004c6ae4,004c6ae8,data,"DAT_004c6ae4",undefined *
004c6ae8,004c6aec,data,"DAT_004c6ae8",undefined *
004c6aec,004c6af0,data,"DAT_004c6aec",undefined *
004c6af0,004c6af4,data,"DAT_004c6af0",undefined *
004c6af4,004c6af8,data,"DAT_004c6af4",undefined *
004c6af8,004c6afc,data,"DAT_004c6af8",undefined *
004c6b24,004c6b28,data,"PTR_FUN_004c6b24",undefined *
004c6b28,004c6b2c,data,"DAT_004c6b28",undefined *
004c6b2c,004c6b30,data,"DAT_004c6b2c",undefined *
004c6b30,004c6b34,data,"DAT_004c6b30",undefined *
004c6b34,004c6b38,data,"DAT_004c6b34",undefined *
004c6b38,004c6b3c,data,"DAT_004c6b38",undefined *
004c6b3c,004c6b40,data,"DAT_004c6b3c",undefined *
004c6b40,004c6b44,data,"DAT_004c6b40",undefined *
004c6b44,004c6b48,data,"DAT_004c6b44",undefined *
004c6b48,004c6b4c,data,"DAT_004c6b48",undefined *
004c6b4c,004c6b50,data,"DAT_004c6b4c",undefined *
004c6b50,004c6b54,data,"DAT_004c6b50",undefined *
004c6b54,004c6b58,data,"PTR_FUN_004c6b54",pointer
004c6b58,004c6b5c,data,"PTR_FUN_004c6b58",undefined *
004c6b5c,004c6b60,data,"DAT_004c6b5c",undefined *
004c6b60,004c6b64,data,"DAT_004c6b60",undefined *
004c6b64,004c6b68,data,"DAT_004c6b64",undefined *
004c6b68,004c6b6c,data,"DAT_004c6b68",undefined *
004c6b6c,004c6b70,data,"DAT_004c6b6c",undefined *
004c6b70,004c6b74,data,"DAT_004c6b70",undefined *
004c6b74,004c6b78,data,"DAT_004c6b74",undefined *
004c6b78,004c6b7c,data,"DAT_004c6b78",undefined *
004c6b7c,004c6b80,data,"DAT_004c6b7c",undefined *
004c6b80,004c6b84,data,"DAT_004c6b80",undefined *
004c6b84,004c6b88,data,"DAT_004c6b84",undefined *
004c6b88,004c6b8c,data,"PTR_FUN_004c6b88",undefined *
004c6b8c,004c6b90,data,"DAT_004c6b8c",undefined *
004c6b90,004c6b94,data,"DAT_004c6b90",undefined *
004c6b94,004c6b98,data,"DAT_004c6b94",undefined *
004c6ba4,004c6ba8,data,"PTR_FUN_004c6ba4",undefined *
004c6ba8,004c6bac,data,"DAT_004c6ba8",undefined *
004c6bac,004c6bb0,data,"DAT_004c6bac",undefined *
004c6bb0,004c6bb4,data,"DAT_004c6bb0",undefined *
004c6bb4,004c6bb8,data,"DAT_004c6bb4",undefined *
004c6bb8,004c6bbc,data,"DAT_004c6bb8",undefined *
004c6bbc,004c6bc0,data,"DAT_004c6bbc",undefined *
004c6bc0,004c6bc4,data,"DAT_004c6bc0",undefined *
004c6bc4,004c6bc8,data,"DAT_004c6bc4",undefined *
004c6bc8,004c6bcc,data,"DAT_004c6bc8",undefined *
004c6bcc,004c6bd0,data,"DAT_004c6bcc",undefined *
004c6bd0,004c6bd4,data,"DAT_004c6bd0",undefined *
004c6bd4,004c6bd8,data,"DAT_004c6bd4",undefined *
004c6bd8,004c6bdc,data,"DAT_004c6bd8",undefined *
004c6bdc,004c6be0,data,"PTR_FUN_004c6bdc",undefined *
004c6be0,004c6be4,data,"DAT_004c6be0",undefined *
004c6be4,004c6be8,data,"DAT_004c6be4",undefined *
004c6be8,004c6bec,data,"DAT_004c6be8",undefined *
004c6bec,004c6bf0,data,"DAT_004c6bec",undefined *
004c6bf0,004c6bf4,data,"DAT_004c6bf0",undefined *
004c6bf4,004c6bf8,data,"DAT_004c6bf4",undefined *
004c6bf8,004c6bfc,data,"DAT_004c6bf8",undefined *
004c6bfc,004c6c00,data,"DAT_004c6bfc",undefined *
004c6c00,004c6c04,data,"DAT_004c6c00",undefined *
004c6c04,004c6c08,data,"DAT_004c6c04",undefined *
004c6c08,004c6c0c,data,"DAT_004c6c08",undefined *
004c6c0c,004c6c10,data,"PTR_FUN_004c6c0c",undefined *
004c6c10,004c6c14,data,"DAT_004c6c10",undefined *
004c6c14,004c6c18,data,"DAT_004c6c14",undefined *
004c6c18,004c6c1c,data,"DAT_004c6c18",undefined *
004c6c1c,004c6c20,data,"DAT_004c6c1c",undefined *
004c6c20,004c6c24,data,"DAT_004c6c20",undefined *
004c6c24,004c6c28,data,"DAT_004c6c24",undefined *
004c6c28,004c6c2c,data,"DAT_004c6c28",undefined *
004c6c2c,004c6c30,data,"DAT_004c6c2c",undefined *
004c6c30,004c6c34,data,"DAT_004c6c30",undefined *
004c6c34,004c6c38,data,"DAT_004c6c34",undefined *
004c6c38,004c6c3c,data,"DAT_004c6c38",undefined *
004c6c3c,004c6c40,data,"PTR_FUN_004c6c3c",undefined *
004c6c40,004c6c44,data,"DAT_004c6c40",undefined *
004c6c44,004c6c48,data,"DAT_004c6c44",undefined *
004c6c48,004c6c4c,data,"DAT_004c6c48",undefined *
004c6c4c,004c6c50,data,"DAT_004c6c4c",undefined *
004c6c50,004c6c54,data,"DAT_004c6c50",undefined *
004c6c54,004c6c58,data,"DAT_004c6c54",undefined *
004c6c58,004c6c5c,data,"DAT_004c6c58",undefined *
004c6c5c,004c6c60,data,"DAT_004c6c5c",undefined *
004c6c60,004c6c64,data,"DAT_004c6c60",undefined *
004c6c64,004c6c68,data,"DAT_004c6c64",undefined *
004c6c68,004c6c6c,data,"DAT_004c6c68",undefined *
004c6c6c,004c6c70,data,"PTR_FUN_004c6c6c",undefined *
004c6c70,004c6c74,data,"DAT_004c6c70",undefined *
004c6c74,004c6c78,data,"DAT_004c6c74",undefined *
004c6c78,004c6c7c,data,"DAT_004c6c78",undefined *
004c6c7c,004c6c80,data,"DAT_004c6c7c",undefined *
004c6c80,004c6c84,data,"DAT_004c6c80",undefined *
004c6c84,004c6c88,data,"DAT_004c6c84",undefined *
004c6c88,004c6c8c,data,"DAT_004c6c88",undefined *
004c6c8c,004c6c90,data,"DAT_004c6c8c",undefined *
004c6c90,004c6c94,data,"DAT_004c6c90",undefined *
004c6c94,004c6c98,data,"DAT_004c6c94",undefined *
004c6c98,004c6c9c,data,"DAT_004c6c98",undefined *
004c6c9c,004c6ca0,data,"PTR_FUN_004c6c9c",undefined *
004c6ca0,004c6ca4,data,"DAT_004c6ca0",undefined *
004c6ca4,004c6ca8,data,"DAT_004c6ca4",undefined *
004c6ca8,004c6cac,data,"DAT_004c6ca8",undefined *
004c6cac,004c6cb0,data,"DAT_004c6cac",undefined *
004c6cb0,004c6cb4,data,"DAT_004c6cb0",undefined *
004c6cb4,004c6cb8,data,"DAT_004c6cb4",undefined *
004c6cb8,004c6cbc,data,"DAT_004c6cb8",undefined *
004c6cbc,004c6cc0,data,"DAT_004c6cbc",undefined *
004c6cc0,004c6cc4,data,"DAT_004c6cc0",undefined *
004c6cc4,004c6cc8,data,"DAT_004c6cc4",undefined *
004c6cc8,004c6ccc,data,"DAT_004c6cc8",undefined *
004c6ccc,004c6cd0,data,"PTR_FUN_004c6ccc",undefined *
004c6cd0,004c6cd4,data,"DAT_004c6cd0",undefined *
004c6cd4,004c6cd8,data,"DAT_004c6cd4",undefined *
004c6cd8,004c6cdc,data,"DAT_004c6cd8",undefined *
004c6cdc,004c6ce0,data,"DAT_004c6cdc",undefined *
004c6ce0,004c6ce4,data,"DAT_004c6ce0",undefined *
004c6ce4,004c6ce8,data,"DAT_004c6ce4",undefined *
004c6ce8,004c6cec,data,"DAT_004c6ce8",undefined *
004c6cec,004c6cf0,data,"DAT_004c6cec",undefined *
004c6cf0,004c6cf4,data,"DAT_004c6cf0",undefined *
004c6cf4,004c6cf8,data,"DAT_004c6cf4",undefined *
004c6cf8,004c6cfc,data,"DAT_004c6cf8",undefined *
004c6cfc,004c6d00,data,"PTR_FUN_004c6cfc",undefined *
004c6d00,004c6d04,data,"DAT_004c6d00",undefined *
004c6d04,004c6d08,data,"DAT_004c6d04",undefined *
004c6d08,004c6d0c,data,"DAT_004c6d08",undefined *
004c6d0c,004c6d10,data,"PTR_FUN_004c6d0c",undefined *
004c6d10,004c6d14,data,"DAT_004c6d10",undefined *
004c6d14,004c6d18,data,"DAT_004c6d14",undefined *
004c6d18,004c6d1c,data,"DAT_004c6d18",undefined *
004c6d1c,004c6d20,data,"PTR_FUN_004c6d1c",undefined *
004c6d20,004c6d24,data,"DAT_004c6d20",undefined *
004c6d24,004c6d28,data,"DAT_004c6d24",undefined *
004c6d28,004c6d2c,data,"DAT_004c6d28",undefined *
004c6d2c,004c6d30,data,"PTR_FUN_004c6d2c",undefined *
004c6d30,004c6d34,data,"DAT_004c6d30",undefined *
004c6d34,004c6d38,data,"DAT_004c6d34",undefined *
004c6d38,004c6d3c,data,"DAT_004c6d38",undefined *
004c6d3c,004c6d40,data,"PTR_FUN_004c6d3c",undefined *
004c6d40,004c6d44,data,"DAT_004c6d40",undefined *
004c6d44,004c6d48,data,"DAT_004c6d44",undefined *
004c6d48,004c6d4c,data,"DAT_004c6d48",undefined *
004c6d4c,004c6d50,data,"PTR_FUN_004c6d4c",undefined *
004c6d50,004c6d54,data,"DAT_004c6d50",undefined *
004c6d54,004c6d58,data,"DAT_004c6d54",undefined *
004c6d58,004c6d5c,data,"DAT_004c6d58",undefined *
004c6d5c,004c6d60,data,"PTR_FUN_004c6d5c",undefined *
004c6d60,004c6d64,data,"DAT_004c6d60",undefined *
004c6d64,004c6d68,data,"DAT_004c6d64",undefined *
004c6d68,004c6d6c,data,"DAT_004c6d68",undefined *
004c6d6c,004c6d70,data,"PTR_FUN_004c6d6c",undefined *
004c6d70,004c6d74,data,"DAT_004c6d70",undefined *
004c6d74,004c6d78,data,"DAT_004c6d74",undefined *
004c6d78,004c6d7c,data,"DAT_004c6d78",undefined *
004c6d7c,004c6d80,data,"PTR_FUN_004c6d7c",undefined *
004c6d80,004c6d84,data,"DAT_004c6d80",undefined *
004c6d84,004c6d88,data,"DAT_004c6d84",undefined *
004c6d88,004c6d8c,data,"DAT_004c6d88",undefined *
004c6d8c,004c6d90,data,"PTR_FUN_004c6d8c",undefined *
004c6d90,004c6d94,data,"DAT_004c6d90",undefined *
004c6d94,004c6d98,data,"DAT_004c6d94",undefined *
004c6d98,004c6d9c,data,"DAT_004c6d98",undefined *
004c6d9c,004c6da0,data,"PTR_FUN_004c6d9c",undefined *
004c6da0,004c6da4,data,"DAT_004c6da0",undefined *
004c6da4,004c6da8,data,"DAT_004c6da4",undefined *
004c6da8,004c6dac,data,"DAT_004c6da8",undefined *
004c6dac,004c6db0,data,"PTR_FUN_004c6dac",undefined *
004c6db0,004c6db4,data,"DAT_004c6db0",undefined *
004c6db4,004c6db8,data,"DAT_004c6db4",undefined *
004c6db8,004c6dbc,data,"DAT_004c6db8",undefined *
004c6dc0,004c6dc4,data,"PTR_FUN_004c6dc0",undefined *
004c6dc4,004c6dc8,data,"DAT_004c6dc4",undefined *
004c6dc8,004c6dcc,data,"DAT_004c6dc8",undefined *
004c6dcc,004c6dd0,data,"DAT_004c6dcc",undefined *
004c6dd0,004c6dd4,data,"DAT_004c6dd0",undefined *
004c6dd4,004c6dd8,data,"PTR_FUN_004c6dd4",undefined *
004c6dd8,004c6ddc,data,"DAT_004c6dd8",undefined *
004c6ddc,004c6de0,data,"DAT_004c6ddc",undefined *
004c6de0,004c6de4,data,"DAT_004c6de0",undefined *
004c6de4,004c6de8,data,"DAT_004c6de4",undefined *
004c6de8,004c6dec,data,"PTR_PlaySound_004c6de8",undefined *
004c6dec,004c6df0,data,"DAT_004c6dec",undefined *
004c6df0,004c6df4,data,"DAT_004c6df0",undefined *
004c6df4,004c6df8,data,"DAT_004c6df4",undefined *
004c6df8,004c6dfc,data,"DAT_004c6df8",undefined *
004c6dfc,004c6e00,data,"DAT_004c6dfc",undefined *
004c6e00,004c6e04,data,"PTR_~CServerMgr_004c6e00",undefined *
004c6e04,004c6e08,data,"DAT_004c6e04",undefined *
004c6e08,004c6e0c,data,"DAT_004c6e08",undefined *
004c6e0c,004c6e10,data,"DAT_004c6e0c",undefined *
004c6e10,004c6e14,data,"DAT_004c6e10",undefined *
004c6e14,004c6e18,data,"PTR_FUN_004c6e14",undefined *
004c6e18,004c6e1c,data,"DAT_004c6e18",undefined *
004c6e1c,004c6e20,data,"DAT_004c6e1c",undefined *
004c6e20,004c6e24,data,"DAT_004c6e20",undefined *
004c6e24,004c6e28,data,"DAT_004c6e24",undefined *
004c6e28,004c6e2c,data,"DAT_004c6e28",undefined *
004c6e2c,004c6e30,data,"PTR_FUN_004c6e2c",undefined *
004c6e30,004c6e34,data,"DAT_004c6e30",undefined *
004c6e34,004c6e38,data,"DAT_004c6e34",undefined *
004c6e38,004c6e3c,data,"DAT_004c6e38",undefined *
004c6e3c,004c6e40,data,"DAT_004c6e3c",undefined *
004c6e40,004c6e44,data,"DAT_004c6e40",undefined *
004c6e44,004c6e48,data,"DAT_004c6e44",undefined *
004c6e48,004c6e4c,data,"DAT_004c6e48",undefined *
004c6e4c,004c6e50,data,"DAT_004c6e4c",undefined *
004c6e50,004c6e54,data,"DAT_004c6e50",undefined *
004c6e54,004c6e58,data,"DAT_004c6e54",undefined *
004c6e58,004c6e5c,data,"DAT_004c6e58",undefined *
004c6e5c,004c6e60,data,"PTR_FUN_004c6e5c",undefined *
004c6e60,004c6e64,data,"DAT_004c6e60",undefined *
004c6e64,004c6e68,data,"DAT_004c6e64",undefined *
004c6e68,004c6e6c,data,"DAT_004c6e68",undefined *
004c6e6c,004c6e70,data,"PTR_FUN_004c6e6c",undefined *
004c6e70,004c6e74,data,"DAT_004c6e70",undefined *
004c6e74,004c6e78,data,"DAT_004c6e74",undefined *
004c6e78,004c6e7c,data,"DAT_004c6e78",undefined *
004c6e7c,004c6e80,data,"PTR_FUN_004c6e7c",undefined *
004c6e80,004c6e84,data,"DAT_004c6e80",undefined *
004c6e84,004c6e88,data,"DAT_004c6e84",undefined *
004c6e88,004c6e8c,data,"DAT_004c6e88",undefined *
004c6e8c,004c6e90,data,"PTR_FUN_004c6e8c",undefined *
004c6e90,004c6e94,data,"DAT_004c6e90",undefined *
004c6e94,004c6e98,data,"DAT_004c6e94",undefined *
004c6e98,004c6e9c,data,"DAT_004c6e98",undefined *
004c6f30,004c6f34,data,"PTR_FUN_004c6f30",undefined *
004c6f34,004c6f38,data,"DAT_004c6f34",undefined *
004c6f38,004c6f3c,data,"DAT_004c6f38",undefined *
004c6f3c,004c6f40,data,"DAT_004c6f3c",undefined *
004c6f40,004c6f44,data,"DAT_004c6f40",undefined *
004c6f44,004c6f48,data,"DAT_004c6f44",undefined *
004c6f48,004c6f4c,data,"DAT_004c6f48",undefined *
004c6f4c,004c6f50,data,"DAT_004c6f4c",undefined *
004c6f50,004c6f54,data,"DAT_004c6f50",undefined *
004c6f54,004c6f58,data,"DAT_004c6f54",undefined *
004c6f58,004c6f5c,data,"PTR_FUN_004c6f58",undefined *
004c6f5c,004c6f60,data,"DAT_004c6f5c",undefined *
004c6f60,004c6f64,data,"DAT_004c6f60",undefined *
004c6f64,004c6f68,data,"DAT_004c6f64",undefined *
004c6f68,004c6f6c,data,"DAT_004c6f68",undefined *
004c6f6c,004c6f70,data,"DAT_004c6f6c",undefined *
004c6f70,004c6f74,data,"DAT_004c6f70",undefined *
004c6f74,004c6f78,data,"DAT_004c6f74",undefined *
004c6f78,004c6f7c,data,"DAT_004c6f78",undefined *
004c6f7c,004c6f80,data,"DAT_004c6f7c",undefined *
004c6f80,004c6f84,data,"PTR_FUN_004c6f80",undefined *
004c6f84,004c6f88,data,"DAT_004c6f84",undefined *
004c6f88,004c6f8c,data,"DAT_004c6f88",undefined *
004c6f8c,004c6f90,data,"DAT_004c6f8c",undefined *
004c6f90,004c6f94,data,"DAT_004c6f90",undefined *
004c6f94,004c6f98,data,"DAT_004c6f94",undefined *
004c6f98,004c6f9c,data,"DAT_004c6f98",undefined *
004c6f9c,004c6fa0,data,"DAT_004c6f9c",undefined *
004c6fa0,004c6fa4,data,"DAT_004c6fa0",undefined *
004c6fa4,004c6fa8,data,"DAT_004c6fa4",undefined *
004c6fa8,004c6fac,data,"DAT_004c6fa8",undefined *
004c6fac,004c6fb0,data,"DAT_004c6fac",undefined *
004c6fb4,004c6fb8,data,"PTR_FUN_004c6fb4",undefined *
004c6fb8,004c6fbc,data,"DAT_004c6fb8",undefined *
004c6fbc,004c6fc0,data,"DAT_004c6fbc",undefined *
004c6fc0,004c6fc4,data,"DAT_004c6fc0",undefined *
004c6fc4,004c6fc8,data,"DAT_004c6fc4",undefined *
004c6fc8,004c6fcc,data,"DAT_004c6fc8",undefined *
004c6fcc,004c6fd0,data,"DAT_004c6fcc",undefined *
004c6fd0,004c6fd4,data,"DAT_004c6fd0",undefined *
004c6fd4,004c6fd8,data,"DAT_004c6fd4",undefined *
004c6fd8,004c6fdc,data,"DAT_004c6fd8",undefined *
004c6fe4,004c6fe8,data,"PTR_FUN_004c6fe4",undefined *
004c6fe8,004c6fec,data,"DAT_004c6fe8",undefined *
004c6fec,004c6ff0,data,"DAT_004c6fec",undefined *
004c6ff0,004c6ff4,data,"DAT_004c6ff0",undefined *
004c6ff4,004c6ff8,data,"PTR_FUN_004c6ff4",undefined *
004c6ff8,004c6ffc,data,"DAT_004c6ff8",undefined *
004c6ffc,004c7000,data,"DAT_004c6ffc",undefined *
004c7000,004c7004,data,"DAT_004c7000",undefined *
004c7004,004c7008,data,"PTR_FUN_004c7004",undefined *
004c7008,004c700c,data,"DAT_004c7008",undefined *
004c700c,004c7010,data,"DAT_004c700c",undefined *
004c7010,004c7014,data,"DAT_004c7010",undefined *
004c7014,004c7018,data,"DAT_004c7014",undefined *
004c7018,004c701c,data,"DAT_004c7018",undefined *
004c701c,004c7020,data,"DAT_004c701c",undefined *
004c7020,004c7024,data,"DAT_004c7020",undefined *
004c7024,004c7028,data,"DAT_004c7024",undefined *
004c7028,004c702c,data,"DAT_004c7028",undefined *
004c702c,004c7030,data,"DAT_004c702c",undefined *
004c7030,004c7034,data,"PTR_FUN_004c7030",undefined *
004c7034,004c7038,data,"DAT_004c7034",undefined *
004c7038,004c703c,data,"DAT_004c7038",undefined *
004c703c,004c7040,data,"DAT_004c703c",undefined *
004c7040,004c7044,data,"DAT_004c7040",undefined *
004c7044,004c7048,data,"DAT_004c7044",undefined *
004c7048,004c704c,data,"DAT_004c7048",undefined *
004c704c,004c7050,data,"DAT_004c704c",undefined *
004c7050,004c7054,data,"DAT_004c7050",undefined *
004c7054,004c7058,data,"DAT_004c7054",undefined *
004c7058,004c705c,data,"DAT_004c7058",undefined *
004c705c,004c7060,data,"PTR_FUN_004c705c",undefined *
004c7060,004c7064,data,"DAT_004c7060",undefined *
004c7064,004c7068,data,"DAT_004c7064",undefined *
004c7068,004c706c,data,"DAT_004c7068",undefined *
004c706c,004c7070,data,"DAT_004c706c",undefined *
004c7070,004c7074,data,"DAT_004c7070",undefined *
004c7074,004c7078,data,"DAT_004c7074",undefined *
004c7078,004c707c,data,"DAT_004c7078",undefined *
004c707c,004c7080,data,"DAT_004c707c",undefined *
004c7080,004c7084,data,"DAT_004c7080",undefined *
004c7084,004c7088,data,"DAT_004c7084",undefined *
004c7088,004c708c,data,"PTR_FUN_004c7088",undefined *
004c708c,004c7090,data,"DAT_004c708c",undefined *
004c7090,004c7094,data,"DAT_004c7090",undefined *
004c7094,004c7098,data,"DAT_004c7094",undefined *
004c7098,004c709c,data,"DAT_004c7098",undefined *
004c709c,004c70a0,data,"DAT_004c709c",undefined *
004c70a0,004c70a4,data,"DAT_004c70a0",undefined *
004c70a4,004c70a8,data,"DAT_004c70a4",undefined *
004c70a8,004c70ac,data,"DAT_004c70a8",undefined *
004c70ac,004c70b0,data,"DAT_004c70ac",undefined *
004c70b0,004c70b4,data,"DAT_004c70b0",undefined *
004c70b4,004c70b8,data,"PTR_FUN_004c70b4",undefined *
004c70b8,004c70bc,data,"DAT_004c70b8",undefined *
004c70bc,004c70c0,data,"DAT_004c70bc",undefined *
004c70c0,004c70c4,data,"DAT_004c70c0",undefined *
004c70c4,004c70c8,data,"DAT_004c70c4",undefined *
004c70c8,004c70cc,data,"DAT_004c70c8",undefined *
004c70cc,004c70d0,data,"DAT_004c70cc",undefined *
004c70d0,004c70d4,data,"DAT_004c70d0",undefined *
004c70d4,004c70d8,data,"DAT_004c70d4",undefined *
004c70d8,004c70dc,data,"DAT_004c70d8",undefined *
004c70dc,004c70e0,data,"DAT_004c70dc",undefined *
004c70e0,004c70e4,data,"PTR_FUN_004c70e0",undefined *
004c70e4,004c70e8,data,"DAT_004c70e4",undefined *
004c70e8,004c70ec,data,"DAT_004c70e8",undefined *
004c70f4,004c70f8,data,"PTR_FUN_004c70f4",undefined *
004c70f8,004c70fc,data,"DAT_004c70f8",undefined *
004c70fc,004c7100,data,"DAT_004c70fc",undefined *
004c7100,004c7104,data,"DAT_004c7100",undefined *
004c7104,004c7108,data,"DAT_004c7104",undefined *
004c7108,004c710c,data,"DAT_004c7108",undefined *
004c710c,004c7110,data,"DAT_004c710c",undefined *
004c7110,004c7114,data,"DAT_004c7110",undefined *
004c7118,004c711c,data,"PTR_FUN_004c7118",undefined *
004c711c,004c7120,data,"DAT_004c711c",undefined *
004c7120,004c7124,data,"DAT_004c7120",undefined *
004c7124,004c7128,data,"DAT_004c7124",undefined *
004c7128,004c712c,data,"DAT_004c7128",undefined *
004c712c,004c7130,data,"DAT_004c712c",undefined *
004c7130,004c7134,data,"DAT_004c7130",undefined *
004c7134,004c7138,data,"DAT_004c7134",undefined *
004c7138,004c713c,data,"DAT_004c7138",undefined *
004c713c,004c7140,data,"DAT_004c713c",undefined *
004c7140,004c7144,data,"DAT_004c7140",undefined *
004c7144,004c7148,data,"PTR_FUN_004c7144",undefined *
004c7148,004c714c,data,"DAT_004c7148",undefined *
004c714c,004c7150,data,"DAT_004c714c",undefined *
004c7150,004c7154,data,"DAT_004c7150",undefined *
004c7154,004c7158,data,"DAT_004c7154",undefined *
004c7158,004c715c,data,"DAT_004c7158",undefined *
004c715c,004c7160,data,"DAT_004c715c",undefined *
004c7160,004c7164,data,"DAT_004c7160",undefined *
004c7164,004c7168,data,"DAT_004c7164",undefined *
004c7168,004c716c,data,"DAT_004c7168",undefined *
004c716c,004c7170,data,"DAT_004c716c",undefined *
004c7170,004c7174,data,"DAT_004c7170",undefined *
004c7174,004c7178,data,"PTR_FUN_004c7174",undefined *
004c7178,004c717c,data,"DAT_004c7178",undefined *
004c717c,004c7180,data,"DAT_004c717c",undefined *
004c7180,004c7184,data,"DAT_004c7180",undefined *
004c7184,004c7188,data,"DAT_004c7184",undefined *
004c7188,004c718c,data,"DAT_004c7188",undefined *
004c718c,004c7190,data,"DAT_004c718c",undefined *
004c7190,004c7194,data,"DAT_004c7190",undefined *
004c7194,004c7198,data,"DAT_004c7194",undefined *
004c7198,004c719c,data,"DAT_004c7198",undefined *
004c719c,004c71a0,data,"DAT_004c719c",undefined *
004c71a0,004c71a4,data,"PTR_EndCounter_004c71a0",undefined *
004c71a4,004c71a8,data,"DAT_004c71a4",undefined *
004c71a8,004c71ac,data,"DAT_004c71a8",undefined *
004c71ac,004c71b0,data,"DAT_004c71ac",undefined *
004c71b0,004c71b4,data,"DAT_004c71b0",undefined *
004c71b4,004c71b8,data,"DAT_004c71b4",undefined *
004c71b8,004c71bc,data,"DAT_004c71b8",undefined *
004c71bc,004c71c0,data,"DAT_004c71bc",undefined *
004c71c0,004c71c4,data,"DAT_004c71c0",undefined *
004c71c4,004c71c8,data,"DAT_004c71c4",undefined *
004c71c8,004c71cc,data,"DAT_004c71c8",undefined *
004c71cc,004c71d0,data,"DAT_004c71cc",undefined *
004c71d0,004c71d4,data,"PTR_FUN_004c71d0",undefined *
004c71d4,004c71d8,data,"DAT_004c71d4",undefined *
004c71d8,004c71dc,data,"DAT_004c71d8",undefined *
004c71dc,004c71e0,data,"DAT_004c71dc",undefined *
004c71e0,004c71e4,data,"DAT_004c71e0",undefined *
004c71e4,004c71e8,data,"DAT_004c71e4",undefined *
004c71e8,004c71ec,data,"DAT_004c71e8",undefined *
004c71ec,004c71f0,data,"DAT_004c71ec",undefined *
004c71f0,004c71f4,data,"DAT_004c71f0",undefined *
004c71f4,004c71f8,data,"DAT_004c71f4",undefined *
004c71f8,004c71fc,data,"DAT_004c71f8",undefined *
004c71fc,004c7200,data,"DAT_004c71fc",undefined *
004c7200,004c7204,data,"PTR_FUN_004c7200",undefined *
004c7204,004c7208,data,"DAT_004c7204",undefined *
004c7208,004c720c,data,"DAT_004c7208",undefined *
004c720c,004c7210,data,"DAT_004c720c",undefined *
004c7210,004c7214,data,"DAT_004c7210",undefined *
004c7214,004c7218,data,"DAT_004c7214",undefined *
004c7218,004c721c,data,"DAT_004c7218",undefined *
004c721c,004c7220,data,"DAT_004c721c",undefined *
004c7220,004c7224,data,"DAT_004c7220",undefined *
004c7224,004c7228,data,"DAT_004c7224",undefined *
004c7228,004c722c,data,"DAT_004c7228",undefined *
004c722c,004c7230,data,"DAT_004c722c",undefined *
004c7230,004c7234,data,"PTR_FUN_004c7230",undefined *
004c7234,004c7238,data,"DAT_004c7234",undefined *
004c7238,004c723c,data,"DAT_004c7238",undefined *
004c723c,004c7240,data,"DAT_004c723c",undefined *
004c7240,004c7244,data,"DAT_004c7240",undefined *
004c7244,004c7248,data,"DAT_004c7244",undefined *
004c7248,004c724c,data,"DAT_004c7248",undefined *
004c724c,004c7250,data,"DAT_004c724c",undefined *
004c7250,004c7254,data,"DAT_004c7250",undefined *
004c7254,004c7258,data,"DAT_004c7254",undefined *
004c7258,004c725c,data,"DAT_004c7258",undefined *
004c725c,004c7260,data,"DAT_004c725c",undefined *
004c7260,004c7264,data,"PTR_FUN_004c7260",undefined *
004c7264,004c7268,data,"DAT_004c7264",undefined *
004c7268,004c726c,data,"DAT_004c7268",undefined *
004c726c,004c7270,data,"DAT_004c726c",undefined *
004c7270,004c7274,data,"DAT_004c7270",undefined *
004c7274,004c7278,data,"DAT_004c7274",undefined *
004c7278,004c727c,data,"DAT_004c7278",undefined *
004c727c,004c7280,data,"DAT_004c727c",undefined *
004c7280,004c7284,data,"DAT_004c7280",undefined *
004c7284,004c7288,data,"DAT_004c7284",undefined *
004c7288,004c728c,data,"DAT_004c7288",undefined *
004c728c,004c7290,data,"DAT_004c728c",undefined *
004c7290,004c7294,data,"PTR_FUN_004c7290",undefined *
004c7294,004c7298,data,"DAT_004c7294",undefined *
004c7298,004c729c,data,"DAT_004c7298",undefined *
004c729c,004c72a0,data,"DAT_004c729c",undefined *
004c72a0,004c72a4,data,"DAT_004c72a0",undefined *
004c72a4,004c72a8,data,"DAT_004c72a4",undefined *
004c72a8,004c72ac,data,"DAT_004c72a8",undefined *
004c72ac,004c72b0,data,"DAT_004c72ac",undefined *
004c72b0,004c72b4,data,"DAT_004c72b0",undefined *
004c72b4,004c72b8,data,"DAT_004c72b4",undefined *
004c72b8,004c72bc,data,"DAT_004c72b8",undefined *
004c72bc,004c72c0,data,"DAT_004c72bc",undefined *
004c72c0,004c72c4,data,"PTR_FUN_004c72c0",undefined *
004c72c4,004c72c8,data,"DAT_004c72c4",undefined *
004c72c8,004c72cc,data,"DAT_004c72c8",undefined *
004c72cc,004c72d0,data,"DAT_004c72cc",undefined *
004c72d0,004c72d4,data,"DAT_004c72d0",undefined *
004c72d4,004c72d8,data,"DAT_004c72d4",undefined *
004c72d8,004c72dc,data,"DAT_004c72d8",undefined *
004c72dc,004c72e0,data,"DAT_004c72dc",undefined *
004c72e0,004c72e4,data,"DAT_004c72e0",undefined *
004c72e4,004c72e8,data,"DAT_004c72e4",undefined *
004c72e8,004c72ec,data,"DAT_004c72e8",undefined *
004c72ec,004c72f0,data,"DAT_004c72ec",undefined *
004c72f0,004c72f4,data,"PTR_FUN_004c72f0",undefined *
004c72f4,004c72f8,data,"DAT_004c72f4",undefined *
004c72f8,004c72fc,data,"DAT_004c72f8",undefined *
004c72fc,004c7300,data,"DAT_004c72fc",undefined *
004c7300,004c7304,data,"DAT_004c7300",undefined *
004c7304,004c7308,data,"DAT_004c7304",undefined *
004c7308,004c730c,data,"DAT_004c7308",undefined *
004c730c,004c7310,data,"DAT_004c730c",undefined *
004c7310,004c7314,data,"DAT_004c7310",undefined *
004c7314,004c7318,data,"DAT_004c7314",undefined *
004c7318,004c731c,data,"DAT_004c7318",undefined *
004c731c,004c7320,data,"DAT_004c731c",undefined *
004c7320,004c7324,data,"PTR_FUN_004c7320",undefined *
004c7324,004c7328,data,"DAT_004c7324",undefined *
004c7328,004c732c,data,"DAT_004c7328",undefined *
004c732c,004c7330,data,"DAT_004c732c",undefined *
004c7330,004c7334,data,"DAT_004c7330",undefined *
004c7334,004c7338,data,"DAT_004c7334",undefined *
004c7338,004c733c,data,"DAT_004c7338",undefined *
004c733c,004c7340,data,"DAT_004c733c",undefined *
004c7340,004c7344,data,"DAT_004c7340",undefined *
004c7344,004c7348,data,"DAT_004c7344",undefined *
004c7348,004c734c,data,"DAT_004c7348",undefined *
004c734c,004c7350,data,"DAT_004c734c",undefined *
004c7358,004c735c,data,"PTR_FUN_004c7358",undefined *
004c735c,004c7360,data,"DAT_004c735c",undefined *
004c7360,004c7364,data,"DAT_004c7360",undefined *
004c7364,004c7368,data,"DAT_004c7364",undefined *
004c7368,004c736c,data,"PTR_FUN_004c7368",pointer
004c7370,004c7374,data,"PTR_FUN_004c7370",undefined *
004c7374,004c7378,data,"DAT_004c7374",undefined *
004c7378,004c737c,data,"DAT_004c7378",undefined *
004c737c,004c7380,data,"DAT_004c737c",undefined *
004c7380,004c7384,data,"DAT_004c7380",undefined *
004c7384,004c7388,data,"DAT_004c7384",undefined *
004c7388,004c738c,data,"DAT_004c7388",undefined *
004c738c,004c7390,data,"DAT_004c738c",undefined *
004c7390,004c7394,data,"DAT_004c7390",undefined *
004c7394,004c7398,data,"DAT_004c7394",undefined *
004c7398,004c739c,data,"DAT_004c7398",undefined *
004c739c,004c73a0,data,"DAT_004c739c",undefined *
004c73a0,004c73a4,data,"DAT_004c73a0",undefined *
004c73a4,004c73a8,data,"DAT_004c73a4",undefined *
004c73a8,004c73ac,data,"DAT_004c73a8",undefined *
004c73ac,004c73b0,data,"DAT_004c73ac",undefined *
004c73b0,004c73b4,data,"DAT_004c73b0",undefined *
004c73b4,004c73b8,data,"DAT_004c73b4",undefined *
004c73b8,004c73bc,data,"DAT_004c73b8",undefined *
004c73bc,004c73c0,data,"DAT_004c73bc",undefined *
004c73c0,004c73c4,data,"DAT_004c73c0",undefined *
004c73c4,004c73c8,data,"DAT_004c73c4",undefined *
004c73c8,004c73cc,data,"DAT_004c73c8",undefined *
004c73cc,004c73d0,data,"DAT_004c73cc",undefined *
004c73d0,004c73d4,data,"DAT_004c73d0",undefined *
004c73d4,004c73d8,data,"DAT_004c73d4",undefined *
004c73d8,004c73dc,data,"DAT_004c73d8",undefined *
004c73dc,004c73e0,data,"PTR_FUN_004c73dc",pointer
004c73e0,004c73e4,data,"PTR_FUN_004c73e0",pointer
004c73ef,004c7400,data,"DAT_004c73ef",string
004c7424,004c7428,data,"PTR_FUN_004c7424",undefined *
004c7428,004c742c,data,"DAT_004c7428",undefined *
004c742c,004c7430,data,"DAT_004c742c",undefined *
004c7430,004c7434,data,"DAT_004c7430",undefined *
004c7438,004c743c,data,"PTR_FUN_004c7438",undefined *
004c743c,004c7440,data,"DAT_004c743c",undefined *
004c7440,004c7444,data,"DAT_004c7440",undefined *
004c7444,004c7448,data,"DAT_004c7444",undefined *
004c7448,004c744c,data,"DAT_004c7448",undefined *
004c744c,004c7450,data,"DAT_004c744c",undefined *
004c7450,004c7454,data,"DAT_004c7450",undefined *
004c7454,004c7458,data,"DAT_004c7454",undefined *
004c7458,004c745c,data,"DAT_004c7458",undefined *
004c745c,004c7460,data,"DAT_004c745c",undefined *
004c7460,004c7464,data,"DAT_004c7460",undefined *
004c7464,004c7468,data,"DAT_004c7464",undefined *
004c7468,004c746c,data,"DAT_004c7468",undefined *
004c746c,004c7470,data,"DAT_004c746c",undefined *
004c7470,004c7474,data,"DAT_004c7470",undefined *
004c7474,004c7478,data,"DAT_004c7474",undefined *
004c7478,004c747c,data,"DAT_004c7478",undefined *
004c747c,004c7480,data,"DAT_004c747c",undefined *
004c7480,004c7484,data,"DAT_004c7480",undefined *
004c7484,004c7488,data,"DAT_004c7484",undefined *
004c7488,004c748c,data,"DAT_004c7488",undefined *
004c748c,004c7490,data,"DAT_004c748c",undefined *
004c7490,004c7494,data,"DAT_004c7490",undefined *
004c7494,004c7498,data,"DAT_004c7494",undefined *
004c7498,004c749c,data,"DAT_004c7498",undefined *
004c749c,004c74a0,data,"DAT_004c749c",undefined *
004c74a0,004c74a4,data,"DAT_004c74a0",undefined *
004c74a4,004c74a8,data,"DAT_004c74a4",undefined *
004c74a8,004c74ac,data,"DAT_004c74a8",undefined *
004c74ac,004c74b0,data,"DAT_004c74ac",undefined *
004c74b0,004c74b4,data,"DAT_004c74b0",undefined *
004c74b4,004c74b8,data,"DAT_004c74b4",undefined *
004c74b8,004c74bc,data,"DAT_004c74b8",undefined *
004c74bc,004c74c0,data,"DAT_004c74bc",undefined *
004c74c0,004c74c4,data,"DAT_004c74c0",undefined *
004c74c4,004c74c8,data,"DAT_004c74c4",undefined *
004c74c8,004c74cc,data,"DAT_004c74c8",undefined *
004c74d8,004c74dc,data,"PTR_~ILTCommon_004c74d8",undefined *
004c74dc,004c74e0,data,"DAT_004c74dc",undefined *
004c74e0,004c74e4,data,"DAT_004c74e0",undefined *
004c74e4,004c74e8,data,"DAT_004c74e4",undefined *
004c74e8,004c74ec,data,"DAT_004c74e8",undefined *
004c74ec,004c74f0,data,"DAT_004c74ec",undefined *
004c74f0,004c74f4,data,"DAT_004c74f0",undefined *
004c74f4,004c74f8,data,"DAT_004c74f4",undefined *
004c74f8,004c74fc,data,"DAT_004c74f8",undefined *
004c74fc,004c7500,data,"DAT_004c74fc",undefined *
004c7500,004c7504,data,"DAT_004c7500",undefined *
004c7504,004c7508,data,"DAT_004c7504",undefined *
004c7508,004c750c,data,"DAT_004c7508",undefined *
004c750c,004c7510,data,"DAT_004c750c",undefined *
004c7510,004c7514,data,"DAT_004c7510",undefined *
004c7514,004c7518,data,"DAT_004c7514",undefined *
004c7518,004c751c,data,"DAT_004c7518",undefined *
004c751c,004c7520,data,"DAT_004c751c",undefined *
004c7520,004c7524,data,"DAT_004c7520",undefined *
004c7524,004c7528,data,"DAT_004c7524",undefined *
004c7528,004c752c,data,"DAT_004c7528",undefined *
004c7560,004c7564,data,"PTR_FUN_004c7560",undefined *
004c7564,004c7568,data,"DAT_004c7564",undefined *
004c7568,004c756c,data,"DAT_004c7568",undefined *
004c756c,004c7570,data,"DAT_004c756c",undefined *
004c7570,004c7574,data,"DAT_004c7570",undefined *
004c7574,004c7578,data,"DAT_004c7574",undefined *
004c7578,004c757c,data,"DAT_004c7578",undefined *
004c757c,004c7580,data,"DAT_004c757c",undefined *
004c7580,004c7584,data,"DAT_004c7580",undefined *
004c7584,004c7588,data,"DAT_004c7584",undefined *
004c7588,004c758c,data,"DAT_004c7588",undefined *
004c758c,004c7590,data,"DAT_004c758c",undefined *
004c75b8,004c75bc,data,"PTR_FUN_004c75b8",undefined *
004c75bc,004c75c0,data,"DAT_004c75bc",undefined *
004c75c0,004c75c4,data,"DAT_004c75c0",undefined *
004c75c4,004c75c8,data,"DAT_004c75c4",undefined *
004c75d0,004c75d4,data,"PTR_FUN_004c75d0",undefined *
004c75d4,004c75d8,data,"DAT_004c75d4",undefined *
004c75d8,004c75dc,data,"DAT_004c75d8",undefined *
004c75dc,004c75e0,data,"DAT_004c75dc",undefined *
004c75e0,004c75e4,data,"DAT_004c75e0",undefined *
004c75e4,004c75e8,data,"DAT_004c75e4",undefined *
004c75e8,004c75ec,data,"DAT_004c75e8",undefined *
004c75ec,004c75f0,data,"DAT_004c75ec",undefined *
004c75f0,004c75f4,data,"DAT_004c75f0",undefined *
004c75f4,004c75f8,data,"DAT_004c75f4",undefined *
004c75f8,004c75fc,data,"DAT_004c75f8",undefined *
004c75fc,004c7600,data,"DAT_004c75fc",undefined *
004c7600,004c7604,data,"DAT_004c7600",undefined *
004c7604,004c7608,data,"DAT_004c7604",undefined *
004c7608,004c760c,data,"DAT_004c7608",undefined *
004c760c,004c7610,data,"DAT_004c760c",undefined *
004c7610,004c7614,data,"DAT_004c7610",undefined *
004c7614,004c7618,data,"DAT_004c7614",undefined *
004c7618,004c761c,data,"DAT_004c7618",undefined *
004c761c,004c7620,data,"DAT_004c761c",undefined *
004c7620,004c7624,data,"DAT_004c7620",undefined *
004c7624,004c7628,data,"DAT_004c7624",undefined *
004c7628,004c762c,data,"DAT_004c7628",undefined *
004c762c,004c7630,data,"DAT_004c762c",undefined *
004c7630,004c7634,data,"DAT_004c7630",undefined *
004c7634,004c7638,data,"DAT_004c7634",undefined *
004c7638,004c763c,data,"DAT_004c7638",undefined *
004c763c,004c7640,data,"DAT_004c763c",undefined *
004c7640,004c7644,data,"DAT_004c7640",undefined *
004c7644,004c7648,data,"DAT_004c7644",undefined *
004c7648,004c764c,data,"DAT_004c7648",undefined *
004c764c,004c7650,data,"PTR_FUN_004c764c",undefined *
004c7650,004c7654,data,"DAT_004c7650",undefined *
004c7654,004c7658,data,"DAT_004c7654",undefined *
004c7658,004c765c,data,"DAT_004c7658",undefined *
004c765c,004c7660,data,"DAT_004c765c",undefined *
004c7660,004c7664,data,"DAT_004c7660",undefined *
004c7664,004c7668,data,"DAT_004c7664",undefined *
004c7668,004c766c,data,"DAT_004c7668",undefined *
004c766c,004c7670,data,"PTR_FUN_004c766c",undefined *
004c7670,004c7674,data,"DAT_004c7670",undefined *
004c7674,004c7678,data,"DAT_004c7674",undefined *
004c7678,004c767c,data,"PTR_FUN_004c7678",pointer
004c767c,004c7680,data,"PTR_FUN_004c767c",pointer
004c7688,004c768c,data,"PTR_Init_004c7688",undefined *
004c768c,004c7690,data,"DAT_004c768c",undefined *
004c7690,004c7694,data,"DAT_004c7690",undefined *
004c7694,004c7698,data,"DAT_004c7694",undefined *
004c7698,004c769c,data,"DAT_004c7698",undefined *
004c769c,004c76a0,data,"DAT_004c769c",undefined *
004c76a0,004c76a4,data,"DAT_004c76a0",undefined *
004c76a4,004c76a8,data,"DAT_004c76a4",undefined *
004c76a8,004c76ac,data,"DAT_004c76a8",undefined *
004c76ac,004c76b0,data,"DAT_004c76ac",undefined *
004c76b0,004c76b4,data,"DAT_004c76b0",undefined *
004c76b4,004c76b8,data,"DAT_004c76b4",undefined *
004c76b8,004c76bc,data,"DAT_004c76b8",undefined *
004c76bc,004c76c0,data,"DAT_004c76bc",undefined *
004c76c0,004c76c4,data,"DAT_004c76c0",undefined *
004c76c4,004c76c8,data,"DAT_004c76c4",undefined *
004c76c8,004c76cc,data,"DAT_004c76c8",undefined *
004c76cc,004c76d0,data,"DAT_004c76cc",undefined *
004c76d0,004c76d4,data,"DAT_004c76d0",undefined *
004c76d4,004c76d8,data,"DAT_004c76d4",undefined *
004c76d8,004c76dc,data,"DAT_004c76d8",undefined *
004c76dc,004c76e0,data,"DAT_004c76dc",undefined *
004c76e0,004c76e4,data,"DAT_004c76e0",undefined *
004c76e4,004c76e8,data,"PTR_FUN_004c76e4",undefined *
004c76e8,004c76ec,data,"DAT_004c76e8",undefined *
004c76ec,004c76f0,data,"DAT_004c76ec",undefined *
004c76f0,004c76f4,data,"DAT_004c76f0",undefined *
004c76f4,004c76f8,data,"PTR_QueryInterface`adjustor{4}'_004c76f4",undefined *
004c76f8,004c76fc,data,"DAT_004c76f8",undefined *
004c76fc,004c7700,data,"DAT_004c76fc",undefined *
004c7700,004c7704,data,"DAT_004c7700",undefined *
004c7704,004c7708,data,"PTR_QueryInterface_004c7704",undefined *
004c7708,004c770c,data,"DAT_004c7708",undefined *
004c770c,004c7710,data,"DAT_004c770c",undefined *
004c7710,004c7714,data,"DAT_004c7710",undefined *
004c7714,004c7718,data,"DAT_004c7714",undefined *
004c7718,004c771c,data,"DAT_004c7718",undefined *
004c771c,004c7720,data,"DAT_004c771c",undefined *
004c7720,004c7724,data,"DAT_004c7720",undefined *
004c7724,004c7728,data,"DAT_004c7724",undefined *
004c7728,004c772c,data,"DAT_004c7728",undefined *
004c772c,004c7730,data,"DAT_004c772c",undefined *
004c7730,004c7734,data,"DAT_004c7730",undefined *
004c7734,004c7738,data,"DAT_004c7734",undefined *
004c7738,004c773c,data,"DAT_004c7738",undefined *
004c773c,004c7740,data,"PTR_FUN_004c773c",undefined *
004c7740,004c7744,data,"DAT_004c7740",undefined *
004c7744,004c7748,data,"DAT_004c7744",undefined *
004c7748,004c774c,data,"DAT_004c7748",undefined *
004c774c,004c7750,data,"PTR_QueryInterface`adjustor{4}'_004c774c",undefined *
004c7750,004c7754,data,"DAT_004c7750",undefined *
004c7754,004c7758,data,"DAT_004c7754",undefined *
004c7758,004c775c,data,"DAT_004c7758",undefined *
004c775c,004c7760,data,"PTR_QueryInterface_004c775c",undefined *
004c7760,004c7764,data,"DAT_004c7760",undefined *
004c7764,004c7768,data,"DAT_004c7764",undefined *
004c7768,004c776c,data,"DAT_004c7768",undefined *
004c776c,004c7770,data,"DAT_004c776c",undefined *
004c7770,004c7774,data,"DAT_004c7770",undefined *
004c7774,004c7778,data,"DAT_004c7774",undefined *
004c7778,004c777c,data,"DAT_004c7778",undefined *
004c777c,004c7780,data,"DAT_004c777c",undefined *
004c7780,004c7784,data,"DAT_004c7780",undefined *
004c7784,004c7788,data,"DAT_004c7784",undefined *
004c7788,004c778c,data,"DAT_004c7788",undefined *
004c778c,004c7790,data,"DAT_004c778c",undefined *
004c7790,004c7794,data,"DAT_004c7790",undefined *
004c7794,004c7798,data,"PTR_NonDelegatingQueryInterface_004c7794",undefined *
004c7798,004c779c,data,"DAT_004c7798",undefined *
004c779c,004c77a0,data,"DAT_004c779c",undefined *
004c77a0,004c77a4,data,"DAT_004c77a0",undefined *
004c77a4,004c77a8,data,"DAT_004c77a4",undefined *
004c77a8,004c77ac,data,"DAT_004c77a8",undefined *
004c77ac,004c77b0,data,"DAT_004c77ac",undefined *
004c77b0,004c77b4,data,"DAT_004c77b0",undefined *
004c77b4,004c77b8,data,"DAT_004c77b4",undefined *
004c77b8,004c77bc,data,"DAT_004c77b8",undefined *
004c77bc,004c77c0,data,"DAT_004c77bc",undefined *
004c77c0,004c77c4,data,"DAT_004c77c0",undefined *
004c77c4,004c77c8,data,"PTR_FUN_004c77c4",undefined *
004c77c8,004c77cc,data,"DAT_004c77c8",undefined *
004c77cc,004c77d0,data,"DAT_004c77cc",undefined *
004c77d0,004c77d4,data,"DAT_004c77d0",undefined *
004c77d4,004c77d8,data,"PTR_FUN_004c77d4",undefined *
004c77d8,004c77dc,data,"DAT_004c77d8",undefined *
004c77dc,004c77e0,data,"DAT_004c77dc",undefined *
004c77e0,004c77e4,data,"DAT_004c77e0",undefined *
004c77e4,004c77e8,data,"DAT_004c77e4",undefined *
004c77e8,004c77ec,data,"DAT_004c77e8",undefined *
004c77ec,004c77f0,data,"DAT_004c77ec",undefined *
004c77f0,004c77f4,data,"DAT_004c77f0",undefined *
004c77f4,004c77f8,data,"DAT_004c77f4",undefined *
004c77f8,004c77fc,data,"DAT_004c77f8",undefined *
004c77fc,004c7800,data,"DAT_004c77fc",undefined *
004c7800,004c7804,data,"DAT_004c7800",undefined *
004c7804,004c7808,data,"PTR_FUN_004c7804",undefined *
004c7808,004c780c,data,"DAT_004c7808",undefined *
004c780c,004c7810,data,"DAT_004c780c",undefined *
004c7810,004c7814,data,"DAT_004c7810",undefined *
004c7820,004c7824,data,"PTR_FUN_004c7820",undefined *
004c7824,004c7828,data,"DAT_004c7824",undefined *
004c7828,004c782c,data,"DAT_004c7828",undefined *
004c782c,004c7830,data,"DAT_004c782c",undefined *
004c7830,004c7834,data,"DAT_004c7830",undefined *
004c7834,004c7838,data,"DAT_004c7834",undefined *
004c7838,004c783c,data,"DAT_004c7838",undefined *
004c783c,004c7840,data,"DAT_004c783c",undefined *
004c7840,004c7844,data,"DAT_004c7840",undefined *
004c7844,004c7848,data,"DAT_004c7844",undefined *
004c7848,004c784c,data,"DAT_004c7848",undefined *
004c784c,004c7850,data,"DAT_004c784c",undefined *
004c7850,004c7854,data,"PTR_FUN_004c7850",undefined *
004c7854,004c7858,data,"DAT_004c7854",undefined *
004c7858,004c785c,data,"DAT_004c7858",undefined *
004c785c,004c7860,data,"DAT_004c785c",undefined *
004c7860,004c7864,data,"PTR_FUN_004c7860",undefined *
004c7864,004c7868,data,"DAT_004c7864",undefined *
004c7868,004c786c,data,"DAT_004c7868",undefined *
004c786c,004c7870,data,"DAT_004c786c",undefined *
004c7870,004c7874,data,"DAT_004c7870",undefined *
004c7874,004c7878,data,"DAT_004c7874",undefined *
004c7878,004c787c,data,"DAT_004c7878",undefined *
004c787c,004c7880,data,"DAT_004c787c",undefined *
004c7880,004c7884,data,"DAT_004c7880",undefined *
004c7884,004c7888,data,"DAT_004c7884",undefined *
004c7888,004c788c,data,"DAT_004c7888",undefined *
004c788c,004c7890,data,"DAT_004c788c",undefined *
004c7890,004c7894,data,"PTR_FUN_004c7890",undefined *
004c7894,004c7898,data,"DAT_004c7894",undefined *
004c7898,004c789c,data,"DAT_004c7898",undefined *
004c789c,004c78a0,data,"DAT_004c789c",undefined *
004c78a0,004c78a4,data,"DAT_004c78a0",undefined *
004c78a4,004c78a8,data,"DAT_004c78a4",undefined *
004c78a8,004c78ac,data,"DAT_004c78a8",undefined *
004c78ac,004c78b0,data,"DAT_004c78ac",undefined *
004c78b0,004c78b4,data,"DAT_004c78b0",undefined *
004c78b4,004c78b8,data,"DAT_004c78b4",undefined *
004c78b8,004c78bc,data,"DAT_004c78b8",undefined *
004c78bc,004c78c0,data,"DAT_004c78bc",undefined *
004c78c0,004c78c4,data,"PTR_FUN_004c78c0",undefined *
004c78c4,004c78c8,data,"DAT_004c78c4",undefined *
004c78c8,004c78cc,data,"DAT_004c78c8",undefined *
004c78cc,004c78d0,data,"PTR_FUN_004c78cc",undefined *
004c78d0,004c78d4,data,"DAT_004c78d0",undefined *
004c78d4,004c78d8,data,"DAT_004c78d4",undefined *
004c78d8,004c78dc,data,"DAT_004c78d8",undefined *
004c78dc,004c78e0,data,"DAT_004c78dc",undefined *
004c78e0,004c78e4,data,"DAT_004c78e0",undefined *
004c78e4,004c78e8,data,"DAT_004c78e4",undefined *
004c78e8,004c78ec,data,"DAT_004c78e8",undefined *
004c78ec,004c78f0,data,"DAT_004c78ec",undefined *
004c78f0,004c78f4,data,"DAT_004c78f0",undefined *
004c78f4,004c78f8,data,"DAT_004c78f4",undefined *
004c78f8,004c78fc,data,"DAT_004c78f8",undefined *
004c78fc,004c7900,data,"PTR_FUN_004c78fc",undefined *
004c7900,004c7904,data,"DAT_004c7900",undefined *
004c7904,004c7908,data,"DAT_004c7904",undefined *
004c7908,004c790c,data,"DAT_004c7908",undefined *
004c790c,004c7910,data,"PTR_FUN_004c790c",undefined *
004c7910,004c7914,data,"DAT_004c7910",undefined *
004c7914,004c7918,data,"DAT_004c7914",undefined *
004c7918,004c791c,data,"DAT_004c7918",undefined *
004c791c,004c7920,data,"DAT_004c791c",undefined *
004c7920,004c7924,data,"DAT_004c7920",undefined *
004c7924,004c7928,data,"DAT_004c7924",undefined *
004c7928,004c792c,data,"DAT_004c7928",undefined *
004c792c,004c7930,data,"DAT_004c792c",undefined *
004c7930,004c7934,data,"DAT_004c7930",undefined *
004c7934,004c7938,data,"DAT_004c7934",undefined *
004c7938,004c793c,data,"DAT_004c7938",undefined *
004c793c,004c7940,data,"PTR_FUN_004c793c",undefined *
004c7940,004c7944,data,"DAT_004c7940",undefined *
004c7944,004c7948,data,"DAT_004c7944",undefined *
004c7948,004c794c,data,"DAT_004c7948",undefined *
004c794c,004c7950,data,"DAT_004c794c",undefined *
004c7950,004c7954,data,"DAT_004c7950",undefined *
004c7954,004c7958,data,"DAT_004c7954",undefined *
004c7958,004c795c,data,"DAT_004c7958",undefined *
004c795c,004c7960,data,"DAT_004c795c",undefined *
004c7960,004c7964,data,"DAT_004c7960",undefined *
004c7964,004c7968,data,"DAT_004c7964",undefined *
004c7968,004c796c,data,"DAT_004c7968",undefined *
004c796c,004c7970,data,"PTR_FUN_004c796c",undefined *
004c7970,004c7974,data,"DAT_004c7970",undefined *
004c7974,004c7978,data,"DAT_004c7974",undefined *
004c7978,004c797c,data,"DAT_004c7978",undefined *
004c797c,004c7980,data,"DAT_004c797c",undefined *
004c7980,004c7984,data,"DAT_004c7980",undefined *
004c7984,004c7988,data,"DAT_004c7984",undefined *
004c7988,004c798c,data,"DAT_004c7988",undefined *
004c798c,004c7990,data,"DAT_004c798c",undefined *
004c7990,004c7994,data,"DAT_004c7990",undefined *
004c7994,004c7998,data,"DAT_004c7994",undefined *
004c7998,004c799c,data,"DAT_004c7998",undefined *
004c799c,004c79a0,data,"PTR_FUN_004c799c",undefined *
004c79a0,004c79a4,data,"DAT_004c79a0",undefined *
004c79a4,004c79a8,data,"DAT_004c79a4",undefined *
004c79a8,004c79ac,data,"DAT_004c79a8",undefined *
004c79ac,004c79b0,data,"DAT_004c79ac",undefined *
004c79b0,004c79b4,data,"DAT_004c79b0",undefined *
004c79b4,004c79b8,data,"DAT_004c79b4",undefined *
004c79b8,004c79bc,data,"DAT_004c79b8",undefined *
004c79bc,004c79c0,data,"DAT_004c79bc",undefined *
004c79c0,004c79c4,data,"DAT_004c79c0",undefined *
004c79c4,004c79c8,data,"DAT_004c79c4",undefined *
004c79c8,004c79cc,data,"DAT_004c79c8",undefined *
004c79cc,004c79d0,data,"PTR_FUN_004c79cc",undefined *
004c79d0,004c79d4,data,"DAT_004c79d0",undefined *
004c79d4,004c79d8,data,"DAT_004c79d4",undefined *
004c79d8,004c79dc,data,"DAT_004c79d8",undefined *
004c79dc,004c79e0,data,"DAT_004c79dc",undefined *
004c79e0,004c79e4,data,"DAT_004c79e0",undefined *
004c79e4,004c79e8,data,"DAT_004c79e4",undefined *
004c79e8,004c79ec,data,"DAT_004c79e8",undefined *
004c79ec,004c79f0,data,"DAT_004c79ec",undefined *
004c79f0,004c79f4,data,"DAT_004c79f0",undefined *
004c79f4,004c79f8,data,"DAT_004c79f4",undefined *
004c79f8,004c79fc,data,"DAT_004c79f8",undefined *
004c79fc,004c7a00,data,"PTR_FUN_004c79fc",pointer
004c7a00,004c7a04,data,"PTR_FUN_004c7a00",undefined *
004c7a04,004c7a08,data,"DAT_004c7a04",undefined *
004c7a08,004c7a0c,data,"DAT_004c7a08",undefined *
004c7a0c,004c7a10,data,"DAT_004c7a0c",undefined *
004c7a10,004c7a14,data,"DAT_004c7a10",undefined *
004c7a14,004c7a18,data,"DAT_004c7a14",undefined *
004c7a18,004c7a1c,data,"DAT_004c7a18",undefined *
004c7a1c,004c7a20,data,"DAT_004c7a1c",undefined *
004c7a20,004c7a24,data,"DAT_004c7a20",undefined *
004c7a24,004c7a28,data,"DAT_004c7a24",undefined *
004c7a28,004c7a2c,data,"DAT_004c7a28",undefined *
004c7a2c,004c7a30,data,"DAT_004c7a2c",undefined *
004c7a30,004c7a34,data,"PTR_FUN_004c7a30",undefined *
004c7a34,004c7a38,data,"DAT_004c7a34",undefined *
004c7a38,004c7a3c,data,"DAT_004c7a38",undefined *
004c7a3c,004c7a40,data,"DAT_004c7a3c",undefined *
004c7a40,004c7a44,data,"DAT_004c7a40",undefined *
004c7a44,004c7a48,data,"DAT_004c7a44",undefined *
004c7a48,004c7a4c,data,"DAT_004c7a48",undefined *
004c7a4c,004c7a50,data,"DAT_004c7a4c",undefined *
004c7a50,004c7a54,data,"DAT_004c7a50",undefined *
004c7a54,004c7a58,data,"DAT_004c7a54",undefined *
004c7a58,004c7a5c,data,"DAT_004c7a58",undefined *
004c7a5c,004c7a60,data,"DAT_004c7a5c",undefined *
004c7a60,004c7a64,data,"PTR_FUN_004c7a60",undefined *
004c7a64,004c7a68,data,"DAT_004c7a64",undefined *
004c7a68,004c7a6c,data,"DAT_004c7a68",undefined *
004c7a6c,004c7a70,data,"DAT_004c7a6c",undefined *
004c7a70,004c7a74,data,"DAT_004c7a70",undefined *
004c7a74,004c7a78,data,"DAT_004c7a74",undefined *
004c7a78,004c7a7c,data,"DAT_004c7a78",undefined *
004c7a7c,004c7a80,data,"DAT_004c7a7c",undefined *
004c7a80,004c7a84,data,"DAT_004c7a80",undefined *
004c7a84,004c7a88,data,"DAT_004c7a84",undefined *
004c7a88,004c7a8c,data,"DAT_004c7a88",undefined *
004c7a8c,004c7a90,data,"DAT_004c7a8c",undefined *
004c7a90,004c7a94,data,"PTR_FUN_004c7a90",undefined *
004c7a94,004c7a98,data,"DAT_004c7a94",undefined *
004c7a98,004c7a9c,data,"DAT_004c7a98",undefined *
004c7a9c,004c7aa0,data,"DAT_004c7a9c",undefined *
004c7aa0,004c7aa4,data,"DAT_004c7aa0",undefined *
004c7aa4,004c7aa8,data,"DAT_004c7aa4",undefined *
004c7aa8,004c7aac,data,"DAT_004c7aa8",undefined *
004c7aac,004c7ab0,data,"DAT_004c7aac",undefined *
004c7ab0,004c7ab4,data,"DAT_004c7ab0",undefined *
004c7ab4,004c7ab8,data,"DAT_004c7ab4",undefined *
004c7ab8,004c7abc,data,"DAT_004c7ab8",undefined *
004c7abc,004c7ac0,data,"DAT_004c7abc",undefined *
004c7ac0,004c7ac4,data,"PTR_FUN_004c7ac0",undefined *
004c7ac4,004c7ac8,data,"DAT_004c7ac4",undefined *
004c7ac8,004c7acc,data,"DAT_004c7ac8",undefined *
004c7acc,004c7ad0,data,"DAT_004c7acc",undefined *
004c7ad0,004c7ad4,data,"DAT_004c7ad0",undefined *
004c7ad4,004c7ad8,data,"DAT_004c7ad4",undefined *
004c7ad8,004c7adc,data,"DAT_004c7ad8",undefined *
004c7adc,004c7ae0,data,"DAT_004c7adc",undefined *
004c7ae0,004c7ae4,data,"DAT_004c7ae0",undefined *
004c7ae4,004c7ae8,data,"DAT_004c7ae4",undefined *
004c7ae8,004c7aec,data,"DAT_004c7ae8",undefined *
004c7aec,004c7af0,data,"DAT_004c7aec",undefined *
004c7af0,004c7af4,data,"PTR_FUN_004c7af0",undefined *
004c7af4,004c7af8,data,"DAT_004c7af4",undefined *
004c7af8,004c7afc,data,"DAT_004c7af8",undefined *
004c7afc,004c7b00,data,"DAT_004c7afc",undefined *
004c7b00,004c7b04,data,"DAT_004c7b00",undefined *
004c7b04,004c7b08,data,"DAT_004c7b04",undefined *
004c7b08,004c7b0c,data,"DAT_004c7b08",undefined *
004c7b0c,004c7b10,data,"DAT_004c7b0c",undefined *
004c7b10,004c7b14,data,"DAT_004c7b10",undefined *
004c7b14,004c7b18,data,"DAT_004c7b14",undefined *
004c7b18,004c7b1c,data,"DAT_004c7b18",undefined *
004c7b1c,004c7b20,data,"DAT_004c7b1c",undefined *
004c7b20,004c7b24,data,"PTR_FUN_004c7b20",undefined *
004c7b24,004c7b28,data,"DAT_004c7b24",undefined *
004c7b28,004c7b2c,data,"DAT_004c7b28",undefined *
004c7b2c,004c7b30,data,"DAT_004c7b2c",undefined *
004c7b30,004c7b34,data,"DAT_004c7b30",undefined *
004c7b34,004c7b38,data,"DAT_004c7b34",undefined *
004c7b38,004c7b3c,data,"DAT_004c7b38",undefined *
004c7b3c,004c7b40,data,"DAT_004c7b3c",undefined *
004c7b40,004c7b44,data,"DAT_004c7b40",undefined *
004c7b44,004c7b48,data,"DAT_004c7b44",undefined *
004c7b48,004c7b4c,data,"DAT_004c7b48",undefined *
004c7b4c,004c7b50,data,"DAT_004c7b4c",undefined *
004c7b50,004c7b54,data,"PTR_FUN_004c7b50",undefined *
004c7b54,004c7b58,data,"DAT_004c7b54",undefined *
004c7b58,004c7b5c,data,"DAT_004c7b58",undefined *
004c7b5c,004c7b60,data,"DAT_004c7b5c",undefined *
004c7b60,004c7b64,data,"DAT_004c7b60",undefined *
004c7b64,004c7b68,data,"DAT_004c7b64",undefined *
004c7b68,004c7b6c,data,"DAT_004c7b68",undefined *
004c7b6c,004c7b70,data,"DAT_004c7b6c",undefined *
004c7b70,004c7b74,data,"DAT_004c7b70",undefined *
004c7b74,004c7b78,data,"DAT_004c7b74",undefined *
004c7b78,004c7b7c,data,"DAT_004c7b78",undefined *
004c7b7c,004c7b80,data,"DAT_004c7b7c",undefined *
004c7b80,004c7b84,data,"PTR_FUN_004c7b80",undefined *
004c7b84,004c7b88,data,"DAT_004c7b84",undefined *
004c7b88,004c7b8c,data,"DAT_004c7b88",undefined *
004c7b8c,004c7b90,data,"DAT_004c7b8c",undefined *
004c7b90,004c7b94,data,"DAT_004c7b90",undefined *
004c7b94,004c7b98,data,"DAT_004c7b94",undefined *
004c7b98,004c7b9c,data,"DAT_004c7b98",undefined *
004c7b9c,004c7ba0,data,"DAT_004c7b9c",undefined *
004c7ba0,004c7ba4,data,"DAT_004c7ba0",undefined *
004c7ba4,004c7ba8,data,"DAT_004c7ba4",undefined *
004c7ba8,004c7bac,data,"DAT_004c7ba8",undefined *
004c7bac,004c7bb0,data,"DAT_004c7bac",undefined *
004c7bb4,004c7bb8,data,"PTR_FUN_004c7bb4",undefined *
004c7bb8,004c7bbc,data,"DAT_004c7bb8",undefined *
004c7bbc,004c7bc0,data,"DAT_004c7bbc",undefined *
004c7bc0,004c7bc4,data,"DAT_004c7bc0",undefined *
004c7bc4,004c7bc8,data,"DAT_004c7bc4",undefined *
004c7bc8,004c7bcc,data,"DAT_004c7bc8",undefined *
004c7bcc,004c7bd0,data,"DAT_004c7bcc",undefined *
004c7bd0,004c7bd4,data,"DAT_004c7bd0",undefined *
004c7bd4,004c7bd8,data,"DAT_004c7bd4",undefined *
004c7bd8,004c7bdc,data,"DAT_004c7bd8",undefined *
004c7bdc,004c7be0,data,"DAT_004c7bdc",undefined *
004c7be0,004c7be4,data,"DAT_004c7be0",undefined *
004c7be4,004c7be8,data,"PTR_FUN_004c7be4",undefined *
004c7be8,004c7bec,data,"DAT_004c7be8",undefined *
004c7bec,004c7bf0,data,"DAT_004c7bec",undefined *
004c7bf0,004c7bf4,data,"DAT_004c7bf0",undefined *
004c7bf4,004c7bf8,data,"DAT_004c7bf4",undefined *
004c7bf8,004c7bfc,data,"DAT_004c7bf8",undefined *
004c7bfc,004c7c00,data,"DAT_004c7bfc",undefined *
004c7c00,004c7c04,data,"DAT_004c7c00",undefined *
004c7c04,004c7c08,data,"DAT_004c7c04",undefined *
004c7c08,004c7c0c,data,"DAT_004c7c08",undefined *
004c7c0c,004c7c10,data,"DAT_004c7c0c",undefined *
004c7c10,004c7c14,data,"DAT_004c7c10",undefined *
004c7c24,004c7c28,data,"PTR_FUN_004c7c24",undefined *
004c7c28,004c7c2c,data,"DAT_004c7c28",undefined *
004c7c2c,004c7c30,data,"DAT_004c7c2c",undefined *
004c7c30,004c7c34,data,"DAT_004c7c30",undefined *
004c7c34,004c7c38,data,"DAT_004c7c34",undefined *
004c7c38,004c7c3c,data,"DAT_004c7c38",undefined *
004c7c3c,004c7c40,data,"DAT_004c7c3c",undefined *
004c7c40,004c7c44,data,"DAT_004c7c40",undefined *
004c7c44,004c7c48,data,"DAT_004c7c44",undefined *
004c7c48,004c7c4c,data,"DAT_004c7c48",undefined *
004c7c4c,004c7c50,data,"DAT_004c7c4c",undefined *
004c7c50,004c7c54,data,"DAT_004c7c50",undefined *
004c7c54,004c7c58,data,"PTR_FUN_004c7c54",undefined *
004c7c58,004c7c5c,data,"DAT_004c7c58",undefined *
004c7c5c,004c7c60,data,"DAT_004c7c5c",undefined *
004c7c60,004c7c64,data,"DAT_004c7c60",undefined *
004c7c64,004c7c68,data,"DAT_004c7c64",undefined *
004c7c68,004c7c6c,data,"DAT_004c7c68",undefined *
004c7c6c,004c7c70,data,"DAT_004c7c6c",undefined *
004c7c70,004c7c74,data,"DAT_004c7c70",undefined *
004c7c74,004c7c78,data,"DAT_004c7c74",undefined *
004c7c78,004c7c7c,data,"DAT_004c7c78",undefined *
004c7c7c,004c7c80,data,"DAT_004c7c7c",undefined *
004c7c80,004c7c84,data,"DAT_004c7c80",undefined *
004c7c84,004c7c88,data,"PTR_FUN_004c7c84",undefined *
004c7c88,004c7c8c,data,"DAT_004c7c88",undefined *
004c7c8c,004c7c90,data,"DAT_004c7c8c",undefined *
004c7c90,004c7c94,data,"DAT_004c7c90",undefined *
004c7c94,004c7c98,data,"DAT_004c7c94",undefined *
004c7c98,004c7c9c,data,"DAT_004c7c98",undefined *
004c7c9c,004c7ca0,data,"DAT_004c7c9c",undefined *
004c7ca0,004c7ca4,data,"DAT_004c7ca0",undefined *
004c7ca4,004c7ca8,data,"DAT_004c7ca4",undefined *
004c7ca8,004c7cac,data,"DAT_004c7ca8",undefined *
004c7cac,004c7cb0,data,"DAT_004c7cac",undefined *
004c7cb0,004c7cb4,data,"DAT_004c7cb0",undefined *
004c7cb4,004c7cb8,data,"PTR_FUN_004c7cb4",undefined *
004c7cb8,004c7cbc,data,"DAT_004c7cb8",undefined *
004c7cbc,004c7cc0,data,"DAT_004c7cbc",undefined *
004c7cc0,004c7cc4,data,"DAT_004c7cc0",undefined *
004c7cc4,004c7cc8,data,"DAT_004c7cc4",undefined *
004c7cc8,004c7ccc,data,"DAT_004c7cc8",undefined *
004c7ccc,004c7cd0,data,"DAT_004c7ccc",undefined *
004c7cd0,004c7cd4,data,"DAT_004c7cd0",undefined *
004c7cd4,004c7cd8,data,"DAT_004c7cd4",undefined *
004c7cd8,004c7cdc,data,"DAT_004c7cd8",undefined *
004c7cdc,004c7ce0,data,"DAT_004c7cdc",undefined *
004c7ce0,004c7ce4,data,"DAT_004c7ce0",undefined *
004c7ce4,004c7ce8,data,"PTR_FUN_004c7ce4",undefined *
004c7ce8,004c7cec,data,"DAT_004c7ce8",undefined *
004c7cec,004c7cf0,data,"DAT_004c7cec",undefined *
004c7cf0,004c7cf4,data,"DAT_004c7cf0",undefined *
004c7cf4,004c7cf8,data,"DAT_004c7cf4",undefined *
004c7cf8,004c7cfc,data,"DAT_004c7cf8",undefined *
004c7cfc,004c7d00,data,"DAT_004c7cfc",undefined *
004c7d00,004c7d04,data,"DAT_004c7d00",undefined *
004c7d04,004c7d08,data,"DAT_004c7d04",undefined *
004c7d08,004c7d0c,data,"DAT_004c7d08",undefined *
004c7d0c,004c7d10,data,"DAT_004c7d0c",undefined *
004c7d10,004c7d14,data,"DAT_004c7d10",undefined *
004c7d14,004c7d18,data,"PTR_FUN_004c7d14",undefined *
004c7d18,004c7d1c,data,"DAT_004c7d18",undefined *
004c7d1c,004c7d20,data,"DAT_004c7d1c",undefined *
004c7d20,004c7d24,data,"DAT_004c7d20",undefined *
004c7d28,004c7d2c,data,"PTR_FUN_004c7d28",undefined *
004c7d2c,004c7d30,data,"DAT_004c7d2c",undefined *
004c7d30,004c7d34,data,"DAT_004c7d30",undefined *
004c7d34,004c7d38,data,"DAT_004c7d34",undefined *
004c7d3c,004c7d40,data,"PTR_FUN_004c7d3c",undefined *
004c7d40,004c7d44,data,"DAT_004c7d40",undefined *
004c7d44,004c7d48,data,"DAT_004c7d44",undefined *
004c7d48,004c7d4c,data,"DAT_004c7d48",undefined *
004c7d50,004c7d54,data,"PTR_Release_004c7d50",undefined *
004c7d54,004c7d58,data,"DAT_004c7d54",undefined *
004c7d58,004c7d5c,data,"DAT_004c7d58",undefined *
004c7d5c,004c7d60,data,"DAT_004c7d5c",undefined *
004c7d60,004c7d64,data,"DAT_004c7d60",undefined *
004c7d64,004c7d68,data,"DAT_004c7d64",undefined *
004c7d68,004c7d6c,data,"DAT_004c7d68",undefined *
004c7d6c,004c7d70,data,"DAT_004c7d6c",undefined *
004c7d70,004c7d74,data,"DAT_004c7d70",undefined *
004c7d74,004c7d78,data,"DAT_004c7d74",undefined *
004c7d78,004c7d7c,data,"DAT_004c7d78",undefined *
004c7d7c,004c7d80,data,"DAT_004c7d7c",undefined *
004c7d80,004c7d84,data,"DAT_004c7d80",undefined *
004c7d84,004c7d88,data,"DAT_004c7d84",undefined *
004c7d88,004c7d8c,data,"DAT_004c7d88",undefined *
004c7d8c,004c7d90,data,"DAT_004c7d8c",undefined *
004c7d90,004c7d94,data,"DAT_004c7d90",undefined *
004c7d94,004c7d98,data,"DAT_004c7d94",undefined *
004c7d98,004c7d9c,data,"DAT_004c7d98",undefined *
004c7d9c,004c7da0,data,"DAT_004c7d9c",undefined *
004c7da0,004c7da4,data,"DAT_004c7da0",undefined *
004c7da4,004c7da8,data,"DAT_004c7da4",undefined *
004c7da8,004c7dac,data,"DAT_004c7da8",undefined *
004c7dac,004c7db0,data,"DAT_004c7dac",undefined *
004c7db0,004c7db4,data,"DAT_004c7db0",undefined *
004c7db4,004c7db8,data,"DAT_004c7db4",undefined *
004c7db8,004c7dbc,data,"DAT_004c7db8",undefined *
004c7dbc,004c7dc0,data,"DAT_004c7dbc",undefined *
004c7dc0,004c7dc4,data,"DAT_004c7dc0",undefined *
004c7dc4,004c7dc8,data,"DAT_004c7dc4",undefined *
004c7dc8,004c7dcc,data,"DAT_004c7dc8",undefined *
004c7dcc,004c7dd0,data,"DAT_004c7dcc",undefined *
004c7dd0,004c7dd4,data,"DAT_004c7dd0",undefined *
004c7dd4,004c7dd8,data,"DAT_004c7dd4",undefined *
004c7dd8,004c7ddc,data,"DAT_004c7dd8",undefined *
004c7ddc,004c7de0,data,"DAT_004c7ddc",undefined *
004c7de0,004c7de4,data,"DAT_004c7de0",undefined *
004c7de4,004c7de8,data,"PTR_IncFrameCode_004c7de4",pointer
004c7dec,004c7df0,data,"PTR_FUN_004c7dec",pointer
004c7df4,004c7df8,data,"PTR_FUN_004c7df4",undefined *
004c7df8,004c7dfc,data,"DAT_004c7df8",undefined *
004c7dfc,004c7e00,data,"DAT_004c7dfc",undefined *
004c7e00,004c7e04,data,"DAT_004c7e00",undefined *
004c7e04,004c7e08,data,"DAT_004c7e04",undefined *
004c7e08,004c7e0c,data,"DAT_004c7e08",undefined *
004c7e0c,004c7e10,data,"DAT_004c7e0c",undefined *
004c7e10,004c7e14,data,"DAT_004c7e10",undefined *
004c7e14,004c7e18,data,"DAT_004c7e14",undefined *
004c7e18,004c7e1c,data,"DAT_004c7e18",undefined *
004c7e1c,004c7e20,data,"DAT_004c7e1c",undefined *
004c7e20,004c7e24,data,"DAT_004c7e20",undefined *
004c7e24,004c7e28,data,"DAT_004c7e24",undefined *
004c7e28,004c7e2c,data,"DAT_004c7e28",undefined *
004c7e2c,004c7e30,data,"PTR_FUN_004c7e2c",undefined *
004c7e30,004c7e34,data,"DAT_004c7e30",undefined *
004c7e34,004c7e38,data,"DAT_004c7e34",undefined *
004c7e38,004c7e3c,data,"DAT_004c7e38",undefined *
004c7e3c,004c7e40,data,"DAT_004c7e3c",undefined *
004c7e40,004c7e44,data,"DAT_004c7e40",undefined *
004c7e44,004c7e48,data,"DAT_004c7e44",undefined *
004c7e48,004c7e4c,data,"DAT_004c7e48",undefined *
004c7e4c,004c7e50,data,"DAT_004c7e4c",undefined *
004c7e50,004c7e54,data,"DAT_004c7e50",undefined *
004c7e54,004c7e58,data,"DAT_004c7e54",undefined *
004c7e58,004c7e5c,data,"DAT_004c7e58",undefined *
004c7e5c,004c7e60,data,"DAT_004c7e5c",undefined *
004c7e60,004c7e64,data,"DAT_004c7e60",undefined *
004c7e64,004c7e68,data,"DAT_004c7e64",undefined *
004c7e68,004c7e6c,data,"PTR_FUN_004c7e68",undefined *
004c7e6c,004c7e70,data,"DAT_004c7e6c",undefined *
004c7e70,004c7e74,data,"DAT_004c7e70",undefined *
004c7e74,004c7e78,data,"DAT_004c7e74",undefined *
004c7e78,004c7e7c,data,"DAT_004c7e78",undefined *
004c7e7c,004c7e80,data,"DAT_004c7e7c",undefined *
004c7e80,004c7e84,data,"DAT_004c7e80",undefined *
004c7e84,004c7e88,data,"DAT_004c7e84",undefined *
004c7e88,004c7e8c,data,"DAT_004c7e88",undefined *
004c7e8c,004c7e90,data,"DAT_004c7e8c",undefined *
004c7e90,004c7e94,data,"DAT_004c7e90",undefined *
004c7e94,004c7e98,data,"DAT_004c7e94",undefined *
004c7e98,004c7e9c,data,"DAT_004c7e98",undefined *
004c7e9c,004c7ea0,data,"DAT_004c7e9c",undefined *
004c7ea0,004c7ea4,data,"DAT_004c7ea0",undefined *
004c7ea4,004c7ea8,data,"DAT_004c7ea4",undefined *
004c7ea8,004c7eac,data,"DAT_004c7ea8",undefined *
004c7eac,004c7eb0,data,"DAT_004c7eac",undefined *
004c7eb0,004c7eb4,data,"DAT_004c7eb0",undefined *
004c7eb4,004c7eb8,data,"DAT_004c7eb4",undefined *
004c7eb8,004c7ebc,data,"DAT_004c7eb8",undefined *
004c7ebc,004c7ec0,data,"PTR_FUN_004c7ebc",undefined *
004c7ec0,004c7ec4,data,"DAT_004c7ec0",undefined *
004c7ec4,004c7ec8,data,"DAT_004c7ec4",undefined *
004c7ec8,004c7ecc,data,"DAT_004c7ec8",undefined *
004c7ecc,004c7ed0,data,"DAT_004c7ecc",undefined *
004c7ed0,004c7ed4,data,"DAT_004c7ed0",undefined *
004c7ed4,004c7ed8,data,"DAT_004c7ed4",undefined *
004c7ed8,004c7edc,data,"DAT_004c7ed8",undefined *
004c7edc,004c7ee0,data,"DAT_004c7edc",undefined *
004c7ee0,004c7ee4,data,"DAT_004c7ee0",undefined *
004c7ee4,004c7ee8,data,"DAT_004c7ee4",undefined *
004c7ee8,004c7eec,data,"DAT_004c7ee8",undefined *
004c7eec,004c7ef0,data,"PTR_FUN_004c7eec",undefined *
004c7ef0,004c7ef4,data,"DAT_004c7ef0",undefined *
004c7ef4,004c7ef8,data,"DAT_004c7ef4",undefined *
004c7ef8,004c7efc,data,"DAT_004c7ef8",undefined *
004c7efc,004c7f00,data,"DAT_004c7efc",undefined *
004c7f00,004c7f04,data,"DAT_004c7f00",undefined *
004c7f04,004c7f08,data,"DAT_004c7f04",undefined *
004c7f08,004c7f0c,data,"DAT_004c7f08",undefined *
004c7f0c,004c7f10,data,"DAT_004c7f0c",undefined *
004c7f10,004c7f14,data,"DAT_004c7f10",undefined *
004c7f14,004c7f18,data,"DAT_004c7f14",undefined *
004c7f18,004c7f1c,data,"DAT_004c7f18",undefined *
004c7f1c,004c7f20,data,"DAT_004c7f1c",undefined *
004c7f20,004c7f24,data,"DAT_004c7f20",undefined *
004c7f24,004c7f28,data,"DAT_004c7f24",undefined *
004c7f28,004c7f2c,data,"PTR_GetNumAnims_004c7f28",undefined *
004c7f2c,004c7f30,data,"DAT_004c7f2c",undefined *
004c7f30,004c7f34,data,"DAT_004c7f30",undefined *
004c7f34,004c7f38,data,"DAT_004c7f34",undefined *
004c7f38,004c7f3c,data,"DAT_004c7f38",undefined *
004c7f3c,004c7f40,data,"DAT_004c7f3c",undefined *
004c7f44,004c7f48,data,"PTR_FUN_004c7f44",undefined *
004c7f48,004c7f4c,data,"DAT_004c7f48",undefined *
004c7f4c,004c7f50,data,"DAT_004c7f4c",undefined *
004c7f50,004c7f54,data,"DAT_004c7f50",undefined *
004c7f54,004c7f58,data,"DAT_004c7f54",undefined *
004c7f58,004c7f5c,data,"DAT_004c7f58",undefined *
004c7f5c,004c7f60,data,"DAT_004c7f5c",undefined *
004c7f60,004c7f64,data,"DAT_004c7f60",undefined *
004c7f64,004c7f68,data,"DAT_004c7f64",undefined *
004c7f68,004c7f6c,data,"DAT_004c7f68",undefined *
004c7f6c,004c7f70,data,"DAT_004c7f6c",undefined *
004c7f70,004c7f74,data,"DAT_004c7f70",undefined *
004c7f74,004c7f78,data,"DAT_004c7f74",undefined *
004c7f78,004c7f7c,data,"DAT_004c7f78",undefined *
004c7f7c,004c7f80,data,"DAT_004c7f7c",undefined *
004c7f80,004c7f84,data,"PTR_FUN_004c7f80",undefined *
004c7f84,004c7f88,data,"DAT_004c7f84",undefined *
004c7f88,004c7f8c,data,"DAT_004c7f88",undefined *
004c7f8c,004c7f90,data,"DAT_004c7f8c",undefined *
004c7f90,004c7f94,data,"DAT_004c7f90",undefined *
004c7f94,004c7f98,data,"DAT_004c7f94",undefined *
004c7f98,004c7f9c,data,"DAT_004c7f98",undefined *
004c7f9c,004c7fa0,data,"DAT_004c7f9c",undefined *
004c7fa0,004c7fa4,data,"DAT_004c7fa0",undefined *
004c7fa4,004c7fa8,data,"DAT_004c7fa4",undefined *
004c7fa8,004c7fac,data,"DAT_004c7fa8",undefined *
004c7fac,004c7fb0,data,"DAT_004c7fac",undefined *
004c7fb0,004c7fb4,data,"DAT_004c7fb0",undefined *
004c7fb4,004c7fb8,data,"DAT_004c7fb4",undefined *
004c7fb8,004c7fbc,data,"PTR_FUN_004c7fb8",undefined *
004c7fbc,004c7fc0,data,"DAT_004c7fbc",undefined *
004c7fc0,004c7fc4,data,"DAT_004c7fc0",undefined *
004c7fc4,004c7fc8,data,"DAT_004c7fc4",undefined *
004c7fc8,004c7fcc,data,"DAT_004c7fc8",undefined *
004c7fcc,004c7fd0,data,"DAT_004c7fcc",undefined *
004c7fd0,004c7fd4,data,"DAT_004c7fd0",undefined *
004c7fd4,004c7fd8,data,"DAT_004c7fd4",undefined *
004c7fd8,004c7fdc,data,"DAT_004c7fd8",undefined *
004c7fdc,004c7fe0,data,"DAT_004c7fdc",undefined *
004c7fe0,004c7fe4,data,"DAT_004c7fe0",undefined *
004c7fe4,004c7fe8,data,"DAT_004c7fe4",undefined *
004c7fe8,004c7fec,data,"DAT_004c7fe8",undefined *
004c7fec,004c7ff0,data,"DAT_004c7fec",undefined *
004c7ff0,004c7ff4,data,"PTR_FUN_004c7ff0",undefined *
004c7ff4,004c7ff8,data,"DAT_004c7ff4",undefined *
004c7ff8,004c7ffc,data,"DAT_004c7ff8",undefined *
004c7ffc,004c8000,data,"DAT_004c7ffc",undefined *
004c8000,004c8004,data,"DAT_004c8000",undefined *
004c8004,004c8008,data,"DAT_004c8004",undefined *
004c8008,004c800c,data,"DAT_004c8008",undefined *
004c800c,004c8010,data,"DAT_004c800c",undefined *
004c8010,004c8014,data,"DAT_004c8010",undefined *
004c8014,004c8018,data,"DAT_004c8014",undefined *
004c8018,004c801c,data,"DAT_004c8018",undefined *
004c801c,004c8020,data,"DAT_004c801c",undefined *
004c8020,004c8024,data,"DAT_004c8020",undefined *
004c8024,004c8028,data,"DAT_004c8024",undefined *
004c8028,004c802c,data,"DAT_004c8028",undefined *
004c8030,004c8034,data,"PTR_FUN_004c8030",undefined *
004c8034,004c8038,data,"DAT_004c8034",undefined *
004c8038,004c803c,data,"DAT_004c8038",undefined *
004c803c,004c8040,data,"DAT_004c803c",undefined *
004c8040,004c8044,data,"DAT_004c8040",undefined *
004c8044,004c8048,data,"DAT_004c8044",undefined *
004c8048,004c804c,data,"DAT_004c8048",undefined *
004c804c,004c8050,data,"DAT_004c804c",undefined *
004c8050,004c8054,data,"DAT_004c8050",undefined *
004c8054,004c8058,data,"DAT_004c8054",undefined *
004c8058,004c805c,data,"DAT_004c8058",undefined *
004c805c,004c8060,data,"DAT_004c805c",undefined *
004c8060,004c8064,data,"DAT_004c8060",undefined *
004c8064,004c8068,data,"DAT_004c8064",undefined *
004c8068,004c806c,data,"PTR_FUN_004c8068",undefined *
004c806c,004c8070,data,"DAT_004c806c",undefined *
004c8070,004c8074,data,"DAT_004c8070",undefined *
004c8074,004c8078,data,"DAT_004c8074",undefined *
004c8078,004c807c,data,"DAT_004c8078",undefined *
004c807c,004c8080,data,"DAT_004c807c",undefined *
004c8080,004c8084,data,"DAT_004c8080",undefined *
004c8084,004c8088,data,"DAT_004c8084",undefined *
004c8088,004c808c,data,"DAT_004c8088",undefined *
004c808c,004c8090,data,"DAT_004c808c",undefined *
004c8090,004c8094,data,"DAT_004c8090",undefined *
004c8094,004c8098,data,"DAT_004c8094",undefined *
004c8098,004c809c,data,"DAT_004c8098",undefined *
004c809c,004c80a0,data,"DAT_004c809c",undefined *
004c80a0,004c80a4,data,"DAT_004c80a0",undefined *
004c80a4,004c80a8,data,"PTR_FUN_004c80a4",undefined *
004c80a8,004c80ac,data,"DAT_004c80a8",undefined *
004c80ac,004c80b0,data,"DAT_004c80ac",undefined *
004c80b0,004c80b4,data,"DAT_004c80b0",undefined *
004c80b4,004c80b8,data,"DAT_004c80b4",undefined *
004c80b8,004c80bc,data,"DAT_004c80b8",undefined *
004c80bc,004c80c0,data,"DAT_004c80bc",undefined *
004c80c0,004c80c4,data,"DAT_004c80c0",undefined *
004c80c4,004c80c8,data,"DAT_004c80c4",undefined *
004c80c8,004c80cc,data,"DAT_004c80c8",undefined *
004c80cc,004c80d0,data,"DAT_004c80cc",undefined *
004c80d0,004c80d4,data,"DAT_004c80d0",undefined *
004c80d4,004c80d8,data,"DAT_004c80d4",undefined *
004c80d8,004c80dc,data,"DAT_004c80d8",undefined *
004c80dc,004c80e0,data,"DAT_004c80dc",undefined *
004c8110,004c8114,data,"PTR_StartHMessageWrite_004c8110",undefined *
004c8114,004c8118,data,"DAT_004c8114",undefined *
004c8118,004c811c,data,"DAT_004c8118",undefined *
004c811c,004c8120,data,"DAT_004c811c",undefined *
004c8120,004c8124,data,"DAT_004c8120",undefined *
004c8124,004c8128,data,"DAT_004c8124",undefined *
004c8128,004c812c,data,"DAT_004c8128",undefined *
004c812c,004c8130,data,"DAT_004c812c",undefined *
004c8130,004c8134,data,"DAT_004c8130",undefined *
004c8134,004c8138,data,"DAT_004c8134",undefined *
004c8138,004c813c,data,"DAT_004c8138",undefined *
004c813c,004c8140,data,"DAT_004c813c",undefined *
004c8140,004c8144,data,"DAT_004c8140",undefined *
004c8144,004c8148,data,"DAT_004c8144",undefined *
004c8148,004c814c,data,"DAT_004c8148",undefined *
004c814c,004c8150,data,"DAT_004c814c",undefined *
004c8150,004c8154,data,"DAT_004c8150",undefined *
004c8154,004c8158,data,"DAT_004c8154",undefined *
004c8158,004c815c,data,"DAT_004c8158",undefined *
004c815c,004c8160,data,"DAT_004c815c",undefined *
004c8160,004c8164,data,"DAT_004c8160",undefined *
004c8164,004c8168,data,"DAT_004c8164",undefined *
004c8168,004c816c,data,"DAT_004c8168",undefined *
004c816c,004c8170,data,"DAT_004c816c",undefined *
004c8170,004c8174,data,"DAT_004c8170",undefined *
004c8174,004c8178,data,"DAT_004c8174",undefined *
004c8178,004c817c,data,"DAT_004c8178",undefined *
004c817c,004c8180,data,"DAT_004c817c",undefined *
004c8180,004c8184,data,"DAT_004c8180",undefined *
004c8184,004c8188,data,"DAT_004c8184",undefined *
004c8188,004c818c,data,"DAT_004c8188",undefined *
004c818c,004c8190,data,"DAT_004c818c",undefined *
004c8190,004c8194,data,"DAT_004c8190",undefined *
004c8194,004c8198,data,"DAT_004c8194",undefined *
004c8198,004c819c,data,"DAT_004c8198",undefined *
004c819c,004c81a0,data,"DAT_004c819c",undefined *
004c81a0,004c81a4,data,"DAT_004c81a0",undefined *
004c81a4,004c81a8,data,"DAT_004c81a4",undefined *
004c81a8,004c81ac,data,"DAT_004c81a8",undefined *
004c81ac,004c81b0,data,"DAT_004c81ac",undefined *
004c81b0,004c81b4,data,"DAT_004c81b0",undefined *
004c81b4,004c81b8,data,"DAT_004c81b4",undefined *
004c81b8,004c81bc,data,"DAT_004c81b8",undefined *
004c81bc,004c81c0,data,"DAT_004c81bc",undefined *
004c81c0,004c81c4,data,"DAT_004c81c0",undefined *
004c81c4,004c81c8,data,"DAT_004c81c4",undefined *
004c81c8,004c81cc,data,"DAT_004c81c8",undefined *
004c81cc,004c81d0,data,"DAT_004c81cc",undefined *
004c81d0,004c81d4,data,"DAT_004c81d0",undefined *
004c81d4,004c81d8,data,"DAT_004c81d4",undefined *
004c81d8,004c81dc,data,"DAT_004c81d8",undefined *
004c81dc,004c81e0,data,"DAT_004c81dc",undefined *
004c81e0,004c81e4,data,"DAT_004c81e0",undefined *
004c81e4,004c81e8,data,"DAT_004c81e4",undefined *
004c81e8,004c81ec,data,"DAT_004c81e8",undefined *
004c81ec,004c81f0,data,"DAT_004c81ec",undefined *
004c81f0,004c81f4,data,"DAT_004c81f0",undefined *
004c81f4,004c81f8,data,"DAT_004c81f4",undefined *
004c81f8,004c81fc,data,"DAT_004c81f8",undefined *
004c81fc,004c8200,data,"DAT_004c81fc",undefined *
004c8200,004c8204,data,"DAT_004c8200",undefined *
004c8204,004c8208,data,"DAT_004c8204",undefined *
004c8208,004c820c,data,"DAT_004c8208",undefined *
004c820c,004c8210,data,"DAT_004c820c",undefined *
004c8210,004c8214,data,"DAT_004c8210",undefined *
004c8214,004c8218,data,"DAT_004c8214",undefined *
004c8218,004c821c,data,"DAT_004c8218",undefined *
004c821c,004c8220,data,"DAT_004c821c",undefined *
004c8220,004c8224,data,"DAT_004c8220",undefined *
004c8224,004c8228,data,"DAT_004c8224",undefined *
004c8228,004c822c,data,"DAT_004c8228",undefined *
004c822c,004c8230,data,"DAT_004c822c",undefined *
004c8230,004c8234,data,"DAT_004c8230",undefined *
004c8234,004c8238,data,"DAT_004c8234",undefined *
004c8238,004c823c,data,"DAT_004c8238",undefined *
004c823c,004c8240,data,"DAT_004c823c",undefined *
004c8240,004c8244,data,"DAT_004c8240",undefined *
004c8244,004c8248,data,"DAT_004c8244",undefined *
004c8248,004c824c,data,"DAT_004c8248",undefined *
004c824c,004c8250,data,"DAT_004c824c",undefined *
004c8250,004c8254,data,"DAT_004c8250",undefined *
004c8254,004c8258,data,"DAT_004c8254",undefined *
004c8258,004c825c,data,"DAT_004c8258",undefined *
004c825c,004c8260,data,"DAT_004c825c",undefined *
004c8260,004c8264,data,"DAT_004c8260",undefined *
004c8264,004c8268,data,"DAT_004c8264",undefined *
004c8268,004c826c,data,"DAT_004c8268",undefined *
004c826c,004c8270,data,"DAT_004c826c",undefined *
004c8270,004c8274,data,"DAT_004c8270",undefined *
004c8274,004c8278,data,"DAT_004c8274",undefined *
004c8278,004c827c,data,"DAT_004c8278",undefined *
004c827c,004c8280,data,"DAT_004c827c",undefined *
004c8280,004c8284,data,"DAT_004c8280",undefined *
004c8284,004c8288,data,"DAT_004c8284",undefined *
004c8288,004c828c,data,"DAT_004c8288",undefined *
004c828c,004c8290,data,"DAT_004c828c",undefined *
004c8290,004c8294,data,"DAT_004c8290",undefined *
004c8294,004c8298,data,"DAT_004c8294",undefined *
004c8298,004c829c,data,"DAT_004c8298",undefined *
004c829c,004c82a0,data,"DAT_004c829c",undefined *
004c82a0,004c82a4,data,"DAT_004c82a0",undefined *
004c82a4,004c82a8,data,"DAT_004c82a4",undefined *
004c82a8,004c82ac,data,"DAT_004c82a8",undefined *
004c82ac,004c82b0,data,"DAT_004c82ac",undefined *
004c82b0,004c82b4,data,"DAT_004c82b0",undefined *
004c82b4,004c82b8,data,"DAT_004c82b4",undefined *
004c82b8,004c82bc,data,"DAT_004c82b8",undefined *
004c82bc,004c82c0,data,"DAT_004c82bc",undefined *
004c82c0,004c82c4,data,"DAT_004c82c0",undefined *
004c82c4,004c82c8,data,"DAT_004c82c4",undefined *
004c82c8,004c82cc,data,"DAT_004c82c8",undefined *
004c82cc,004c82d0,data,"DAT_004c82cc",undefined *
004c82d0,004c82d4,data,"DAT_004c82d0",undefined *
004c82d4,004c82d8,data,"DAT_004c82d4",undefined *
004c82d8,004c82dc,data,"DAT_004c82d8",undefined *
004c82dc,004c82e0,data,"DAT_004c82dc",undefined *
004c82e0,004c82e4,data,"DAT_004c82e0",undefined *
004c82e4,004c82e8,data,"DAT_004c82e4",undefined *
004c82e8,004c82ec,data,"DAT_004c82e8",undefined *
004c82ec,004c82f0,data,"DAT_004c82ec",undefined *
004c82f0,004c82f4,data,"DAT_004c82f0",undefined *
004c82f4,004c82f8,data,"DAT_004c82f4",undefined *
004c82f8,004c82fc,data,"DAT_004c82f8",undefined *
004c82fc,004c8300,data,"DAT_004c82fc",undefined *
004c8300,004c8304,data,"DAT_004c8300",undefined *
004c8304,004c8308,data,"PTR_FindLightAnim_004c8304",undefined *
004c8308,004c830c,data,"DAT_004c8308",undefined *
004c830c,004c8310,data,"DAT_004c830c",undefined *
004c8310,004c8314,data,"DAT_004c8310",undefined *
004c8318,004c831c,data,"PTR_GetFrictionCoefficient_004c8318",undefined *
004c831c,004c8320,data,"DAT_004c831c",undefined *
004c8320,004c8324,data,"DAT_004c8320",undefined *
004c8324,004c8328,data,"DAT_004c8324",undefined *
004c8328,004c832c,data,"DAT_004c8328",undefined *
004c832c,004c8330,data,"DAT_004c832c",undefined *
004c8330,004c8334,data,"DAT_004c8330",undefined *
004c8334,004c8338,data,"DAT_004c8334",undefined *
004c8338,004c833c,data,"DAT_004c8338",undefined *
004c833c,004c8340,data,"DAT_004c833c",undefined *
004c8340,004c8344,data,"DAT_004c8340",undefined *
004c8344,004c8348,data,"DAT_004c8344",undefined *
004c8348,004c834c,data,"DAT_004c8348",undefined *
004c834c,004c8350,data,"DAT_004c834c",undefined *
004c8350,004c8354,data,"DAT_004c8350",undefined *
004c8354,004c8358,data,"DAT_004c8354",undefined *
004c8358,004c835c,data,"DAT_004c8358",undefined *
004c835c,004c8360,data,"DAT_004c835c",undefined *
004c8360,004c8364,data,"DAT_004c8360",undefined *
004c8368,004c836c,data,"PTR_~ILTCommon_004c8368",undefined *
004c836c,004c8370,data,"DAT_004c836c",undefined *
004c8370,004c8374,data,"DAT_004c8370",undefined *
004c8374,004c8378,data,"DAT_004c8374",undefined *
004c8378,004c837c,data,"DAT_004c8378",undefined *
004c837c,004c8380,data,"DAT_004c837c",undefined *
004c8380,004c8384,data,"DAT_004c8380",undefined *
004c8384,004c8388,data,"DAT_004c8384",undefined *
004c8388,004c838c,data,"DAT_004c8388",undefined *
004c838c,004c8390,data,"DAT_004c838c",undefined *
004c8390,004c8394,data,"DAT_004c8390",undefined *
004c8394,004c8398,data,"DAT_004c8394",undefined *
004c8398,004c839c,data,"DAT_004c8398",undefined *
004c839c,004c83a0,data,"DAT_004c839c",undefined *
004c83a0,004c83a4,data,"DAT_004c83a0",undefined *
004c83a4,004c83a8,data,"DAT_004c83a4",undefined *
004c83a8,004c83ac,data,"DAT_004c83a8",undefined *
004c83ac,004c83b0,data,"DAT_004c83ac",undefined *
004c83b0,004c83b4,data,"DAT_004c83b0",undefined *
004c83b4,004c83b8,data,"DAT_004c83b4",undefined *
004c83b8,004c83bc,data,"DAT_004c83b8",undefined *
004c83c0,004c83c4,data,"PTR_GetSocket_004c83c0",undefined *
004c83c4,004c83c8,data,"DAT_004c83c4",undefined *
004c83c8,004c83cc,data,"DAT_004c83c8",undefined *
004c83cc,004c83d0,data,"DAT_004c83cc",undefined *
004c83d0,004c83d4,data,"DAT_004c83d0",undefined *
004c83d4,004c83d8,data,"DAT_004c83d4",undefined *
004c83d8,004c83dc,data,"DAT_004c83d8",undefined *
004c83dc,004c83e0,data,"DAT_004c83dc",undefined *
004c83e0,004c83e4,data,"DAT_004c83e0",undefined *
004c83e4,004c83e8,data,"DAT_004c83e4",undefined *
004c83e8,004c83ec,data,"DAT_004c83e8",undefined *
004c83ec,004c83f0,data,"DAT_004c83ec",undefined *
004c83f0,004c83f4,data,"DAT_004c83f0",undefined *
004c83f4,004c83f8,data,"DAT_004c83f4",undefined *
004c83f8,004c83fc,data,"DAT_004c83f8",undefined *
004c83fc,004c8400,data,"DAT_004c83fc",undefined *
004c8400,004c8404,data,"DAT_004c8400",undefined *
004c8404,004c8408,data,"DAT_004c8404",undefined *
004c8408,004c840c,data,"DAT_004c8408",undefined *
004c840c,004c8410,data,"DAT_004c840c",undefined *
004c8410,004c8414,data,"DAT_004c8410",undefined *
004c8414,004c8418,data,"DAT_004c8414",undefined *
004c8418,004c841c,data,"DAT_004c8418",undefined *
004c841c,004c8420,data,"DAT_004c841c",undefined *
004c8420,004c8424,data,"DAT_004c8420",undefined *
004c8424,004c8428,data,"DAT_004c8424",undefined *
004c8428,004c842c,data,"DAT_004c8428",undefined *
004c842c,004c8430,data,"DAT_004c842c",undefined *
004c8430,004c8434,data,"DAT_004c8430",undefined *
004c8434,004c8438,data,"DAT_004c8434",undefined *
004c8438,004c843c,data,"DAT_004c8438",undefined *
004c843c,004c8440,data,"DAT_004c843c",undefined *
004c8440,004c8444,data,"DAT_004c8440",undefined *
004c8444,004c8448,data,"DAT_004c8444",undefined *
004c8448,004c844c,data,"DAT_004c8448",undefined *
004c844c,004c8450,data,"DAT_004c844c",undefined *
004c8450,004c8454,data,"DAT_004c8450",undefined *
004c8454,004c8458,data,"DAT_004c8454",undefined *
004c8458,004c845c,data,"PTR_FUN_004c8458",undefined *
004c845c,004c8460,data,"DAT_004c845c",undefined *
004c8460,004c8464,data,"DAT_004c8460",undefined *
004c8464,004c8468,data,"DAT_004c8464",undefined *
004c8468,004c846c,data,"DAT_004c8468",undefined *
004c846c,004c8470,data,"DAT_004c846c",undefined *
004c8470,004c8474,data,"DAT_004c8470",undefined *
004c8474,004c8478,data,"DAT_004c8474",undefined *
004c8478,004c847c,data,"DAT_004c8478",undefined *
004c847c,004c8480,data,"DAT_004c847c",undefined *
004c8480,004c8484,data,"DAT_004c8480",undefined *
004c8484,004c8488,data,"DAT_004c8484",undefined *
004c8488,004c848c,data,"DAT_004c8488",undefined *
004c848c,004c8490,data,"DAT_004c848c",undefined *
004c8490,004c8494,data,"DAT_004c8490",undefined *
004c8494,004c8498,data,"DAT_004c8494",undefined *
004c8498,004c849c,data,"DAT_004c8498",undefined *
004c849c,004c84a0,data,"DAT_004c849c",undefined *
004c84a0,004c84a4,data,"DAT_004c84a0",undefined *
004c84a4,004c84a8,data,"DAT_004c84a4",undefined *
004c84a8,004c84ac,data,"DAT_004c84a8",undefined *
004c84ac,004c84b0,data,"DAT_004c84ac",undefined *
004c84b0,004c84b4,data,"DAT_004c84b0",undefined *
004c84b4,004c84b8,data,"DAT_004c84b4",undefined *
004c84b8,004c84bc,data,"DAT_004c84b8",undefined *
004c84bc,004c84c0,data,"DAT_004c84bc",undefined *
004c84c0,004c84c4,data,"DAT_004c84c0",undefined *
004c84c4,004c84c8,data,"DAT_004c84c4",undefined *
004c84c8,004c84cc,data,"DAT_004c84c8",undefined *
004c84cc,004c84d0,data,"DAT_004c84cc",undefined *
004c84d0,004c84d4,data,"DAT_004c84d0",undefined *
004c84d4,004c84d8,data,"DAT_004c84d4",undefined *
004c84d8,004c84dc,data,"DAT_004c84d8",undefined *
004c84dc,004c84e0,data,"DAT_004c84dc",undefined *
004c84e0,004c84e4,data,"DAT_004c84e0",undefined *
004c84e4,004c84e8,data,"DAT_004c84e4",undefined *
004c84e8,004c84ec,data,"DAT_004c84e8",undefined *
004c84ec,004c84f0,data,"DAT_004c84ec",undefined *
004c84f0,004c84f4,data,"DAT_004c84f0",undefined *
004c84f4,004c84f8,data,"DAT_004c84f4",undefined *
004c84f8,004c84fc,data,"DAT_004c84f8",undefined *
004c84fc,004c8500,data,"DAT_004c84fc",undefined *
004c8500,004c8504,data,"DAT_004c8500",undefined *
004c8504,004c8508,data,"DAT_004c8504",undefined *
004c8508,004c850c,data,"DAT_004c8508",undefined *
004c850c,004c8510,data,"DAT_004c850c",undefined *
004c8510,004c8514,data,"DAT_004c8510",undefined *
004c8514,004c8518,data,"DAT_004c8514",undefined *
004c8518,004c851c,data,"DAT_004c8518",undefined *
004c851c,004c8520,data,"DAT_004c851c",undefined *
004c8520,004c8524,data,"DAT_004c8520",undefined *
004c8524,004c8528,data,"DAT_004c8524",undefined *
004c8528,004c852c,data,"DAT_004c8528",undefined *
004c852c,004c8530,data,"DAT_004c852c",undefined *
004c8530,004c8534,data,"DAT_004c8530",undefined *
004c8534,004c8538,data,"DAT_004c8534",undefined *
004c8538,004c853c,data,"DAT_004c8538",undefined *
004c853c,004c8540,data,"DAT_004c853c",undefined *
004c8540,004c8544,data,"DAT_004c8540",undefined *
004c8544,004c8548,data,"DAT_004c8544",undefined *
004c8548,004c854c,data,"DAT_004c8548",undefined *
004c854c,004c8550,data,"DAT_004c854c",undefined *
004c8550,004c8554,data,"DAT_004c8550",undefined *
004c8554,004c8558,data,"DAT_004c8554",undefined *
004c8558,004c855c,data,"DAT_004c8558",undefined *
004c855c,004c8560,data,"DAT_004c855c",undefined *
004c8560,004c8564,data,"DAT_004c8560",undefined *
004c8564,004c8568,data,"DAT_004c8564",undefined *
004c8568,004c856c,data,"DAT_004c8568",undefined *
004c856c,004c8570,data,"DAT_004c856c",undefined *
004c8570,004c8574,data,"DAT_004c8570",undefined *
004c8574,004c8578,data,"DAT_004c8574",undefined *
004c8578,004c857c,data,"DAT_004c8578",undefined *
004c857c,004c8580,data,"DAT_004c857c",undefined *
004c8580,004c8584,data,"DAT_004c8580",undefined *
004c8584,004c8588,data,"DAT_004c8584",undefined *
004c8588,004c858c,data,"DAT_004c8588",undefined *
004c858c,004c8590,data,"DAT_004c858c",undefined *
004c8590,004c8594,data,"DAT_004c8590",undefined *
004c8594,004c8598,data,"DAT_004c8594",undefined *
004c8598,004c859c,data,"DAT_004c8598",undefined *
004c859c,004c85a0,data,"DAT_004c859c",undefined *
004c85a0,004c85a4,data,"DAT_004c85a0",undefined *
004c85a4,004c85a8,data,"DAT_004c85a4",undefined *
004c85a8,004c85ac,data,"DAT_004c85a8",undefined *
004c85ac,004c85b0,data,"DAT_004c85ac",undefined *
004c85b0,004c85b4,data,"DAT_004c85b0",undefined *
004c85b4,004c85b8,data,"DAT_004c85b4",undefined *
004c85b8,004c85bc,data,"DAT_004c85b8",undefined *
004c85bc,004c85c0,data,"DAT_004c85bc",undefined *
004c85c0,004c85c4,data,"DAT_004c85c0",undefined *
004c85c4,004c85c8,data,"DAT_004c85c4",undefined *
004c85c8,004c85cc,data,"DAT_004c85c8",undefined *
004c85cc,004c85d0,data,"DAT_004c85cc",undefined *
004c85d0,004c85d4,data,"DAT_004c85d0",undefined *
004c85d4,004c85d8,data,"DAT_004c85d4",undefined *
004c85d8,004c85dc,data,"DAT_004c85d8",undefined *
004c85dc,004c85e0,data,"DAT_004c85dc",undefined *
004c85e0,004c85e4,data,"DAT_004c85e0",undefined *
004c85e4,004c85e8,data,"DAT_004c85e4",undefined *
004c85e8,004c85ec,data,"DAT_004c85e8",undefined *
004c85ec,004c85f0,data,"DAT_004c85ec",undefined *
004c85f0,004c85f4,data,"DAT_004c85f0",undefined *
004c85f4,004c85f8,data,"DAT_004c85f4",undefined *
004c85f8,004c85fc,data,"DAT_004c85f8",undefined *
004c85fc,004c8600,data,"DAT_004c85fc",undefined *
004c8600,004c8604,data,"DAT_004c8600",undefined *
004c8604,004c8608,data,"DAT_004c8604",undefined *
004c8608,004c860c,data,"DAT_004c8608",undefined *
004c860c,004c8610,data,"DAT_004c860c",undefined *
004c8610,004c8614,data,"DAT_004c8610",undefined *
004c8614,004c8618,data,"DAT_004c8614",undefined *
004c8618,004c861c,data,"DAT_004c8618",undefined *
004c861c,004c8620,data,"DAT_004c861c",undefined *
004c8620,004c8624,data,"DAT_004c8620",undefined *
004c8624,004c8628,data,"DAT_004c8624",undefined *
004c8628,004c862c,data,"DAT_004c8628",undefined *
004c862c,004c8630,data,"DAT_004c862c",undefined *
004c8630,004c8634,data,"DAT_004c8630",undefined *
004c8634,004c8638,data,"DAT_004c8634",undefined *
004c8638,004c863c,data,"DAT_004c8638",undefined *
004c863c,004c8640,data,"DAT_004c863c",undefined *
004c8640,004c8644,data,"DAT_004c8640",undefined *
004c8644,004c8648,data,"DAT_004c8644",undefined *
004c8648,004c864c,data,"DAT_004c8648",undefined *
004c8658,004c865c,data,"PTR_FUN_004c8658",undefined *
004c865c,004c8660,data,"DAT_004c865c",undefined *
004c8660,004c8664,data,"DAT_004c8660",undefined *
004c8664,004c8668,data,"DAT_004c8664",undefined *
004c8668,004c866c,data,"DAT_004c8668",undefined *
004c866c,004c8670,data,"DAT_004c866c",undefined *
004c8670,004c8674,data,"DAT_004c8670",undefined *
004c8674,004c8678,data,"DAT_004c8674",undefined *
004c8678,004c867c,data,"DAT_004c8678",undefined *
004c867c,004c8680,data,"DAT_004c867c",undefined *
004c8680,004c8684,data,"DAT_004c8680",undefined *
004c8684,004c8688,data,"DAT_004c8684",undefined *
004c8688,004c868c,data,"DAT_004c8688",undefined *
004c868c,004c8690,data,"DAT_004c868c",undefined *
004c8694,004c8698,data,"PTR_FUN_004c8694",undefined *
004c8698,004c869c,data,"DAT_004c8698",undefined *
004c869c,004c86a0,data,"DAT_004c869c",undefined *
004c86a0,004c86a4,data,"DAT_004c86a0",undefined *
004c86a4,004c86a8,data,"PTR_FUN_004c86a4",undefined *
004c86a8,004c86ac,data,"DAT_004c86a8",undefined *
004c86ac,004c86b0,data,"DAT_004c86ac",undefined *
004c86b0,004c86b4,data,"DAT_004c86b0",undefined *
004c86b4,004c86b8,data,"PTR_FUN_004c86b4",undefined *
004c86b8,004c86bc,data,"DAT_004c86b8",undefined *
004c86bc,004c86c0,data,"DAT_004c86bc",undefined *
004c86c0,004c86c4,data,"DAT_004c86c0",undefined *
004c86c4,004c86c8,data,"DAT_004c86c4",undefined *
004c86c8,004c86cc,data,"DAT_004c86c8",undefined *
004c86cc,004c86d0,data,"DAT_004c86cc",undefined *
004c86d0,004c86d4,data,"PTR_FUN_004c86d0",undefined *
004c86d4,004c86d8,data,"DAT_004c86d4",undefined *
004c86d8,004c86dc,data,"DAT_004c86d8",undefined *
004c86dc,004c86e0,data,"DAT_004c86dc",undefined *
004c86e0,004c86e4,data,"DAT_004c86e0",undefined *
004c86e4,004c86e8,data,"DAT_004c86e4",undefined *
004c86e8,004c86ec,data,"DAT_004c86e8",undefined *
004c86ec,004c86f0,data,"DAT_004c86ec",undefined *
004c86f0,004c86f4,data,"DAT_004c86f0",undefined *
004c86f4,004c86f8,data,"DAT_004c86f4",undefined *
004c86f8,004c86fc,data,"DAT_004c86f8",undefined *
004c86fc,004c8700,data,"DAT_004c86fc",undefined *
004c8700,004c8704,data,"DAT_004c8700",undefined *
004c8704,004c8708,data,"DAT_004c8704",undefined *
004c8708,004c870c,data,"DAT_004c8708",undefined *
004c870c,004c8710,data,"DAT_004c870c",undefined *
004c8710,004c8714,data,"DAT_004c8710",undefined *
004c8714,004c8718,data,"DAT_004c8714",undefined *
004c8718,004c871c,data,"DAT_004c8718",undefined *
004c871c,004c8720,data,"DAT_004c871c",undefined *
004c8720,004c8724,data,"DAT_004c8720",undefined *
004c8724,004c8728,data,"DAT_004c8724",undefined *
004c8728,004c872c,data,"DAT_004c8728",undefined *
004c8730,004c8734,data,"PTR_FUN_004c8730",undefined *
004c8734,004c8738,data,"DAT_004c8734",undefined *
004c8738,004c873c,data,"DAT_004c8738",undefined *
004c873c,004c8740,data,"DAT_004c873c",undefined *
004c8740,004c8744,data,"DAT_004c8740",undefined *
004c8744,004c8748,data,"DAT_004c8744",undefined *
004c8748,004c874c,data,"DAT_004c8748",undefined *
004c874c,004c8750,data,"DAT_004c874c",undefined *
004c8750,004c8754,data,"DAT_004c8750",undefined *
004c8754,004c8758,data,"DAT_004c8754",undefined *
004c8758,004c875c,data,"DAT_004c8758",undefined *
004c875c,004c8760,data,"DAT_004c875c",undefined *
004c8760,004c8764,data,"DAT_004c8760",undefined *
004c8764,004c8768,data,"DAT_004c8764",undefined *
004c8768,004c876c,data,"DAT_004c8768",undefined *
004c876c,004c8770,data,"DAT_004c876c",undefined *
004c8770,004c8774,data,"DAT_004c8770",undefined *
004c8774,004c8778,data,"DAT_004c8774",undefined *
004c8778,004c877c,data,"DAT_004c8778",undefined *
004c877c,004c8780,data,"DAT_004c877c",undefined *
004c8780,004c8784,data,"DAT_004c8780",undefined *
004c8784,004c8788,data,"DAT_004c8784",undefined *
004c8788,004c878c,data,"DAT_004c8788",undefined *
004c8790,004c8794,data,"PTR_FUN_004c8790",undefined *
004c8794,004c8798,data,"DAT_004c8794",undefined *
004c8798,004c879c,data,"DAT_004c8798",undefined *
004c879c,004c87a0,data,"DAT_004c879c",undefined *
004c87a0,004c87a4,data,"DAT_004c87a0",undefined *
004c87a4,004c87a8,data,"DAT_004c87a4",undefined *
004c87a8,004c87ac,data,"DAT_004c87a8",undefined *
004c87ac,004c87b0,data,"DAT_004c87ac",undefined *
004c87b0,004c87b4,data,"DAT_004c87b0",undefined *
004c87b4,004c87b8,data,"DAT_004c87b4",undefined *
004c87b8,004c87bc,data,"DAT_004c87b8",undefined *
004c87bc,004c87c0,data,"DAT_004c87bc",undefined *
004c87c0,004c87c4,data,"DAT_004c87c0",undefined *
004c87c4,004c87c8,data,"DAT_004c87c4",undefined *
004c87c8,004c87cc,data,"DAT_004c87c8",undefined *
004c87cc,004c87d0,data,"DAT_004c87cc",undefined *
004c87d0,004c87d4,data,"DAT_004c87d0",undefined *
004c87d4,004c87d8,data,"DAT_004c87d4",undefined *
004c87d8,004c87dc,data,"DAT_004c87d8",undefined *
004c87dc,004c87e0,data,"DAT_004c87dc",undefined *
004c87e0,004c87e4,data,"DAT_004c87e0",undefined *
004c87e4,004c87e8,data,"DAT_004c87e4",undefined *
004c87e8,004c87ec,data,"DAT_004c87e8",undefined *
004c87f8,004c87fc,data,"PTR_PlaySound_004c87f8",undefined *
004c87fc,004c8800,data,"DAT_004c87fc",undefined *
004c8800,004c8804,data,"DAT_004c8800",undefined *
004c8804,004c8808,data,"DAT_004c8804",undefined *
004c8808,004c880c,data,"DAT_004c8808",undefined *
004c880c,004c8810,data,"DAT_004c880c",undefined *
004c8810,004c8814,data,"DAT_004c8810",undefined *
004c8814,004c8818,data,"DAT_004c8814",undefined *
004c8818,004c881c,data,"DAT_004c8818",undefined *
004c881c,004c8820,data,"DAT_004c881c",undefined *
004c8820,004c8824,data,"DAT_004c8820",undefined *
004c8824,004c8828,data,"DAT_004c8824",undefined *
004c8828,004c882c,data,"DAT_004c8828",undefined *
004c882c,004c8830,data,"DAT_004c882c",undefined *
004c8830,004c8834,data,"DAT_004c8830",undefined *
004c8834,004c8838,data,"DAT_004c8834",undefined *
004c8838,004c883c,data,"DAT_004c8838",undefined *
004c883c,004c8840,data,"DAT_004c883c",undefined *
004c8840,004c8844,data,"DAT_004c8840",undefined *
004c8844,004c8848,data,"DAT_004c8844",undefined *
004c8848,004c884c,data,"DAT_004c8848",undefined *
004c884c,004c8850,data,"DAT_004c884c",undefined *
004c8850,004c8854,data,"DAT_004c8850",undefined *
004c8854,004c8858,data,"DAT_004c8854",undefined *
004c8858,004c885c,data,"DAT_004c8858",undefined *
004c885c,004c8860,data,"DAT_004c885c",undefined *
004c8860,004c8864,data,"DAT_004c8860",undefined *
004c8864,004c8868,data,"DAT_004c8864",undefined *
004c8868,004c886c,data,"DAT_004c8868",undefined *
004c886c,004c8870,data,"DAT_004c886c",undefined *
004c8870,004c8874,data,"DAT_004c8870",undefined *
004c8874,004c8878,data,"DAT_004c8874",undefined *
004c8878,004c887c,data,"PTR_FUN_004c8878",undefined *
004c887c,004c8880,data,"DAT_004c887c",undefined *
004c8880,004c8884,data,"DAT_004c8880",undefined *
004c8884,004c8888,data,"PTR_FUN_004c8884",pointer
004c8888,004c888c,data,"PTR_FUN_004c8888",undefined *
004c888c,004c8890,data,"DAT_004c888c",undefined *
004c8890,004c8894,data,"DAT_004c8890",undefined *
004c8894,004c8898,data,"PTR_FUN_004c8894",pointer
004c8898,004c889c,data,"PTR_FUN_004c8898",undefined *
004c889c,004c88a0,data,"DAT_004c889c",undefined *
004c88a0,004c88a4,data,"DAT_004c88a0",undefined *
004c88a4,004c88a8,data,"PTR_FUN_004c88a4",pointer
004c88a8,004c88ac,data,"PTR_FUN_004c88a8",undefined *
004c88ac,004c88b0,data,"DAT_004c88ac",undefined *
004c88b0,004c88b4,data,"DAT_004c88b0",undefined *
004c88b4,004c88b8,data,"PTR_FUN_004c88b4",pointer
004c88b8,004c88bc,data,"PTR_FUN_004c88b8",undefined *
004c88bc,004c88c0,data,"DAT_004c88bc",undefined *
004c88c0,004c88c4,data,"DAT_004c88c0",undefined *
004c88c4,004c88c8,data,"DAT_004c88c4",undefined *
004c88c8,004c88cc,data,"DAT_004c88c8",undefined *
004c88cc,004c88d0,data,"DAT_004c88cc",undefined *
004c88d0,004c88d4,data,"DAT_004c88d0",undefined *
004c88d4,004c88d8,data,"DAT_004c88d4",undefined *
004c88d8,004c88dc,data,"DAT_004c88d8",undefined *
004c88dc,004c88e0,data,"DAT_004c88dc",undefined *
004c88e0,004c88e4,data,"DAT_004c88e0",undefined *
004c88e4,004c88e8,data,"DAT_004c88e4",undefined *
004c88e8,004c88ec,data,"DAT_004c88e8",undefined *
004c88ec,004c88f0,data,"DAT_004c88ec",undefined *
004c88f0,004c88f4,data,"DAT_004c88f0",undefined *
004c88f4,004c88f8,data,"DAT_004c88f4",undefined *
004c88f8,004c88fc,data,"DAT_004c88f8",undefined *
004c88fc,004c8900,data,"DAT_004c88fc",undefined *
004c8900,004c8904,data,"DAT_004c8900",undefined *
004c8904,004c8908,data,"DAT_004c8904",undefined *
004c8908,004c890c,data,"DAT_004c8908",undefined *
004c890c,004c8910,data,"DAT_004c890c",undefined *
004c8910,004c8914,data,"DAT_004c8910",undefined *
004c8914,004c8918,data,"DAT_004c8914",undefined *
004c8918,004c891c,data,"DAT_004c8918",undefined *
004c891c,004c8920,data,"DAT_004c891c",undefined *
004c8920,004c8924,data,"DAT_004c8920",undefined *
004c8924,004c8928,data,"DAT_004c8924",undefined *
004c8928,004c892c,data,"DAT_004c8928",undefined *
004c892c,004c8930,data,"DAT_004c892c",undefined *
004c8940,004c8944,data,"PTR_FUN_004c8940",undefined *
004c8944,004c8948,data,"DAT_004c8944",undefined *
004c8948,004c894c,data,"DAT_004c8948",undefined *
004c894c,004c8950,data,"DAT_004c894c",undefined *
004c8950,004c8954,data,"DAT_004c8950",undefined *
004c8954,004c8958,data,"DAT_004c8954",undefined *
004c8958,004c895c,data,"DAT_004c8958",undefined *
004c895c,004c8960,data,"DAT_004c895c",undefined *
004c8960,004c8964,data,"DAT_004c8960",undefined *
004c8964,004c8968,data,"DAT_004c8964",undefined *
004c8968,004c896c,data,"DAT_004c8968",undefined *
004c896c,004c8970,data,"DAT_004c896c",undefined *
004c8970,004c8974,data,"DAT_004c8970",undefined *
004c8974,004c8978,data,"DAT_004c8974",undefined *
004c8978,004c897c,data,"DAT_004c8978",undefined *
004c897c,004c8980,data,"DAT_004c897c",undefined *
004c8980,004c8984,data,"DAT_004c8980",undefined *
004c8984,004c8988,data,"DAT_004c8984",undefined *
004c8988,004c898c,data,"DAT_004c8988",undefined *
004c898c,004c8990,data,"DAT_004c898c",undefined *
004c8990,004c8994,data,"DAT_004c8990",undefined *
004c8994,004c8998,data,"DAT_004c8994",undefined *
004c8998,004c899c,data,"DAT_004c8998",undefined *
004c899c,004c89a0,data,"PTR_FUN_004c899c",undefined *
004c89a0,004c89a4,data,"DAT_004c89a0",undefined *
004c89a4,004c89a8,data,"DAT_004c89a4",undefined *
004c89a8,004c89ac,data,"DAT_004c89a8",undefined *
004c89ac,004c89b0,data,"DAT_004c89ac",undefined *
004c89b0,004c89b4,data,"DAT_004c89b0",undefined *
004c89b4,004c89b8,data,"DAT_004c89b4",undefined *
004c89b8,004c89bc,data,"DAT_004c89b8",undefined *
004c89bc,004c89c0,data,"DAT_004c89bc",undefined *
004c89c0,004c89c4,data,"DAT_004c89c0",undefined *
004c89c4,004c89c8,data,"DAT_004c89c4",undefined *
004c89c8,004c89cc,data,"PTR_FUN_004c89c8",undefined *
004c89cc,004c89d0,data,"DAT_004c89cc",undefined *
004c89d0,004c89d4,data,"DAT_004c89d0",undefined *
004c89d4,004c89d8,data,"DAT_004c89d4",undefined *
004c89d8,004c89dc,data,"DAT_004c89d8",undefined *
004c89dc,004c89e0,data,"DAT_004c89dc",undefined *
004c89e0,004c89e4,data,"DAT_004c89e0",undefined *
004c89e4,004c89e8,data,"DAT_004c89e4",undefined *
004c89e8,004c89ec,data,"DAT_004c89e8",undefined *
004c89ec,004c89f0,data,"DAT_004c89ec",undefined *
004c89f0,004c89f4,data,"DAT_004c89f0",undefined *
004c89f4,004c89f8,data,"PTR_FUN_004c89f4",undefined *
004c89f8,004c89fc,data,"DAT_004c89f8",undefined *
004c89fc,004c8a00,data,"DAT_004c89fc",undefined *
004c8a00,004c8a04,data,"DAT_004c8a00",undefined *
004c8a04,004c8a08,data,"DAT_004c8a04",undefined *
004c8a08,004c8a0c,data,"DAT_004c8a08",undefined *
004c8a0c,004c8a10,data,"DAT_004c8a0c",undefined *
004c8a10,004c8a14,data,"DAT_004c8a10",undefined *
004c8a14,004c8a18,data,"DAT_004c8a14",undefined *
004c8a18,004c8a1c,data,"DAT_004c8a18",undefined *
004c8a1c,004c8a20,data,"DAT_004c8a1c",undefined *
004c8a20,004c8a24,data,"PTR_FUN_004c8a20",undefined *
004c8a24,004c8a28,data,"DAT_004c8a24",undefined *
004c8a28,004c8a2c,data,"DAT_004c8a28",undefined *
004c8a2c,004c8a30,data,"DAT_004c8a2c",undefined *
004c8a30,004c8a34,data,"DAT_004c8a30",undefined *
004c8a34,004c8a38,data,"DAT_004c8a34",undefined *
004c8a38,004c8a3c,data,"DAT_004c8a38",undefined *
004c8a3c,004c8a40,data,"DAT_004c8a3c",undefined *
004c8a40,004c8a44,data,"DAT_004c8a40",undefined *
004c8a44,004c8a48,data,"DAT_004c8a44",undefined *
004c8a48,004c8a4c,data,"DAT_004c8a48",undefined *
004c8a4c,004c8a50,data,"DAT_004c8a4c",undefined *
004c8a50,004c8a54,data,"DAT_004c8a50",undefined *
004c8a54,004c8a58,data,"DAT_004c8a54",undefined *
004c8a58,004c8a5c,data,"DAT_004c8a58",undefined *
004c8a5c,004c8a60,data,"DAT_004c8a5c",undefined *
004c8a60,004c8a64,data,"DAT_004c8a60",undefined *
004c8a64,004c8a68,data,"DAT_004c8a64",undefined *
004c8a68,004c8a6c,data,"DAT_004c8a68",undefined *
004c8a6c,004c8a70,data,"DAT_004c8a6c",undefined *
004c8a70,004c8a74,data,"DAT_004c8a70",undefined *
004c8a74,004c8a78,data,"DAT_004c8a74",undefined *
004c8a78,004c8a7c,data,"DAT_004c8a78",undefined *
004c8a7c,004c8a80,data,"DAT_004c8a7c",undefined *
004c8a80,004c8a84,data,"DAT_004c8a80",undefined *
004c8a84,004c8a88,data,"DAT_004c8a84",undefined *
004c8a88,004c8a8c,data,"DAT_004c8a88",undefined *
004c8a8c,004c8a90,data,"PTR_FUN_004c8a8c",undefined *
004c8a90,004c8a94,data,"DAT_004c8a90",undefined *
004c8a94,004c8a98,data,"DAT_004c8a94",undefined *
004c8a98,004c8a9c,data,"DAT_004c8a98",undefined *
004c8a9c,004c8aa0,data,"DAT_004c8a9c",undefined *
004c8aa0,004c8aa4,data,"DAT_004c8aa0",undefined *
004c8aa4,004c8aa8,data,"DAT_004c8aa4",undefined *
004c8aa8,004c8aac,data,"DAT_004c8aa8",undefined *
004c8aac,004c8ab0,data,"DAT_004c8aac",undefined *
004c8ab0,004c8ab4,data,"DAT_004c8ab0",undefined *
004c8ab4,004c8ab8,data,"DAT_004c8ab4",undefined *
004c8ab8,004c8abc,data,"DAT_004c8ab8",undefined *
004c8abc,004c8ac0,data,"PTR_FUN_004c8abc",pointer
004c8ac4,004c8ac8,data,"PTR_GetTextureHandle_004c8ac4",undefined *
004c8ac8,004c8acc,data,"DAT_004c8ac8",undefined *
004c8acc,004c8ad0,data,"DAT_004c8acc",undefined *
004c8ad0,004c8ad4,data,"DAT_004c8ad0",undefined *
004c8ad4,004c8ad8,data,"DAT_004c8ad4",undefined *
004c8ad8,004c8adc,data,"DAT_004c8ad8",undefined *
004c8adc,004c8ae0,data,"PTR_FUN_004c8adc",undefined *
004c8ae0,004c8ae4,data,"DAT_004c8ae0",undefined *
004c8ae4,004c8ae8,data,"DAT_004c8ae4",undefined *
004c8ae8,004c8aec,data,"DAT_004c8ae8",undefined *
004c8aec,004c8af0,data,"DAT_004c8aec",undefined *
004c8af0,004c8af4,data,"DAT_004c8af0",undefined *
004c8af4,004c8af8,data,"DAT_004c8af4",undefined *
004c8af8,004c8afc,data,"DAT_004c8af8",undefined *
004c8afc,004c8b00,data,"DAT_004c8afc",undefined *
004c8b00,004c8b04,data,"DAT_004c8b00",undefined *
004c8b04,004c8b08,data,"DAT_004c8b04",undefined *
004c8b08,004c8b0c,data,"DAT_004c8b08",undefined *
004c8b0c,004c8b10,data,"PTR_FUN_004c8b0c",undefined *
004c8b10,004c8b14,data,"DAT_004c8b10",undefined *
004c8b14,004c8b18,data,"DAT_004c8b14",undefined *
004c8b18,004c8b1c,data,"DAT_004c8b18",undefined *
004c8b1c,004c8b20,data,"DAT_004c8b1c",undefined *
004c8b20,004c8b24,data,"PTR_FUN_004c8b20",undefined *
004c8b24,004c8b28,data,"DAT_004c8b24",undefined *
004c8b28,004c8b2c,data,"DAT_004c8b28",undefined *
004c8b2c,004c8b30,data,"DAT_004c8b2c",undefined *
004c8b30,004c8b34,data,"DAT_004c8b30",undefined *
004c8b34,004c8b38,data,"DAT_004c8b34",undefined *
004c8b38,004c8b3c,data,"DAT_004c8b38",undefined *
004c8b3c,004c8b40,data,"DAT_004c8b3c",undefined *
004c8b40,004c8b44,data,"DAT_004c8b40",undefined *
004c8b44,004c8b48,data,"DAT_004c8b44",undefined *
004c8b54,004c8b58,data,"PTR_FUN_004c8b54",undefined *
004c8b58,004c8b5c,data,"DAT_004c8b58",undefined *
004c8b5c,004c8b60,data,"DAT_004c8b5c",undefined *
004c8b60,004c8b64,data,"DAT_004c8b60",undefined *
004c8b64,004c8b68,data,"DAT_004c8b64",undefined *
004c8b68,004c8b6c,data,"DAT_004c8b68",undefined *
004c8b6c,004c8b70,data,"DAT_004c8b6c",undefined *
004c8b70,004c8b74,data,"DAT_004c8b70",undefined *
004c8b74,004c8b78,data,"PTR_FUN_004c8b74",undefined *
004c8b78,004c8b7c,data,"DAT_004c8b78",undefined *
004c8b7c,004c8b80,data,"DAT_004c8b7c",undefined *
004c8b80,004c8b84,data,"DAT_004c8b80",undefined *
004c8b84,004c8b88,data,"DAT_004c8b84",undefined *
004c8b88,004c8b8c,data,"DAT_004c8b88",undefined *
004c8b8c,004c8b90,data,"DAT_004c8b8c",undefined *
004c8b90,004c8b94,data,"DAT_004c8b90",undefined *
004c8b94,004c8b98,data,"PTR_FID_conflict:`scalar_deleting_destructor'_004c8b94",undefined *
004c8b98,004c8b9c,data,"DAT_004c8b98",undefined *
004c8b9c,004c8ba0,data,"DAT_004c8b9c",undefined *
004c8ba0,004c8ba4,data,"PTR_FUN_004c8ba0",pointer
004c8ba8,004c8bac,data,"PTR_`scalar_deleting_destructor'_004c8ba8",undefined *
004c8bac,004c8bb0,data,"DAT_004c8bac",undefined *
004c8bb0,004c8bb4,data,"DAT_004c8bb0",undefined *
004c8bb4,004c8bb8,data,"DAT_004c8bb4",undefined *
004c8bb8,004c8bbc,data,"PTR_`scalar_deleting_destructor'_004c8bb8",undefined *
004c8bbc,004c8bc0,data,"DAT_004c8bbc",undefined *
004c8bc0,004c8bc4,data,"DAT_004c8bc0",undefined *
004c8bc4,004c8bc8,data,"DAT_004c8bc4",undefined *
004c8bc8,004c8bcc,data,"PTR_FUN_004c8bc8",undefined *
004c8bcc,004c8bd0,data,"DAT_004c8bcc",undefined *
004c8bd0,004c8bd4,data,"DAT_004c8bd0",undefined *
004c8bd4,004c8bd8,data,"PTR_FUN_004c8bd4",undefined *
004c8bd8,004c8bdc,data,"DAT_004c8bd8",undefined *
004c8bdc,004c8be0,data,"DAT_004c8bdc",undefined *
004c8be0,004c8be4,data,"PTR_FUN_004c8be0",undefined *
004c8be4,004c8be8,data,"DAT_004c8be4",undefined *
004c8be8,004c8bec,data,"DAT_004c8be8",undefined *
004c8bec,004c8bf0,data,"PTR_`scalar_deleting_destructor'_004c8bec",undefined *
004c8bf0,004c8bf4,data,"DAT_004c8bf0",undefined *
004c8bf4,004c8bf8,data,"DAT_004c8bf4",undefined *
004c8bf8,004c8bfc,data,"DAT_004c8bf8",undefined *
004c8bfc,004c8c00,data,"PTR_`scalar_deleting_destructor'_004c8bfc",pointer
004c8c04,004c8c08,data,"PTR_`scalar_deleting_destructor'_004c8c04",pointer
004c8c0c,004c8c10,data,"PTR_FID_conflict:`scalar_deleting_destructor'_004c8c0c",undefined *
004c8c10,004c8c14,data,"DAT_004c8c10",undefined *
004c8c14,004c8c18,data,"DAT_004c8c14",undefined *
004c8c18,004c8c1c,data,"PTR_`scalar_deleting_destructor'_004c8c18",pointer
004c8c20,004c8c24,data,"DAT_004c8c20",undefined4
004c8c24,004c8c28,data,"DAT_004c8c24",undefined4
004c8c68,004c8c6c,data,"DAT_004c8c68",undefined4
004c8c6c,004c8c70,data,"DAT_004c8c6c",undefined4
004c9068,004c906c,data,"DAT_004c9068",undefined4
004c9c6c,004c9c70,data,"PTR_~CHashBin_004c9c6c",undefined *
004c9c70,004c9c74,data,"DAT_004c9c70",undefined *
004c9c74,004c9c78,data,"DAT_004c9c74",undefined *
004c9c78,004c9c7c,data,"DAT_004c9c78",undefined *
004c9c7c,004c9c80,data,"PTR_FID_conflict:`scalar_deleting_destructor'_004c9c7c",pointer
004c9c84,004c9c9c,data,"c_dfDIJoystick",DIDATAFORMAT
004c9cec,004c9cf0,data,"DAT_004c9cec",undefined4
004c9cf0,004c9cf4,data,"DAT_004c9cf0",undefined4
004c9cfc,004c9d00,data,"DAT_004c9cfc",undefined4
004c9d00,004c9d04,data,"DAT_004c9d00",undefined4
004c9d2c,004c9d30,data,"DAT_004c9d2c",undefined4
004c9d30,004c9d34,data,"DAT_004c9d30",undefined4
004c9d34,004c9d38,data,"DAT_004c9d34",undefined4
004c9d38,004c9d3c,data,"DAT_004c9d38",undefined4
004c9d3c,004c9d40,data,"DAT_004c9d3c",undefined4
004c9d40,004c9d44,data,"DAT_004c9d40",undefined4
004c9d44,004c9d48,data,"DAT_004c9d44",undefined4
004c9d48,004c9d4c,data,"DAT_004c9d48",undefined4
004c9d4c,004c9d50,data,"DAT_004c9d4c",undefined4
004c9d50,004c9d54,data,"DAT_004c9d50",undefined4
004c9d54,004c9d58,data,"DAT_004c9d54",undefined4
004c9d58,004c9d5c,data,"DAT_004c9d58",undefined4
004c9d5c,004c9d60,data,"DAT_004c9d5c",undefined4
004c9d60,004c9d64,data,"DAT_004c9d60",undefined4
004c9d64,004c9d68,data,"DAT_004c9d64",undefined4
004c9d68,004c9d6c,data,"DAT_004c9d68",undefined4
004c9d6c,004c9d70,data,"DAT_004c9d6c",undefined4
004c9d70,004c9d74,data,"DAT_004c9d70",undefined4
004c9d74,004c9d78,data,"DAT_004c9d74",undefined4
004c9d78,004c9d7c,data,"DAT_004c9d78",undefined4
004c9d8c,004c9d90,data,"DAT_004c9d8c",undefined4
004c9d90,004c9d94,data,"DAT_004c9d90",undefined4
004c9d94,004c9d98,data,"DAT_004c9d94",undefined4
004c9d98,004c9d9c,data,"DAT_004c9d98",undefined4
004c9d9c,004c9da0,data,"DAT_004c9d9c",undefined4
004c9da0,004c9da4,data,"DAT_004c9da0",undefined4
004c9da4,004c9da8,data,"DAT_004c9da4",undefined4
004c9da8,004c9dac,data,"DAT_004c9da8",undefined4
004c9dac,004c9db0,data,"DAT_004c9dac",undefined4
004c9db0,004c9db4,data,"DAT_004c9db0",undefined4
004c9db4,004c9db8,data,"DAT_004c9db4",undefined4
004c9db8,004c9dbc,data,"DAT_004c9db8",undefined4
004c9dbc,004c9dc0,data,"DAT_004c9dbc",undefined4
004c9dc0,004c9dc4,data,"DAT_004c9dc0",undefined4
004c9dc4,004c9dc8,data,"DAT_004c9dc4",undefined4
004c9dc8,004c9dcc,data,"DAT_004c9dc8",undefined4
004c9dcc,004c9dd0,data,"DAT_004c9dcc",undefined4
004c9dd0,004c9dd4,data,"DAT_004c9dd0",undefined4
004c9dd4,004c9dd8,data,"DAT_004c9dd4",undefined4
004c9dd8,004c9ddc,data,"DAT_004c9dd8",undefined4
004c9ddc,004c9de0,data,"DAT_004c9ddc",undefined4
004c9de0,004c9de4,data,"DAT_004c9de0",undefined4
004c9dec,004c9dfc,data,"GUID_POV",GUID
004c9dfc,004c9e00,data,"DAT_004c9dfc",undefined4
004c9e00,004c9e04,data,"DAT_004c9e00",undefined4
004c9e0c,004c9e10,data,"DAT_004c9e0c",undefined4
004c9e10,004c9e14,data,"DAT_004c9e10",undefined4
004c9e14,004c9e18,data,"DAT_004c9e14",undefined4
004c9e18,004c9e1c,data,"DAT_004c9e18",undefined4
004c9e1c,004c9e2c,data,"GUID_Slider",GUID
004c9e2c,004c9e3c,data,"GUID_RzAxis",GUID
004c9e3c,004c9e4c,data,"GUID_RyAxis",GUID
004c9e4c,004c9e5c,data,"GUID_RxAxis",GUID
004c9e5c,004c9e6c,data,"GUID_ZAxis",GUID
004c9e6c,004c9e7c,data,"GUID_YAxis",GUID
004c9e7c,004c9e8c,data,"GUID_XAxis",GUID
004c9ea0,004c9ea4,data,"DAT_004c9ea0",undefined4
004c9ea4,004c9ea8,data,"DAT_004c9ea4",undefined4
004c9ea8,004c9eac,data,"DAT_004c9ea8",undefined4
004c9eac,004c9eb0,data,"DAT_004c9eac",undefined4
004c9eb0,004c9eb4,data,"DAT_004c9eb0",undefined4
004c9eb4,004c9eb8,data,"DAT_004c9eb4",undefined4
004c9ec0,004c9ec4,data,"DAT_004c9ec0",undefined4
004c9ec4,004c9ec8,data,"DAT_004c9ec4",undefined4
004c9ee0,004c9ee4,data,"PTR_FUN_004c9ee0",pointer
004c9ee4,004c9ee8,data,"PTR_FUN_004c9ee4",pointer
004c9ee8,004c9eec,data,"PTR_FUN_004c9ee8",pointer
004c9eec,004c9ef0,data,"PTR_FUN_004c9eec",undefined *
004c9ef0,004c9ef4,data,"DAT_004c9ef0",undefined *
004c9ef4,004c9ef8,data,"DAT_004c9ef4",undefined *
004c9ef8,004c9efc,data,"PTR_StartCounter_004c9ef8",pointer
004c9efc,004c9f00,data,"PTR_FUN_004c9efc",pointer
004c9f00,004c9f04,data,"PTR_StartCounter_004c9f00",undefined *
004c9f04,004c9f08,data,"DAT_004c9f04",undefined *
004c9f08,004c9f0c,data,"DAT_004c9f08",undefined *
004c9f0c,004c9f10,data,"DAT_004c9f0c",undefined *
004c9f10,004c9f14,data,"DAT_004c9f10",undefined *
004c9f14,004c9f18,data,"DAT_004c9f14",undefined *
004c9f18,004c9f1c,data,"DAT_004c9f18",undefined *
004c9f1c,004c9f20,data,"DAT_004c9f1c",undefined *
004c9f20,004c9f24,data,"DAT_004c9f20",undefined *
004c9f24,004c9f28,data,"PTR_StartCounter_004c9f24",undefined *
004c9f28,004c9f2c,data,"DAT_004c9f28",undefined *
004c9f2c,004c9f30,data,"DAT_004c9f2c",undefined *
004c9f30,004c9f34,data,"DAT_004c9f30",undefined *
004c9f34,004c9f38,data,"DAT_004c9f34",undefined *
004c9f38,004c9f3c,data,"DAT_004c9f38",undefined *
004c9f3c,004c9f40,data,"DAT_004c9f3c",undefined *
004c9f40,004c9f44,data,"DAT_004c9f40",undefined *
004c9f44,004c9f48,data,"DAT_004c9f44",undefined *
004c9f48,004c9f4c,data,"PTR_StartCounter_004c9f48",undefined *
004c9f4c,004c9f50,data,"DAT_004c9f4c",undefined *
004c9f50,004c9f54,data,"DAT_004c9f50",undefined *
004c9f54,004c9f58,data,"DAT_004c9f54",undefined *
004c9f58,004c9f5c,data,"DAT_004c9f58",undefined *
004c9f5c,004c9f60,data,"DAT_004c9f5c",undefined *
004c9f60,004c9f64,data,"DAT_004c9f60",undefined *
004c9f64,004c9f68,data,"DAT_004c9f64",undefined *
004c9f68,004c9f6c,data,"DAT_004c9f68",undefined *
004c9f6c,004c9f70,data,"PTR_StartCounter_004c9f6c",pointer
004c9f70,004c9f74,data,"PTR_StartCounter_004c9f70",undefined *
004c9f74,004c9f78,data,"DAT_004c9f74",undefined *
004c9f78,004c9f7c,data,"DAT_004c9f78",undefined *
004c9f7c,004c9f80,data,"DAT_004c9f7c",undefined *
004c9f80,004c9f84,data,"DAT_004c9f80",undefined *
004c9f84,004c9f88,data,"DAT_004c9f84",undefined *
004c9f88,004c9f8c,data,"DAT_004c9f88",undefined *
004c9f8c,004c9f90,data,"DAT_004c9f8c",undefined *
004c9f90,004c9f94,data,"DAT_004c9f90",undefined *
004c9f94,004c9f98,data,"PTR_FUN_004c9f94",undefined *
004c9f98,004c9f9c,data,"DAT_004c9f98",undefined *
004c9f9c,004c9fa0,data,"DAT_004c9f9c",undefined *
004c9fa0,004c9fa4,data,"DAT_004c9fa0",undefined *
004c9fa4,004c9fa8,data,"DAT_004c9fa4",undefined *
004c9fa8,004c9fac,data,"DAT_004c9fa8",undefined *
004c9fac,004c9fb0,data,"DAT_004c9fac",undefined *
004c9fb0,004c9fb4,data,"DAT_004c9fb0",undefined *
004c9fb4,004c9fb8,data,"DAT_004c9fb4",undefined *
004c9fb8,004c9fbc,data,"DAT_004c9fb8",undefined *
004c9fbc,004c9fc0,data,"DAT_004c9fbc",undefined *
004c9fc0,004c9fc4,data,"DAT_004c9fc0",undefined *
004c9fc4,004c9fc8,data,"PTR_FUN_004c9fc4",undefined *
004c9fc8,004c9fcc,data,"DAT_004c9fc8",undefined *
004c9fcc,004c9fd0,data,"DAT_004c9fcc",undefined *
004c9fd0,004c9fd4,data,"PTR_`scalar_deleting_destructor'_004c9fd0",undefined *
004c9fd4,004c9fd8,data,"DAT_004c9fd4",undefined *
004c9fd8,004c9fdc,data,"DAT_004c9fd8",undefined *
004c9fdc,004c9fe0,data,"PTR_FUN_004c9fdc",undefined *
004c9fe0,004c9fe4,data,"DAT_004c9fe0",undefined *
004c9fe4,004c9fe8,data,"DAT_004c9fe4",undefined *
004c9fe8,004c9fec,data,"DAT_004c9fe8",undefined *
004ca044,004ca048,data,"DAT_004ca044",undefined *
004ca048,004ca04c,data,"DAT_004ca048",undefined *
004ca04c,004ca050,data,"DAT_004ca04c",undefined *
004ca050,004ca054,data,"type_info::vftable",pointer
004ca058,004ca05c,data,"PTR_FUN_004ca058",pointer
004ca060,004ca072,data,"s_Unknown_exception_004ca060",string
004ca078,004ca07c,data,"DAT_004ca078",undefined4
004ca07c,004ca080,data,"DAT_004ca07c",undefined4
004ca0fe,004ca11c,data,"DAT_004ca0fe",string
004ca11c,004ca125,data,"s_KERNEL32_004ca11c",string
004ca128,004ca12e,data,"s_e+000_004ca128",string
004ca130,004ca148,data,"s___GLOBAL_HEAP_SELECTED_004ca130",string
004ca148,004ca15d,data,"s___MSVCRT_HEAP_SELECT_004ca148",string
004ca1bc,004ca1be,data,"DAT_004ca1bc",undefined2
004ca1be,004ca1ca,data,"u_null)_004ca1be",unicode
004ca1cc,004ca1cd,data,"DAT_004ca1cc",undefined1
004ca1cd,004ca1d3,data,"s_null)_004ca1cd",string
004ca24c,004ca254,data,"DAT_004ca24c",string
004ca304,004ca314,data,"DAT_004ca304",string
004ca314,004ca324,data,"DAT_004ca314",string
004ca324,004ca334,data,"DAT_004ca324",string
004ca334,004ca344,data,"DAT_004ca334",string
004ca344,004ca36c,data,"DAT_004ca344",string
004ca36c,004ca3a4,data,"DAT_004ca36c",string
004ca3a4,004ca3dc,data,"DAT_004ca3a4",string
004ca3dc,004ca404,data,"DAT_004ca3dc",string
004ca404,004ca43c,data,"DAT_004ca404",string
004ca43c,004ca468,data,"DAT_004ca43c",string
004ca468,004ca48c,data,"DAT_004ca468",string
004ca48c,004ca4bc,data,"DAT_004ca48c",string
004ca4bc,004ca4e8,data,"DAT_004ca4bc",string
004ca4e8,004ca50c,data,"DAT_004ca4e8",string
004ca50c,004ca538,data,"s_R6009_-_not_enough_space_for_env_004ca50c",string
004ca538,004ca564,data,"DAT_004ca538",string
004ca564,004ca58c,data,"DAT_004ca564",string
004ca58c,004ca5b1,data,"s_Microsoft_Visual_C++_Runtime_Lib_004ca58c",string
004ca5b8,004ca5d2,data,"s_Runtime_Error!_Program:_004ca5b8",string
004ca5d8,004ca5ef,data,"s_<program_name_unknown>_004ca5d8",string
004ca6f4,004ca70c,data,"DAT_004ca6f4",string
004ca70c,004ca734,data,"DAT_004ca70c",string
004ca738,004ca74b,data,"s_GetLastActivePopup_004ca738",string
004ca74c,004ca75c,data,"s_GetActiveWindow_004ca74c",string
004ca75c,004ca768,data,"s_MessageBoxA_004ca75c",string
004ca768,004ca773,data,"s_user32.dll_004ca768",string
004ca774,004ca77b,data,"s_1#QNAN_004ca774",string
004ca77c,004ca782,data,"s_1#INF_004ca77c",string
004ca784,004ca78a,data,"s_1#IND_004ca784",string
004ca78c,004ca793,data,"s_1#SNAN_004ca78c",string
004ca794,004ca79c,data,"s_H:mm:ss_004ca794",string
004ca79c,004ca7b0,data,"s_dddd,_MMMM_dd,_yyyy_004ca79c",string
004ca7b0,004ca7b7,data,"s_M/d/yy_004ca7b0",string
004ca7c0,004ca7c9,data,"s_December_004ca7c0",string
004ca7cc,004ca7d5,data,"s_November_004ca7cc",string
004ca7d8,004ca7e0,data,"s_October_004ca7d8",string
004ca7e0,004ca7ea,data,"s_September_004ca7e0",string
004ca7ec,004ca7f3,data,"s_August_004ca7ec",string
004ca804,004ca80a,data,"s_April_004ca804",string
004ca80c,004ca812,data,"s_March_004ca80c",string
004ca814,004ca81d,data,"s_February_004ca814",string
004ca820,004ca828,data,"s_January_004ca820",string
004ca858,004ca861,data,"s_Saturday_004ca858",string
004ca864,004ca86b,data,"s_Friday_004ca864",string
004ca86c,004ca875,data,"s_Thursday_004ca86c",string
004ca878,004ca882,data,"s_Wednesday_004ca878",string
004ca884,004ca88c,data,"s_Tuesday_004ca884",string
004ca88c,004ca893,data,"s_Monday_004ca88c",string
004ca894,004ca89b,data,"s_Sunday_004ca894",string
004ca8c8,004ca8cc,data,"DAT_004ca8c8",undefined *
004ca8cc,004ca8d0,data,"DAT_004ca8cc",undefined *
004ca8d0,004ca8d4,data,"PTR_RTTI_Type_Descriptor_004ca8d0",undefined *
004ca8e8,004ca8ec,data,"PTR_RTTI_Type_Descriptor_004ca8e8",pointer
004ca92c,004ca930,data,"DAT_004ca92c",undefined *
004ca930,004ca934,data,"DAT_004ca930",undefined *
004ca934,004ca938,data,"DAT_004ca934",undefined *
004ca968,004ca96c,data,"PTR_RTTI_Type_Descriptor_004ca968",pointer
004ca980,004ca984,data,"DAT_004ca980",undefined *
004ca984,004ca988,data,"DAT_004ca984",undefined *
004ca988,004ca98c,data,"DAT_004ca988",undefined *
004ca9b8,004ca9bc,data,"PTR_RTTI_Type_Descriptor_004ca9b8",pointer
004ca9d0,004ca9d4,data,"DAT_004ca9d0",undefined *
004ca9d4,004ca9d8,data,"DAT_004ca9d4",undefined *
004ca9d8,004ca9dc,data,"DAT_004ca9d8",undefined *
004ca9dc,004ca9e0,data,"DAT_004ca9dc",undefined *
004caa10,004caa14,data,"PTR_RTTI_Type_Descriptor_004caa10",pointer
004caa28,004caa2c,data,"PTR_RTTI_Type_Descriptor_004caa28",pointer
004caa40,004caa44,data,"DAT_004caa40",undefined *
004caa44,004caa48,data,"DAT_004caa44",undefined *
004caa48,004caa4c,data,"DAT_004caa48",undefined *
004caa4c,004caa50,data,"DAT_004caa4c",undefined *
004caa80,004caa84,data,"PTR_RTTI_Type_Descriptor_004caa80",pointer
004caa98,004caa9c,data,"PTR_RTTI_Type_Descriptor_004caa98",pointer
004caae8,004caaec,data,"DAT_004caae8",undefined *
004caaec,004caaf0,data,"DAT_004caaec",undefined *
004caaf0,004caaf4,data,"DAT_004caaf0",undefined *
004cab20,004cab24,data,"PTR_RTTI_Type_Descriptor_004cab20",pointer
004cab38,004cab3c,data,"DAT_004cab38",undefined *
004cab3c,004cab40,data,"DAT_004cab3c",undefined *
004cab40,004cab44,data,"DAT_004cab40",undefined *
004cab44,004cab48,data,"DAT_004cab44",undefined *
004cad84,004cad88,data,"DAT_004cad84",undefined *
004cad88,004cad8c,data,"DAT_004cad88",undefined *
004cad8c,004cad90,data,"DAT_004cad8c",undefined *
004cadc0,004caddc,data,"FuncInfo_004cadc0",FuncInfo
004cade0,004cadf8,data,"UnwindMapEntry_ARRAY_004cade0",UnwindMapEntry[3]
004cadf8,004cae14,data,"FuncInfo_004cadf8",FuncInfo
004cae18,004cae20,data,"UnwindMapEntry_004cae18",UnwindMapEntry
004cae20,004cae3c,data,"FuncInfo_004cae20",FuncInfo
004cae40,004cae50,data,"UnwindMapEntry_ARRAY_004cae40",UnwindMapEntry[2]
004cae50,004cae64,data,"TryBlockMapEntry_004cae50",TryBlockMapEntry
004cae68,004cae78,data,"HandlerType_004cae68",HandlerType
004cae78,004cae94,data,"FuncInfo_004cae78",FuncInfo
004cae98,004caef8,data,"UnwindMapEntry_ARRAY_004cae98",UnwindMapEntry[12]
004caef8,004caf14,data,"FuncInfo_004caef8",FuncInfo
004caf18,004caf78,data,"UnwindMapEntry_ARRAY_004caf18",UnwindMapEntry[12]
004caf78,004caf94,data,"FuncInfo_004caf78",FuncInfo
004caf98,004cafc0,data,"UnwindMapEntry_ARRAY_004caf98",UnwindMapEntry[5]
004cafc0,004cafdc,data,"FuncInfo_004cafc0",FuncInfo
004cafe0,004cafe8,data,"UnwindMapEntry_004cafe0",UnwindMapEntry
004cafe8,004cb004,data,"FuncInfo_004cafe8",FuncInfo
004cb008,004cb090,data,"UnwindMapEntry_ARRAY_004cb008",UnwindMapEntry[17]
004cb090,004cb0ac,data,"FuncInfo_004cb090",FuncInfo
004cb0b0,004cb0c0,data,"UnwindMapEntry_ARRAY_004cb0b0",UnwindMapEntry[2]
004cb0c0,004cb0dc,data,"FuncInfo_004cb0c0",FuncInfo
004cb0e0,004cb0f0,data,"UnwindMapEntry_ARRAY_004cb0e0",UnwindMapEntry[2]
004cb0f0,004cb10c,data,"FuncInfo_004cb0f0",FuncInfo
004cb110,004cb120,data,"UnwindMapEntry_ARRAY_004cb110",UnwindMapEntry[2]
004cb120,004cb13c,data,"FuncInfo_004cb120",FuncInfo
004cb140,004cb188,data,"UnwindMapEntry_ARRAY_004cb140",UnwindMapEntry[9]
004cb20c,004cb210,data,"DAT_004cb20c",undefined *
004cb210,004cb214,data,"DAT_004cb210",undefined *
004cb214,004cb218,data,"DAT_004cb214",undefined *
004cb218,004cb21c,data,"DAT_004cb218",undefined *
004cb230,004cb24c,data,"FuncInfo_004cb230",FuncInfo
004cb250,004cb270,data,"UnwindMapEntry_ARRAY_004cb250",UnwindMapEntry[4]
004cb270,004cb28c,data,"FuncInfo_004cb270",FuncInfo
004cb290,004cb2e8,data,"UnwindMapEntry_ARRAY_004cb290",UnwindMapEntry[11]
004cb2e8,004cb304,data,"FuncInfo_004cb2e8",FuncInfo
004cb308,004cb318,data,"UnwindMapEntry_ARRAY_004cb308",UnwindMapEntry[2]
004cb318,004cb334,data,"FuncInfo_004cb318",FuncInfo
004cb338,004cb398,data,"UnwindMapEntry_ARRAY_004cb338",UnwindMapEntry[12]
004cb398,004cb3b4,data,"FuncInfo_004cb398",FuncInfo
004cb3b8,004cb3d8,data,"UnwindMapEntry_ARRAY_004cb3b8",UnwindMapEntry[4]
004cb3d8,004cb3f4,data,"FuncInfo_004cb3d8",FuncInfo
004cb3f8,004cb400,data,"UnwindMapEntry_004cb3f8",UnwindMapEntry
004cb400,004cb41c,data,"FuncInfo_004cb400",FuncInfo
004cb420,004cb448,data,"UnwindMapEntry_ARRAY_004cb420",UnwindMapEntry[5]
004cb448,004cb464,data,"FuncInfo_004cb448",FuncInfo
004cb468,004cb4b8,data,"UnwindMapEntry_ARRAY_004cb468",UnwindMapEntry[10]
004cb4b8,004cb4d4,data,"FuncInfo_004cb4b8",FuncInfo
004cb4d8,004cb4f8,data,"UnwindMapEntry_ARRAY_004cb4d8",UnwindMapEntry[4]
004cb4f8,004cb514,data,"FuncInfo_004cb4f8",FuncInfo
004cb518,004cb538,data,"UnwindMapEntry_ARRAY_004cb518",UnwindMapEntry[4]
004cb538,004cb554,data,"FuncInfo_004cb538",FuncInfo
004cb558,004cb570,data,"UnwindMapEntry_ARRAY_004cb558",UnwindMapEntry[3]
004cb570,004cb58c,data,"FuncInfo_004cb570",FuncInfo
004cb590,004cb5a0,data,"UnwindMapEntry_ARRAY_004cb590",UnwindMapEntry[2]
004cb5a0,004cb5bc,data,"FuncInfo_004cb5a0",FuncInfo
004cb5c0,004cb5d0,data,"UnwindMapEntry_ARRAY_004cb5c0",UnwindMapEntry[2]
004cb5d0,004cb5e4,data,"TryBlockMapEntry_004cb5d0",TryBlockMapEntry
004cb5e8,004cb5f8,data,"HandlerType_004cb5e8",HandlerType
004cb5f8,004cb614,data,"FuncInfo_004cb5f8",FuncInfo
004cb618,004cb628,data,"UnwindMapEntry_ARRAY_004cb618",UnwindMapEntry[2]
004cb628,004cb644,data,"FuncInfo_004cb628",FuncInfo
004cb648,004cb678,data,"UnwindMapEntry_ARRAY_004cb648",UnwindMapEntry[6]
004cb678,004cb694,data,"FuncInfo_004cb678",FuncInfo
004cb698,004cb6e8,data,"UnwindMapEntry_ARRAY_004cb698",UnwindMapEntry[10]
004cb6e8,004cb704,data,"FuncInfo_004cb6e8",FuncInfo
004cb708,004cb750,data,"UnwindMapEntry_ARRAY_004cb708",UnwindMapEntry[9]
004cb750,004cb76c,data,"FuncInfo_004cb750",FuncInfo
004cb770,004cb778,data,"UnwindMapEntry_004cb770",UnwindMapEntry
004cb778,004cb794,data,"FuncInfo_004cb778",FuncInfo
004cb798,004cb7a8,data,"UnwindMapEntry_ARRAY_004cb798",UnwindMapEntry[2]
004cb7a8,004cb7bc,data,"TryBlockMapEntry_004cb7a8",TryBlockMapEntry
004cb7c0,004cb7d0,data,"HandlerType_004cb7c0",HandlerType
004cb7d0,004cb7ec,data,"FuncInfo_004cb7d0",FuncInfo
004cb7f0,004cb810,data,"UnwindMapEntry_ARRAY_004cb7f0",UnwindMapEntry[4]
004cb810,004cb82c,data,"FuncInfo_004cb810",FuncInfo
004cb830,004cb850,data,"UnwindMapEntry_ARRAY_004cb830",UnwindMapEntry[4]
004cb850,004cb86c,data,"FuncInfo_004cb850",FuncInfo
004cb870,004cb878,data,"UnwindMapEntry_004cb870",UnwindMapEntry
004cb878,004cb894,data,"FuncInfo_004cb878",FuncInfo
004cb898,004cb8b0,data,"UnwindMapEntry_ARRAY_004cb898",UnwindMapEntry[3]
004cb8b0,004cb8cc,data,"FuncInfo_004cb8b0",FuncInfo
004cb8d0,004cb8e8,data,"UnwindMapEntry_ARRAY_004cb8d0",UnwindMapEntry[3]
004cb8e8,004cb904,data,"FuncInfo_004cb8e8",FuncInfo
004cb908,004cb920,data,"UnwindMapEntry_ARRAY_004cb908",UnwindMapEntry[3]
004cb920,004cb93c,data,"FuncInfo_004cb920",FuncInfo
004cb940,004cb958,data,"UnwindMapEntry_ARRAY_004cb940",UnwindMapEntry[3]
004cb958,004cb974,data,"FuncInfo_004cb958",FuncInfo
004cb978,004cb990,data,"UnwindMapEntry_ARRAY_004cb978",UnwindMapEntry[3]
004cb990,004cb9ac,data,"FuncInfo_004cb990",FuncInfo
004cb9b0,004cb9e0,data,"UnwindMapEntry_ARRAY_004cb9b0",UnwindMapEntry[6]
004cb9e0,004cb9fc,data,"FuncInfo_004cb9e0",FuncInfo
004cba00,004cba30,data,"UnwindMapEntry_ARRAY_004cba00",UnwindMapEntry[6]
004cba30,004cba4c,data,"FuncInfo_004cba30",FuncInfo
004cba50,004cba80,data,"UnwindMapEntry_ARRAY_004cba50",UnwindMapEntry[6]
004cba80,004cba9c,data,"FuncInfo_004cba80",FuncInfo
004cbaa0,004cbaa8,data,"UnwindMapEntry_004cbaa0",UnwindMapEntry
004cbaa8,004cbac4,data,"FuncInfo_004cbaa8",FuncInfo
004cbac8,004cbad8,data,"UnwindMapEntry_ARRAY_004cbac8",UnwindMapEntry[2]
004cbad8,004cbaf4,data,"FuncInfo_004cbad8",FuncInfo
004cbaf8,004cbb00,data,"UnwindMapEntry_004cbaf8",UnwindMapEntry
004cbb00,004cbb1c,data,"FuncInfo_004cbb00",FuncInfo
004cbb20,004cbb28,data,"UnwindMapEntry_004cbb20",UnwindMapEntry
004cbb28,004cbb44,data,"FuncInfo_004cbb28",FuncInfo
004cbb48,004cbb50,data,"UnwindMapEntry_004cbb48",UnwindMapEntry
004cbb50,004cbb6c,data,"FuncInfo_004cbb50",FuncInfo
004cbb70,004cbb78,data,"UnwindMapEntry_004cbb70",UnwindMapEntry
004cbb78,004cbb94,data,"FuncInfo_004cbb78",FuncInfo
004cbb98,004cbbb0,data,"UnwindMapEntry_ARRAY_004cbb98",UnwindMapEntry[3]
004cbbb0,004cbbcc,data,"FuncInfo_004cbbb0",FuncInfo
004cbbd0,004cbbe8,data,"UnwindMapEntry_ARRAY_004cbbd0",UnwindMapEntry[3]
004cbbe8,004cbc04,data,"FuncInfo_004cbbe8",FuncInfo
004cbc08,004cbc20,data,"UnwindMapEntry_ARRAY_004cbc08",UnwindMapEntry[3]
004cbc20,004cbc3c,data,"FuncInfo_004cbc20",FuncInfo
004cbc40,004cbc70,data,"UnwindMapEntry_ARRAY_004cbc40",UnwindMapEntry[6]
004cbc70,004cbc84,data,"TryBlockMapEntry_004cbc70",TryBlockMapEntry
004cbc88,004cbc98,data,"HandlerType_004cbc88",HandlerType
004cbc98,004cbcb4,data,"FuncInfo_004cbc98",FuncInfo
004cbcb8,004cbcd0,data,"UnwindMapEntry_ARRAY_004cbcb8",UnwindMapEntry[3]
004cbcd0,004cbcec,data,"FuncInfo_004cbcd0",FuncInfo
004cbcf0,004cbd08,data,"UnwindMapEntry_ARRAY_004cbcf0",UnwindMapEntry[3]
004cbd08,004cbd24,data,"FuncInfo_004cbd08",FuncInfo
004cbd28,004cbd48,data,"UnwindMapEntry_ARRAY_004cbd28",UnwindMapEntry[4]
004cbd48,004cbd5c,data,"TryBlockMapEntry_004cbd48",TryBlockMapEntry
004cbd60,004cbd70,data,"HandlerType_004cbd60",HandlerType
004cbd70,004cbd8c,data,"FuncInfo_004cbd70",FuncInfo
004cbd90,004cbdb0,data,"UnwindMapEntry_ARRAY_004cbd90",UnwindMapEntry[4]
004cbdb0,004cbdc4,data,"TryBlockMapEntry_004cbdb0",TryBlockMapEntry
004cbdc8,004cbdd8,data,"HandlerType_004cbdc8",HandlerType
004cbdd8,004cbdf4,data,"FuncInfo_004cbdd8",FuncInfo
004cbdf8,004cbe18,data,"UnwindMapEntry_ARRAY_004cbdf8",UnwindMapEntry[4]
004cbe18,004cbe2c,data,"TryBlockMapEntry_004cbe18",TryBlockMapEntry
004cbe30,004cbe40,data,"HandlerType_004cbe30",HandlerType
004cbe40,004cbe5c,data,"FuncInfo_004cbe40",FuncInfo
004cbe60,004cbe80,data,"UnwindMapEntry_ARRAY_004cbe60",UnwindMapEntry[4]
004cbe80,004cbe94,data,"TryBlockMapEntry_004cbe80",TryBlockMapEntry
004cbe98,004cbea8,data,"HandlerType_004cbe98",HandlerType
004cbea8,004cbec4,data,"FuncInfo_004cbea8",FuncInfo
004cbec8,004cbee8,data,"UnwindMapEntry_ARRAY_004cbec8",UnwindMapEntry[4]
004cbee8,004cbefc,data,"TryBlockMapEntry_004cbee8",TryBlockMapEntry
004cbf00,004cbf10,data,"HandlerType_004cbf00",HandlerType
004cbf10,004cbf2c,data,"FuncInfo_004cbf10",FuncInfo
004cbf30,004cbf50,data,"UnwindMapEntry_ARRAY_004cbf30",UnwindMapEntry[4]
004cbf50,004cbf64,data,"TryBlockMapEntry_004cbf50",TryBlockMapEntry
004cbf68,004cbf78,data,"HandlerType_004cbf68",HandlerType
004cbf78,004cbf94,data,"FuncInfo_004cbf78",FuncInfo
004cbf98,004cbfa0,data,"UnwindMapEntry_004cbf98",UnwindMapEntry
004cbfe0,004cbffc,data,"FuncInfo_004cbfe0",FuncInfo
004cc000,004cc038,data,"UnwindMapEntry_ARRAY_004cc000",UnwindMapEntry[7]
004cc038,004cc054,data,"FuncInfo_004cc038",FuncInfo
004cc058,004cc068,data,"UnwindMapEntry_ARRAY_004cc058",UnwindMapEntry[2]
004cc068,004cc084,data,"FuncInfo_004cc068",FuncInfo
004cc088,004cc0b0,data,"UnwindMapEntry_ARRAY_004cc088",UnwindMapEntry[5]
004cc0b0,004cc0cc,data,"FuncInfo_004cc0b0",FuncInfo
004cc0d0,004cc0d8,data,"UnwindMapEntry_004cc0d0",UnwindMapEntry
004cc0d8,004cc0f4,data,"FuncInfo_004cc0d8",FuncInfo
004cc0f8,004cc100,data,"UnwindMapEntry_004cc0f8",UnwindMapEntry
004cc100,004cc11c,data,"FuncInfo_004cc100",FuncInfo
004cc120,004cc158,data,"UnwindMapEntry_ARRAY_004cc120",UnwindMapEntry[7]
004cc198,004cc1b4,data,"FuncInfo_004cc198",FuncInfo
004cc1b8,004cc1f0,data,"UnwindMapEntry_ARRAY_004cc1b8",UnwindMapEntry[7]
004cc1f0,004cc20c,data,"FuncInfo_004cc1f0",FuncInfo
004cc210,004cc220,data,"UnwindMapEntry_ARRAY_004cc210",UnwindMapEntry[2]
004cc220,004cc23c,data,"FuncInfo_004cc220",FuncInfo
004cc240,004cc268,data,"UnwindMapEntry_ARRAY_004cc240",UnwindMapEntry[5]
004cc268,004cc284,data,"FuncInfo_004cc268",FuncInfo
004cc288,004cc2c0,data,"UnwindMapEntry_ARRAY_004cc288",UnwindMapEntry[7]
004cc2c0,004cc2dc,data,"FuncInfo_004cc2c0",FuncInfo
004cc2e0,004cc320,data,"UnwindMapEntry_ARRAY_004cc2e0",UnwindMapEntry[8]
004cc320,004cc33c,data,"FuncInfo_004cc320",FuncInfo
004cc340,004cc3a0,data,"UnwindMapEntry_ARRAY_004cc340",UnwindMapEntry[12]
004cc3a0,004cc3bc,data,"FuncInfo_004cc3a0",FuncInfo
004cc3c0,004cc3c8,data,"UnwindMapEntry_004cc3c0",UnwindMapEntry
004cc3c8,004cc3e4,data,"FuncInfo_004cc3c8",FuncInfo
004cc3e8,004cc3f0,data,"UnwindMapEntry_004cc3e8",UnwindMapEntry
004cc3f0,004cc40c,data,"FuncInfo_004cc3f0",FuncInfo
004cc410,004cc420,data,"UnwindMapEntry_ARRAY_004cc410",UnwindMapEntry[2]
004cc420,004cc43c,data,"FuncInfo_004cc420",FuncInfo
004cc440,004cc498,data,"UnwindMapEntry_ARRAY_004cc440",UnwindMapEntry[11]
004cc498,004cc4b4,data,"FuncInfo_004cc498",FuncInfo
004cc4b8,004cc550,data,"UnwindMapEntry_ARRAY_004cc4b8",UnwindMapEntry[19]
004cc550,004cc56c,data,"FuncInfo_004cc550",FuncInfo
004cc570,004cc580,data,"UnwindMapEntry_ARRAY_004cc570",UnwindMapEntry[2]
004cc580,004cc59c,data,"FuncInfo_004cc580",FuncInfo
004cc5a0,004cc5a8,data,"UnwindMapEntry_004cc5a0",UnwindMapEntry
004cc5a8,004cc5c4,data,"FuncInfo_004cc5a8",FuncInfo
004cc5c8,004cc5d0,data,"UnwindMapEntry_004cc5c8",UnwindMapEntry
004cc5d0,004cc5ec,data,"FuncInfo_004cc5d0",FuncInfo
004cc5f0,004cc5f8,data,"UnwindMapEntry_004cc5f0",UnwindMapEntry
004cc5f8,004cc614,data,"FuncInfo_004cc5f8",FuncInfo
004cc618,004cc620,data,"UnwindMapEntry_004cc618",UnwindMapEntry
004cc620,004cc63c,data,"FuncInfo_004cc620",FuncInfo
004cc640,004cc648,data,"UnwindMapEntry_004cc640",UnwindMapEntry
004cc648,004cc664,data,"FuncInfo_004cc648",FuncInfo
004cc668,004cc670,data,"UnwindMapEntry_004cc668",UnwindMapEntry
004cc670,004cc68c,data,"FuncInfo_004cc670",FuncInfo
004cc690,004cc698,data,"UnwindMapEntry_004cc690",UnwindMapEntry
004cc698,004cc6b4,data,"FuncInfo_004cc698",FuncInfo
004cc6b8,004cc6c0,data,"UnwindMapEntry_004cc6b8",UnwindMapEntry
004cc6c0,004cc6dc,data,"FuncInfo_004cc6c0",FuncInfo
004cc6e0,004cc708,data,"UnwindMapEntry_ARRAY_004cc6e0",UnwindMapEntry[5]
004cc708,004cc724,data,"FuncInfo_004cc708",FuncInfo
004cc728,004cc788,data,"UnwindMapEntry_ARRAY_004cc728",UnwindMapEntry[12]
004cc788,004cc7a4,data,"FuncInfo_004cc788",FuncInfo
004cc7a8,004cc7e0,data,"UnwindMapEntry_ARRAY_004cc7a8",UnwindMapEntry[7]
004cc7e0,004cc7fc,data,"FuncInfo_004cc7e0",FuncInfo
004cc800,004cc838,data,"UnwindMapEntry_ARRAY_004cc800",UnwindMapEntry[7]
004cc838,004cc854,data,"FuncInfo_004cc838",FuncInfo
004cc858,004cc870,data,"UnwindMapEntry_ARRAY_004cc858",UnwindMapEntry[3]
004cc870,004cc88c,data,"FuncInfo_004cc870",FuncInfo
004cc890,004cc898,data,"UnwindMapEntry_004cc890",UnwindMapEntry
004cc898,004cc8b4,data,"FuncInfo_004cc898",FuncInfo
004cc8b8,004cc8d0,data,"UnwindMapEntry_ARRAY_004cc8b8",UnwindMapEntry[3]
004cc8d0,004cc8ec,data,"FuncInfo_004cc8d0",FuncInfo
004cc8f0,004cc970,data,"UnwindMapEntry_ARRAY_004cc8f0",UnwindMapEntry[16]
004cc970,004cc98c,data,"FuncInfo_004cc970",FuncInfo
004cc990,004cca60,data,"UnwindMapEntry_ARRAY_004cc990",UnwindMapEntry[26]
004cca60,004cca7c,data,"FuncInfo_004cca60",FuncInfo
004cca80,004cca98,data,"UnwindMapEntry_ARRAY_004cca80",UnwindMapEntry[3]
004cca98,004ccab4,data,"FuncInfo_004cca98",FuncInfo
004ccab8,004ccb40,data,"UnwindMapEntry_ARRAY_004ccab8",UnwindMapEntry[17]
004ccb40,004ccb5c,data,"FuncInfo_004ccb40",FuncInfo
004ccb60,004ccba8,data,"UnwindMapEntry_ARRAY_004ccb60",UnwindMapEntry[9]
004ccba8,004ccbbc,data,"TryBlockMapEntry_004ccba8",TryBlockMapEntry
004ccbc0,004ccbd0,data,"HandlerType_004ccbc0",HandlerType
004ccbd0,004ccbec,data,"FuncInfo_004ccbd0",FuncInfo
004ccbf0,004ccc18,data,"UnwindMapEntry_ARRAY_004ccbf0",UnwindMapEntry[5]
004ccc18,004ccc2c,data,"TryBlockMapEntry_004ccc18",TryBlockMapEntry
004ccc30,004ccc40,data,"HandlerType_004ccc30",HandlerType
004ccc40,004ccc5c,data,"FuncInfo_004ccc40",FuncInfo
004ccc60,004ccca0,data,"UnwindMapEntry_ARRAY_004ccc60",UnwindMapEntry[8]
004ccca0,004cccb4,data,"TryBlockMapEntry_004ccca0",TryBlockMapEntry
004cccb8,004cccc8,data,"HandlerType_004cccb8",HandlerType
004cccc8,004ccce4,data,"FuncInfo_004cccc8",FuncInfo
004ccce8,004ccd08,data,"UnwindMapEntry_ARRAY_004ccce8",UnwindMapEntry[4]
004ccd08,004ccd24,data,"FuncInfo_004ccd08",FuncInfo
004ccd28,004ccd50,data,"UnwindMapEntry_ARRAY_004ccd28",UnwindMapEntry[5]
004ccd50,004ccd6c,data,"FuncInfo_004ccd50",FuncInfo
004ccd70,004ccd98,data,"UnwindMapEntry_ARRAY_004ccd70",UnwindMapEntry[5]
004ccd98,004ccdb4,data,"FuncInfo_004ccd98",FuncInfo
004ccdb8,004ccde8,data,"UnwindMapEntry_ARRAY_004ccdb8",UnwindMapEntry[6]
004ccde8,004cce04,data,"FuncInfo_004ccde8",FuncInfo
004cce08,004cce48,data,"UnwindMapEntry_ARRAY_004cce08",UnwindMapEntry[8]
004cce48,004cce64,data,"FuncInfo_004cce48",FuncInfo
004cce68,004cceb0,data,"UnwindMapEntry_ARRAY_004cce68",UnwindMapEntry[9]
004cceb0,004ccecc,data,"FuncInfo_004cceb0",FuncInfo
004cced0,004ccee0,data,"UnwindMapEntry_ARRAY_004cced0",UnwindMapEntry[2]
004ccee0,004ccefc,data,"FuncInfo_004ccee0",FuncInfo
004ccf00,004ccf20,data,"UnwindMapEntry_ARRAY_004ccf00",UnwindMapEntry[4]
004ccf20,004ccf3c,data,"FuncInfo_004ccf20",FuncInfo
004ccf40,004ccf88,data,"UnwindMapEntry_ARRAY_004ccf40",UnwindMapEntry[9]
004ccf88,004ccfa4,data,"FuncInfo_004ccf88",FuncInfo
004ccfa8,004ccfe0,data,"UnwindMapEntry_ARRAY_004ccfa8",UnwindMapEntry[7]
004ccfe0,004ccffc,data,"FuncInfo_004ccfe0",FuncInfo
004cd000,004cd028,data,"UnwindMapEntry_ARRAY_004cd000",UnwindMapEntry[5]
004cd028,004cd030,data,"UnwindMapEntry_004cd028",UnwindMapEntry
004cd030,004cd04c,data,"FuncInfo_004cd030",FuncInfo
004cd04c,004cd054,data,"UnwindMapEntry_004cd04c",UnwindMapEntry
004cd054,004cd070,data,"FuncInfo_004cd054",FuncInfo
004cd070,004cd080,data,"UnwindMapEntry_ARRAY_004cd070",UnwindMapEntry[2]
004cd080,004cd09c,data,"FuncInfo_004cd080",FuncInfo
004cd09c,004cd0ac,data,"UnwindMapEntry_ARRAY_004cd09c",UnwindMapEntry[2]
004cd0ac,004cd0c8,data,"FuncInfo_004cd0ac",FuncInfo
004cd0c8,004cd0d8,data,"UnwindMapEntry_ARRAY_004cd0c8",UnwindMapEntry[2]
004cd0d8,004cd0f4,data,"FuncInfo_004cd0d8",FuncInfo
004cd0f4,004cd0fc,data,"UnwindMapEntry_004cd0f4",UnwindMapEntry
004cd0fc,004cd118,data,"FuncInfo_004cd0fc",FuncInfo
004cd118,004cd120,data,"UnwindMapEntry_004cd118",UnwindMapEntry
004cd120,004cd13c,data,"FuncInfo_004cd120",FuncInfo
004cd13c,004cd14c,data,"UnwindMapEntry_ARRAY_004cd13c",UnwindMapEntry[2]
004cd14c,004cd168,data,"FuncInfo_004cd14c",FuncInfo
004cd168,004cd170,data,"UnwindMapEntry_004cd168",UnwindMapEntry
004cd170,004cd18c,data,"FuncInfo_004cd170",FuncInfo
004cd18c,004cd19c,data,"UnwindMapEntry_ARRAY_004cd18c",UnwindMapEntry[2]
004cd19c,004cd1b8,data,"FuncInfo_004cd19c",FuncInfo
004cd1b8,004cd1e0,data,"UnwindMapEntry_ARRAY_004cd1b8",UnwindMapEntry[5]
004cd1e0,004cd1fc,data,"FuncInfo_004cd1e0",FuncInfo
004cd1fc,004cd204,data,"UnwindMapEntry_004cd1fc",UnwindMapEntry
004cd204,004cd220,data,"FuncInfo_004cd204",FuncInfo
004cd220,004cd228,data,"UnwindMapEntry_004cd220",UnwindMapEntry
004cd228,004cd244,data,"FuncInfo_004cd228",FuncInfo
004cd244,004cd25c,data,"UnwindMapEntry_ARRAY_004cd244",UnwindMapEntry[3]
004cd25c,004cd278,data,"FuncInfo_004cd25c",FuncInfo
004cd278,004cd280,data,"UnwindMapEntry_004cd278",UnwindMapEntry
004cd280,004cd29c,data,"FuncInfo_004cd280",FuncInfo
004cd29c,004cd2a4,data,"UnwindMapEntry_004cd29c",UnwindMapEntry
004cd2a4,004cd2c0,data,"FuncInfo_004cd2a4",FuncInfo
004cd2c0,004cd2c8,data,"UnwindMapEntry_004cd2c0",UnwindMapEntry
004cd2c8,004cd2e4,data,"FuncInfo_004cd2c8",FuncInfo
004cd2e4,004cd2ec,data,"UnwindMapEntry_004cd2e4",UnwindMapEntry
004cd2ec,004cd308,data,"FuncInfo_004cd2ec",FuncInfo
004cd308,004cd310,data,"UnwindMapEntry_004cd308",UnwindMapEntry
004cd310,004cd32c,data,"FuncInfo_004cd310",FuncInfo
004cd32c,004cd33c,data,"UnwindMapEntry_ARRAY_004cd32c",UnwindMapEntry[2]
004cd33c,004cd358,data,"FuncInfo_004cd33c",FuncInfo
004cd358,004cd360,data,"UnwindMapEntry_004cd358",UnwindMapEntry
004cd360,004cd37c,data,"FuncInfo_004cd360",FuncInfo
004cd37c,004cd380,data,"DWORD_004cd37c",dword
004cd380,004cd384,data,"DAT_004cd380",dword
004cd384,004cd388,data,"DAT_004cd384",dword
004cd388,004cd38c,data,"DAT_004cd388",dword
004cd38c,004cd390,data,"DAT_004cd38c",dword
004cd390,004cd394,data,"DAT_004cd390",dword
004cd394,004cd398,data,"DAT_004cd394",dword
004cd398,004cd39c,data,"DAT_004cd398",dword
004cd39c,004cd3a0,data,"DAT_004cd39c",dword
004cd3a0,004cd3a4,data,"DAT_004cd3a0",dword
004cd3a4,004cd3a8,data,"DAT_004cd3a4",dword
004cd3a8,004cd3ac,data,"DAT_004cd3a8",dword
004cd3ac,004cd3b0,data,"DAT_004cd3ac",dword
004cd3b0,004cd3b4,data,"DAT_004cd3b0",dword
004cd3b4,004cd3b8,data,"DAT_004cd3b4",dword
004cd3b8,004cd3bc,data,"DAT_004cd3b8",dword
004cd3bc,004cd3c0,data,"DAT_004cd3bc",dword
004cd3c0,004cd3c4,data,"DAT_004cd3c0",dword
004cd3c4,004cd3c8,data,"DAT_004cd3c4",dword
004cd3c8,004cd3cc,data,"DAT_004cd3c8",dword
004cd3cc,004cd3d0,data,"DAT_004cd3cc",dword
004cd3d0,004cd3d4,data,"DAT_004cd3d0",dword
004cd3d4,004cd3d8,data,"DAT_004cd3d4",dword
004cd3d8,004cd3dc,data,"DAT_004cd3d8",dword
004cd3dc,004cd3e0,data,"DAT_004cd3dc",dword
004cd3e0,004cd3e4,data,"DAT_004cd3e0",dword
004cd3e4,004cd3e8,data,"DAT_004cd3e4",dword
004cd3e8,004cd3ec,data,"DAT_004cd3e8",dword
004cd3ec,004cd3f0,data,"DAT_004cd3ec",dword
004cd3f0,004cd3f4,data,"DAT_004cd3f0",dword
004cd3f4,004cd3f8,data,"DAT_004cd3f4",dword
004cd3f8,004cd3fc,data,"DAT_004cd3f8",dword
004cd3fc,004cd400,data,"DAT_004cd3fc",dword
004cd400,004cd404,data,"DAT_004cd400",dword
004cd404,004cd408,data,"DAT_004cd404",dword
004cd408,004cd40c,data,"DAT_004cd408",dword
004cd40c,004cd410,data,"DAT_004cd40c",dword
004cd410,004cd414,data,"DAT_004cd410",dword
004cd414,004cd418,data,"DAT_004cd414",dword
004cd418,004cd41c,data,"DAT_004cd418",dword
004cd430,004cd434,data,"DAT_004cd430",dword
004cd438,004cd43c,data,"DAT_004cd438",dword
004cd43c,004cd440,data,"DAT_004cd43c",dword
004cd440,004cd444,data,"DAT_004cd440",dword
004cd444,004cd448,data,"DAT_004cd444",dword
004cd448,004cd44c,data,"DAT_004cd448",dword
004cd44c,004cd450,data,"DAT_004cd44c",dword
004cd450,004cd454,data,"DAT_004cd450",dword
004cd454,004cd458,data,"DAT_004cd454",dword
004cd458,004cd45c,data,"DAT_004cd458",dword
004cd45c,004cd460,data,"DAT_004cd45c",dword
004cd460,004cd464,data,"DAT_004cd460",dword
004cd464,004cd468,data,"DAT_004cd464",dword
004cd468,004cd46c,data,"DAT_004cd468",dword
004cd46c,004cd470,data,"DAT_004cd46c",dword
004cd470,004cd474,data,"DAT_004cd470",dword
004cd478,004cd47c,data,"DAT_004cd478",dword
004cd47c,004cd480,data,"DAT_004cd47c",dword
004cd480,004cd484,data,"DAT_004cd480",dword
004cd484,004cd488,data,"DAT_004cd484",dword
004cd488,004cd48c,data,"DAT_004cd488",dword
004cd48c,004cd490,data,"DAT_004cd48c",dword
004cd490,004cd494,data,"DAT_004cd490",dword
004cd494,004cd498,data,"DAT_004cd494",dword
004cd498,004cd49c,data,"DAT_004cd498",dword
004cd49c,004cd4a0,data,"DAT_004cd49c",dword
004cd4a0,004cd4a4,data,"DAT_004cd4a0",dword
004cd4a4,004cd4a8,data,"DAT_004cd4a4",dword
004cd4a8,004cd4ac,data,"DAT_004cd4a8",dword
004cd4ac,004cd4b0,data,"DAT_004cd4ac",dword
004cd4b0,004cd4b4,data,"DAT_004cd4b0",dword
004cd4b4,004cd4b8,data,"DAT_004cd4b4",dword
004cd4b8,004cd4bc,data,"DAT_004cd4b8",dword
004cd4bc,004cd4c0,data,"DAT_004cd4bc",dword
004cd4c0,004cd4c4,data,"DAT_004cd4c0",dword
004cd4c4,004cd4c8,data,"DAT_004cd4c4",dword
004cd4c8,004cd4cc,data,"DAT_004cd4c8",dword
004cd4cc,004cd4d0,data,"DAT_004cd4cc",dword
004cd4d0,004cd4d4,data,"DAT_004cd4d0",dword
004cd4d4,004cd4d8,data,"DAT_004cd4d4",dword
004cd4d8,004cd4dc,data,"DAT_004cd4d8",dword
004cd4dc,004cd4e0,data,"DAT_004cd4dc",dword
004cd4e0,004cd4e4,data,"DAT_004cd4e0",dword
004cd4e4,004cd4e8,data,"DAT_004cd4e4",dword
004cd4e8,004cd4ec,data,"DAT_004cd4e8",dword
004cd4ec,004cd4f0,data,"DAT_004cd4ec",dword
004cd4f0,004cd4f4,data,"DAT_004cd4f0",dword
004cd4f4,004cd4f8,data,"DAT_004cd4f4",dword
004cd4f8,004cd4fc,data,"DAT_004cd4f8",dword
004cd4fc,004cd500,data,"DAT_004cd4fc",dword
004cd500,004cd504,data,"DAT_004cd500",dword
004cd504,004cd508,data,"DAT_004cd504",dword
004cd508,004cd50c,data,"DAT_004cd508",dword
004cd50c,004cd510,data,"DAT_004cd50c",dword
004cd510,004cd514,data,"DAT_004cd510",dword
004cd514,004cd518,data,"DAT_004cd514",dword
004cd518,004cd51c,data,"DAT_004cd518",dword
004cd51c,004cd520,data,"DAT_004cd51c",dword
004cd520,004cd524,data,"DAT_004cd520",dword
004cd524,004cd528,data,"DAT_004cd524",dword
004cd528,004cd52c,data,"DAT_004cd528",dword
004cd52c,004cd530,data,"DAT_004cd52c",dword
004cd530,004cd534,data,"DAT_004cd530",dword
004cd534,004cd538,data,"DAT_004cd534",dword
004cd538,004cd53c,data,"DAT_004cd538",dword
004cd53c,004cd540,data,"DAT_004cd53c",dword
004cd540,004cd544,data,"DAT_004cd540",dword
004cd544,004cd548,data,"DAT_004cd544",dword
004cd548,004cd54c,data,"DAT_004cd548",dword
004cd54c,004cd550,data,"DAT_004cd54c",dword
004cd550,004cd554,data,"DAT_004cd550",dword
004cd554,004cd558,data,"DAT_004cd554",dword
004cd558,004cd55c,data,"DAT_004cd558",dword
004cd55c,004cd560,data,"DAT_004cd55c",dword
004cd560,004cd564,data,"DAT_004cd560",dword
004cd564,004cd568,data,"DAT_004cd564",dword
004cd568,004cd56c,data,"DAT_004cd568",dword
004cd56c,004cd570,data,"DAT_004cd56c",dword
004cd570,004cd574,data,"DAT_004cd570",dword
004cd574,004cd578,data,"DAT_004cd574",dword
004cd578,004cd57c,data,"DAT_004cd578",dword
004cd57c,004cd580,data,"DAT_004cd57c",dword
004cd580,004cd584,data,"DAT_004cd580",dword
004cd584,004cd588,data,"DAT_004cd584",dword
004cd588,004cd58c,data,"DAT_004cd588",dword
004cd58c,004cd590,data,"DAT_004cd58c",dword
004cd590,004cd594,data,"DAT_004cd590",dword
004cd594,004cd598,data,"DAT_004cd594",dword
004cd598,004cd59c,data,"DAT_004cd598",dword
004cd59c,004cd5a0,data,"DAT_004cd59c",dword
004cd5a0,004cd5a4,data,"DAT_004cd5a0",dword
004cd5a4,004cd5a8,data,"DAT_004cd5a4",dword
004cd5a8,004cd5ac,data,"DAT_004cd5a8",dword
004cd5ac,004cd5b0,data,"DAT_004cd5ac",dword
004cd5b0,004cd5b4,data,"DAT_004cd5b0",dword
004cd5b4,004cd5b8,data,"DAT_004cd5b4",dword
004cd5b8,004cd5bc,data,"DAT_004cd5b8",dword
004cd5bc,004cd5c0,data,"DAT_004cd5bc",dword
004cd5c0,004cd5c4,data,"DAT_004cd5c0",dword
004cd5c4,004cd5c8,data,"DAT_004cd5c4",dword
004cd5c8,004cd5cc,data,"DAT_004cd5c8",dword
004cd5cc,004cd5d0,data,"DAT_004cd5cc",dword
004cd5d0,004cd5d4,data,"DAT_004cd5d0",dword
004cd5d4,004cd5d8,data,"DAT_004cd5d4",dword
004cd5d8,004cd5dc,data,"DAT_004cd5d8",dword
004cd5dc,004cd5e0,data,"DAT_004cd5dc",dword
004cd5e0,004cd5e4,data,"DAT_004cd5e0",dword
004cd5e4,004cd5e8,data,"DAT_004cd5e4",dword
004cd5e8,004cd5ec,data,"DAT_004cd5e8",dword
004cd5ec,004cd5f0,data,"DAT_004cd5ec",dword
004cd5f0,004cd5f4,data,"DAT_004cd5f0",dword
004cd5f4,004cd5f8,data,"DAT_004cd5f4",dword
004cd5f8,004cd5fc,data,"DAT_004cd5f8",dword
004cd5fc,004cd600,data,"DAT_004cd5fc",dword
004cd600,004cd604,data,"DAT_004cd600",dword
004cd604,004cd608,data,"DAT_004cd604",dword
004cd608,004cd60c,data,"DAT_004cd608",dword
004cd60c,004cd610,data,"DAT_004cd60c",dword
004cd610,004cd614,data,"DAT_004cd610",dword
004cd614,004cd618,data,"DAT_004cd614",dword
004cd618,004cd61c,data,"DAT_004cd618",dword
004cd61c,004cd620,data,"DAT_004cd61c",dword
004cd620,004cd624,data,"DAT_004cd620",dword
004cd624,004cd628,data,"DAT_004cd624",dword
004cd628,004cd62c,data,"DAT_004cd628",dword
004cd62c,004cd630,data,"DAT_004cd62c",dword
004cd630,004cd634,data,"DAT_004cd630",dword
004cd634,004cd638,data,"DAT_004cd634",dword
004cd638,004cd63c,data,"DAT_004cd638",dword
004cd63c,004cd640,data,"DAT_004cd63c",dword
004cd640,004cd644,data,"DAT_004cd640",dword
004cd644,004cd648,data,"DAT_004cd644",dword
004cd648,004cd64c,data,"DAT_004cd648",dword
004cd650,004cd654,data,"DAT_004cd650",dword
004cd654,004cd658,data,"DAT_004cd654",dword
004cd658,004cd65c,data,"DAT_004cd658",dword
004cd65c,004cd660,data,"DAT_004cd65c",dword
004cd660,004cd664,data,"DAT_004cd660",dword
004cd664,004cd668,data,"DAT_004cd664",dword
004cd668,004cd66c,data,"DAT_004cd668",dword
004cd66c,004cd670,data,"DAT_004cd66c",dword
004cd670,004cd674,data,"DAT_004cd670",dword
004cd674,004cd678,data,"DAT_004cd674",dword
004cd678,004cd67c,data,"DAT_004cd678",dword
004cd67c,004cd680,data,"DAT_004cd67c",dword
004cd680,004cd684,data,"DAT_004cd680",dword
004cd684,004cd688,data,"DAT_004cd684",dword
004cd688,004cd68c,data,"DAT_004cd688",dword
004cd68c,004cd690,data,"DAT_004cd68c",dword
004cd690,004cd694,data,"DAT_004cd690",dword
004cd694,004cd698,data,"DAT_004cd694",dword
004cd698,004cd69c,data,"DAT_004cd698",dword
004cd69c,004cd6a0,data,"DAT_004cd69c",dword
004cd6a0,004cd6a4,data,"DAT_004cd6a0",dword
004cd6a4,004cd6a8,data,"DAT_004cd6a4",dword
004cd6a8,004cd6ac,data,"DAT_004cd6a8",dword
004cd6ac,004cd6b0,data,"DAT_004cd6ac",dword
004cd6b0,004cd6b4,data,"DAT_004cd6b0",dword
004cd6b4,004cd6b8,data,"DAT_004cd6b4",dword
004cd6b8,004cd6bc,data,"DAT_004cd6b8",dword
004cd6bc,004cd6c0,data,"DAT_004cd6bc",dword
004cd6c0,004cd6c4,data,"DAT_004cd6c0",dword
004cd6c4,004cd6c8,data,"DAT_004cd6c4",dword
004cd6c8,004cd6cc,data,"DAT_004cd6c8",dword
004cd6cc,004cd6d0,data,"DAT_004cd6cc",dword
004cd6d0,004cd6d4,data,"DAT_004cd6d0",dword
004cd6d8,004cd6dc,data,"DAT_004cd6d8",dword
004cd6e0,004cd6e4,data,"DAT_004cd6e0",dword
004cd6e4,004cd6e8,data,"DAT_004cd6e4",dword
004cd6e8,004cd6ec,data,"DAT_004cd6e8",dword
004cd6ec,004cd6f0,data,"DAT_004cd6ec",dword
004cd6f0,004cd6f4,data,"DAT_004cd6f0",dword
004cd6f4,004cd6f8,data,"DAT_004cd6f4",dword
004cd6f8,004cd6fc,data,"DAT_004cd6f8",dword
004cd6fc,004cd700,data,"DAT_004cd6fc",dword
004cd700,004cd704,data,"DAT_004cd700",dword
004cd704,004cd708,data,"DAT_004cd704",dword
004cd708,004cd70c,data,"DAT_004cd708",dword
004cd70c,004cd710,data,"DAT_004cd70c",dword
004cd710,004cd714,data,"DAT_004cd710",dword
004cd714,004cd718,data,"DAT_004cd714",dword
004cd718,004cd71c,data,"DAT_004cd718",dword
004cd71c,004cd720,data,"DAT_004cd71c",dword
004cd720,004cd724,data,"DAT_004cd720",dword
004cd724,004cd728,data,"DAT_004cd724",dword
004cd72c,004cd730,data,"DAT_004cd72c",dword
004cd730,004cd734,data,"DAT_004cd730",dword
004cd734,004cd738,data,"DAT_004cd734",dword
004cd738,004cd73c,data,"DAT_004cd738",dword
004cd73c,004cd740,data,"DAT_004cd73c",dword
004cd740,004cd744,data,"DAT_004cd740",dword
004cd744,004cd748,data,"DAT_004cd744",dword
004cd748,004cd74c,data,"DAT_004cd748",dword
004cd74c,004cd750,data,"DAT_004cd74c",dword
004cd750,004cd754,data,"DAT_004cd750",dword
004cd754,004cd758,data,"DAT_004cd754",dword
004cd758,004cd75c,data,"DAT_004cd758",dword
004cd75c,004cd760,data,"DAT_004cd75c",dword
004cd760,004cd764,data,"DAT_004cd760",dword
004cd764,004cd768,data,"DAT_004cd764",dword
004cd768,004cd76c,data,"DAT_004cd768",dword
004cd76c,004cd770,data,"DAT_004cd76c",dword
004cd770,004cd774,data,"DAT_004cd770",dword
004cd774,004cd778,data,"DAT_004cd774",dword
004cd778,004cd77c,data,"DAT_004cd778",dword
004cd77c,004cd780,data,"DAT_004cd77c",dword
004cd780,004cd784,data,"DAT_004cd780",dword
004cd784,004cd788,data,"DAT_004cd784",dword
004cd788,004cd78c,data,"DAT_004cd788",dword
004cd78c,004cd790,data,"DAT_004cd78c",dword
004cd790,004cd794,data,"DAT_004cd790",dword
004cd794,004cd798,data,"DAT_004cd794",dword
004cd798,004cd79c,data,"DAT_004cd798",dword
004cd79c,004cd7a0,data,"DAT_004cd79c",dword
004cd7a0,004cd7a4,data,"DAT_004cd7a0",dword
004cd7a4,004cd7a8,data,"DAT_004cd7a4",dword
004cd7a8,004cd7ac,data,"DAT_004cd7a8",dword
004cd7ac,004cd7b0,data,"DAT_004cd7ac",dword
004cd7b0,004cd7b4,data,"DAT_004cd7b0",dword
004cd7b4,004cd7b8,data,"DAT_004cd7b4",dword
004cd7b8,004cd7bc,data,"DAT_004cd7b8",dword
004cd7bc,004cd7c0,data,"DAT_004cd7bc",dword
004cd7c0,004cd7c4,data,"DAT_004cd7c0",dword
004cd7c4,004cd7c8,data,"DAT_004cd7c4",dword
004cd7c8,004cd7cc,data,"DAT_004cd7c8",dword
004cd7cc,004cd7d0,data,"DAT_004cd7cc",dword
004cd7d0,004cd7d4,data,"DAT_004cd7d0",dword
004cd7d4,004cd7d8,data,"DAT_004cd7d4",dword
004cd7d8,004cd7dc,data,"DAT_004cd7d8",dword
004cd7dc,004cd7e0,data,"DAT_004cd7dc",dword
004cd7e0,004cd7e4,data,"DAT_004cd7e0",dword
004cd7e4,004cd7e8,data,"DAT_004cd7e4",dword
004cd7e8,004cd7ec,data,"DAT_004cd7e8",dword
004cd7ec,004cd7f0,data,"DAT_004cd7ec",dword
004cd7f0,004cd7f4,data,"DAT_004cd7f0",dword
004cd7f4,004cd7f8,data,"DAT_004cd7f4",dword
004cd7f8,004cd7fc,data,"DAT_004cd7f8",dword
004cd7fc,004cd800,data,"DAT_004cd7fc",dword
004cd800,004cd804,data,"DAT_004cd800",dword
004cd804,004cd808,data,"DAT_004cd804",dword
004cd808,004cd80c,data,"DAT_004cd808",dword
004cd80c,004cd810,data,"DAT_004cd80c",dword
004cd810,004cd814,data,"DAT_004cd810",dword
004cd814,004cd818,data,"DAT_004cd814",dword
004cd818,004cd81c,data,"DAT_004cd818",dword
004cd81c,004cd820,data,"DAT_004cd81c",dword
004cd820,004cd824,data,"DAT_004cd820",dword
004cd824,004cd828,data,"DAT_004cd824",dword
004cd828,004cd82c,data,"DAT_004cd828",dword
004cd82c,004cd830,data,"DAT_004cd82c",dword
004cd830,004cd834,data,"DAT_004cd830",dword
004cd834,004cd838,data,"DAT_004cd834",dword
004cd838,004cd83c,data,"DAT_004cd838",dword
004cd83c,004cd840,data,"DAT_004cd83c",dword
004cd840,004cd844,data,"DAT_004cd840",dword
004cd844,004cd848,data,"DAT_004cd844",dword
004cd848,004cd84c,data,"DAT_004cd848",dword
004cd84c,004cd850,data,"DAT_004cd84c",dword
004cd850,004cd854,data,"DAT_004cd850",dword
004cd854,004cd858,data,"DAT_004cd854",dword
004cd858,004cd85c,data,"DAT_004cd858",dword
004cd85c,004cd860,data,"DAT_004cd85c",dword
004cd860,004cd864,data,"DAT_004cd860",dword
004cd864,004cd868,data,"DAT_004cd864",dword
004cd868,004cd86c,data,"DAT_004cd868",dword
004cd86c,004cd870,data,"DAT_004cd86c",dword
004cd870,004cd874,data,"DAT_004cd870",dword
004cd874,004cd878,data,"DAT_004cd874",dword
004cd878,004cd87c,data,"DAT_004cd878",dword
004cd87c,004cd880,data,"DAT_004cd87c",dword
004cd880,004cd884,data,"DAT_004cd880",dword
004cd884,004cd888,data,"DAT_004cd884",dword
004cd888,004cd88c,data,"DAT_004cd888",dword
004cd88c,004cd890,data,"DAT_004cd88c",dword
004cd894,004cd898,data,"DAT_004cd894",dword
004cd898,004cd89c,data,"DAT_004cd898",dword
004cd89c,004cd8a0,data,"DAT_004cd89c",dword
004cd8a4,004cd8a6,data,"DAT_004cd8a4",word
004cd8a6,004cd8b2,data,"DAT_004cd8a6",TerminatedCString
004cd8b2,004cd8bc,data,"DAT_004cd8b2",TerminatedCString
004cd8c8,004cd8ca,data,"DAT_004cd8c8",word
004cd8ca,004cd8dd,data,"DAT_004cd8ca",TerminatedCString
004cd8de,004cd8e9,data,"DAT_004cd8de",TerminatedCString
004cd8ea,004cd8ec,data,"DAT_004cd8ea",word
004cd8ec,004cd8f9,data,"DAT_004cd8ec",TerminatedCString
004cd8fa,004cd8fc,data,"DAT_004cd8fa",word
004cd8fc,004cd908,data,"DAT_004cd8fc",TerminatedCString
004cd908,004cd90a,data,"DAT_004cd908",word
004cd90a,004cd919,data,"DAT_004cd90a",TerminatedCString
004cd91a,004cd91c,data,"DAT_004cd91a",word
004cd91c,004cd92d,data,"DAT_004cd91c",TerminatedCString
004cd92e,004cd930,data,"DAT_004cd92e",word
004cd930,004cd942,data,"DAT_004cd930",TerminatedCString
004cd942,004cd944,data,"DAT_004cd942",word
004cd944,004cd959,data,"DAT_004cd944",TerminatedCString
004cd95a,004cd95c,data,"DAT_004cd95a",word
004cd95c,004cd96f,data,"DAT_004cd95c",TerminatedCString
004cd970,004cd972,data,"DAT_004cd970",word
004cd972,004cd987,data,"DAT_004cd972",TerminatedCString
004cd988,004cd98a,data,"DAT_004cd988",word
004cd98a,004cd99f,data,"DAT_004cd98a",TerminatedCString
004cd9a0,004cd9a2,data,"DAT_004cd9a0",word
004cd9a2,004cd9a8,data,"DAT_004cd9a2",TerminatedCString
004cd9a8,004cd9aa,data,"DAT_004cd9a8",word
004cd9aa,004cd9be,data,"DAT_004cd9aa",TerminatedCString
004cd9be,004cd9c0,data,"DAT_004cd9be",word
004cd9c0,004cd9cf,data,"DAT_004cd9c0",TerminatedCString
004cd9d0,004cd9d2,data,"DAT_004cd9d0",word
004cd9d2,004cd9df,data,"DAT_004cd9d2",TerminatedCString
004cd9e0,004cd9e2,data,"DAT_004cd9e0",word
004cd9e2,004cd9ef,data,"DAT_004cd9e2",TerminatedCString
004cd9f0,004cd9f2,data,"DAT_004cd9f0",word
004cd9f2,004cda00,data,"DAT_004cd9f2",TerminatedCString
004cda00,004cda02,data,"DAT_004cda00",word
004cda02,004cda1c,data,"DAT_004cda02",TerminatedCString
004cda1c,004cda1e,data,"DAT_004cda1c",word
004cda1e,004cda36,data,"DAT_004cda1e",TerminatedCString
004cda36,004cda38,data,"DAT_004cda36",word
004cda38,004cda52,data,"DAT_004cda38",TerminatedCString
004cda52,004cda54,data,"DAT_004cda52",word
004cda54,004cda6a,data,"DAT_004cda54",TerminatedCString
004cda6a,004cda6c,data,"DAT_004cda6a",word
004cda6c,004cda81,data,"DAT_004cda6c",TerminatedCString
004cda82,004cda84,data,"DAT_004cda82",word
004cda84,004cda99,data,"DAT_004cda84",TerminatedCString
004cda9a,004cda9c,data,"DAT_004cda9a",word
004cda9c,004cdaa8,data,"DAT_004cda9c",TerminatedCString
004cdaa8,004cdaaa,data,"DAT_004cdaa8",word
004cdaaa,004cdab9,data,"DAT_004cdaaa",TerminatedCString
004cdaba,004cdabc,data,"DAT_004cdaba",word
004cdabc,004cdac7,data,"DAT_004cdabc",TerminatedCString
004cdac8,004cdaca,data,"DAT_004cdac8",word
004cdaca,004cdad9,data,"DAT_004cdaca",TerminatedCString
004cdada,004cdadc,data,"DAT_004cdada",word
004cdadc,004cdaed,data,"DAT_004cdadc",TerminatedCString
004cdaee,004cdaf0,data,"DAT_004cdaee",word
004cdaf0,004cdafd,data,"DAT_004cdaf0",TerminatedCString
004cdafe,004cdb00,data,"DAT_004cdafe",word
004cdb00,004cdb0c,data,"DAT_004cdb00",TerminatedCString
004cdb0c,004cdb0e,data,"DAT_004cdb0c",word
004cdb0e,004cdb1b,data,"DAT_004cdb0e",TerminatedCString
004cdb1c,004cdb1e,data,"DAT_004cdb1c",word
004cdb1e,004cdb2d,data,"DAT_004cdb1e",TerminatedCString
004cdb2e,004cdb30,data,"DAT_004cdb2e",word
004cdb30,004cdb3c,data,"DAT_004cdb30",TerminatedCString
004cdb3c,004cdb3e,data,"DAT_004cdb3c",word
004cdb3e,004cdb47,data,"DAT_004cdb3e",TerminatedCString
004cdb48,004cdb4a,data,"DAT_004cdb48",word
004cdb4a,004cdb5d,data,"DAT_004cdb4a",TerminatedCString
004cdb5e,004cdb60,data,"DAT_004cdb5e",word
004cdb60,004cdb6a,data,"DAT_004cdb60",TerminatedCString
004cdb6a,004cdb6c,data,"DAT_004cdb6a",word
004cdb6c,004cdb75,data,"DAT_004cdb6c",TerminatedCString
004cdb76,004cdb78,data,"DAT_004cdb76",word
004cdb78,004cdb86,data,"DAT_004cdb78",TerminatedCString
004cdb86,004cdb88,data,"DAT_004cdb86",word
004cdb88,004cdb94,data,"DAT_004cdb88",TerminatedCString
004cdb94,004cdb96,data,"DAT_004cdb94",word
004cdb96,004cdba2,data,"DAT_004cdb96",TerminatedCString
004cdba2,004cdba4,data,"DAT_004cdba2",word
004cdba4,004cdbba,data,"DAT_004cdba4",TerminatedCString
004cdbba,004cdbbc,data,"DAT_004cdbba",word
004cdbbc,004cdbd4,data,"DAT_004cdbbc",TerminatedCString
004cdbd4,004cdbd6,data,"DAT_004cdbd4",word
004cdbd6,004cdbe9,data,"DAT_004cdbd6",TerminatedCString
004cdbea,004cdbec,data,"DAT_004cdbea",word
004cdbec,004cdc04,data,"DAT_004cdbec",TerminatedCString
004cdc04,004cdc06,data,"DAT_004cdc04",word
004cdc06,004cdc13,data,"DAT_004cdc06",TerminatedCString
004cdc14,004cdc16,data,"DAT_004cdc14",word
004cdc16,004cdc2a,data,"DAT_004cdc16",TerminatedCString
004cdc2a,004cdc2c,data,"DAT_004cdc2a",word
004cdc2c,004cdc39,data,"DAT_004cdc2c",TerminatedCString
004cdc3a,004cdc3c,data,"DAT_004cdc3a",word
004cdc3c,004cdc50,data,"DAT_004cdc3c",TerminatedCString
004cdc50,004cdc52,data,"DAT_004cdc50",word
004cdc52,004cdc60,data,"DAT_004cdc52",TerminatedCString
004cdc60,004cdc62,data,"DAT_004cdc60",word
004cdc62,004cdc6f,data,"DAT_004cdc62",TerminatedCString
004cdc70,004cdc72,data,"DAT_004cdc70",word
004cdc72,004cdc7d,data,"DAT_004cdc72",TerminatedCString
004cdc7e,004cdc80,data,"DAT_004cdc7e",word
004cdc80,004cdc89,data,"DAT_004cdc80",TerminatedCString
004cdc8a,004cdc8c,data,"DAT_004cdc8a",word
004cdc8c,004cdc97,data,"DAT_004cdc8c",TerminatedCString
004cdc98,004cdc9a,data,"DAT_004cdc98",word
004cdc9a,004cdca7,data,"DAT_004cdc9a",TerminatedCString
004cdca8,004cdcaa,data,"DAT_004cdca8",word
004cdcaa,004cdcbc,data,"DAT_004cdcaa",TerminatedCString
004cdcbc,004cdcbe,data,"DAT_004cdcbc",word
004cdcbe,004cdccb,data,"DAT_004cdcbe",TerminatedCString
004cdccc,004cdcce,data,"DAT_004cdccc",word
004cdcce,004cdce5,data,"DAT_004cdcce",TerminatedCString
004cdce6,004cdce8,data,"DAT_004cdce6",word
004cdce8,004cdcfb,data,"DAT_004cdce8",TerminatedCString
004cdcfc,004cdcfe,data,"DAT_004cdcfc",word
004cdcfe,004cdd0b,data,"DAT_004cdcfe",TerminatedCString
004cdd0c,004cdd0e,data,"DAT_004cdd0c",word
004cdd0e,004cdd17,data,"DAT_004cdd0e",TerminatedCString
004cdd18,004cdd1a,data,"DAT_004cdd18",word
004cdd1a,004cdd24,data,"DAT_004cdd1a",TerminatedCString
004cdd24,004cdd26,data,"DAT_004cdd24",word
004cdd26,004cdd37,data,"DAT_004cdd26",TerminatedCString
004cdd38,004cdd3a,data,"DAT_004cdd38",word
004cdd3a,004cdd4e,data,"DAT_004cdd3a",TerminatedCString
004cdd4e,004cdd50,data,"DAT_004cdd4e",word
004cdd50,004cdd62,data,"DAT_004cdd50",TerminatedCString
004cdd62,004cdd6f,data,"DAT_004cdd62",TerminatedCString
004cdd70,004cdd72,data,"DAT_004cdd70",word
004cdd72,004cdd80,data,"DAT_004cdd72",TerminatedCString
004cdd80,004cdd82,data,"DAT_004cdd80",word
004cdd82,004cdd90,data,"DAT_004cdd82",TerminatedCString
004cdd90,004cdd92,data,"DAT_004cdd90",word
004cdd92,004cdda3,data,"DAT_004cdd92",TerminatedCString
004cdda4,004cdda6,data,"DAT_004cdda4",word
004cdda6,004cddb7,data,"DAT_004cdda6",TerminatedCString
004cddb8,004cddba,data,"DAT_004cddb8",word
004cddba,004cddc7,data,"DAT_004cddba",TerminatedCString
004cddc8,004cddca,data,"DAT_004cddc8",word
004cddca,004cddd7,data,"DAT_004cddca",TerminatedCString
004cddd8,004cddda,data,"DAT_004cddd8",word
004cddda,004cdde7,data,"DAT_004cddda",TerminatedCString
004cdde8,004cddea,data,"DAT_004cdde8",word
004cddea,004cddf5,data,"DAT_004cddea",TerminatedCString
004cddf6,004cddf8,data,"DAT_004cddf6",word
004cddf8,004cde08,data,"DAT_004cddf8",TerminatedCString
004cde08,004cde0a,data,"DAT_004cde08",word
004cde0a,004cde18,data,"DAT_004cde0a",TerminatedCString
004cde18,004cde1a,data,"DAT_004cde18",word
004cde1a,004cde2b,data,"DAT_004cde1a",TerminatedCString
004cde2c,004cde2e,data,"DAT_004cde2c",word
004cde2e,004cde3d,data,"DAT_004cde2e",TerminatedCString
004cde3e,004cde40,data,"DAT_004cde3e",word
004cde40,004cde4c,data,"DAT_004cde40",TerminatedCString
004cde4c,004cde4e,data,"DAT_004cde4c",word
004cde4e,004cde58,data,"DAT_004cde4e",TerminatedCString
004cde58,004cde5a,data,"DAT_004cde58",word
004cde5a,004cde66,data,"DAT_004cde5a",TerminatedCString
004cde66,004cde68,data,"DAT_004cde66",word
004cde68,004cde77,data,"DAT_004cde68",TerminatedCString
004cde78,004cde7a,data,"DAT_004cde78",word
004cde7a,004cde83,data,"DAT_004cde7a",TerminatedCString
004cde84,004cde86,data,"DAT_004cde84",word
004cde86,004cde8f,data,"DAT_004cde86",TerminatedCString
004cde90,004cde92,data,"DAT_004cde90",word
004cde92,004cde9d,data,"DAT_004cde92",TerminatedCString
004cde9e,004cdea0,data,"DAT_004cde9e",word
004cdea0,004cdea8,data,"DAT_004cdea0",TerminatedCString
004cdea8,004cdeaa,data,"DAT_004cdea8",word
004cdeaa,004cdebb,data,"DAT_004cdeaa",TerminatedCString
004cdebc,004cdebe,data,"DAT_004cdebc",word
004cdebe,004cdecf,data,"DAT_004cdebe",TerminatedCString
004cded0,004cded2,data,"DAT_004cded0",word
004cded2,004cdedc,data,"DAT_004cded2",TerminatedCString
004cdedc,004cdede,data,"DAT_004cdedc",word
004cdede,004cdee4,data,"DAT_004cdede",TerminatedCString
004cdee4,004cdee6,data,"DAT_004cdee4",word
004cdee6,004cdef2,data,"DAT_004cdee6",TerminatedCString
004cdef2,004cdef4,data,"DAT_004cdef2",word
004cdef4,004cdf04,data,"DAT_004cdef4",TerminatedCString
004cdf04,004cdf06,data,"DAT_004cdf04",word
004cdf06,004cdf10,data,"DAT_004cdf06",TerminatedCString
004cdf10,004cdf12,data,"DAT_004cdf10",word
004cdf12,004cdf1d,data,"DAT_004cdf12",TerminatedCString
004cdf1e,004cdf20,data,"DAT_004cdf1e",word
004cdf20,004cdf2b,data,"DAT_004cdf20",TerminatedCString
004cdf2c,004cdf2e,data,"DAT_004cdf2c",word
004cdf2e,004cdf38,data,"DAT_004cdf2e",TerminatedCString
004cdf38,004cdf3a,data,"DAT_004cdf38",word
004cdf3a,004cdf45,data,"DAT_004cdf3a",TerminatedCString
004cdf46,004cdf48,data,"DAT_004cdf46",word
004cdf48,004cdf51,data,"DAT_004cdf48",TerminatedCString
004cdf52,004cdf54,data,"DAT_004cdf52",word
004cdf54,004cdf5f,data,"DAT_004cdf54",TerminatedCString
004cdf60,004cdf6b,data,"DAT_004cdf60",TerminatedCString
004cdf6c,004cdf6e,data,"DAT_004cdf6c",word
004cdf6e,004cdf7d,data,"DAT_004cdf6e",TerminatedCString
004cdf7e,004cdf80,data,"DAT_004cdf7e",word
004cdf80,004cdf8b,data,"DAT_004cdf80",TerminatedCString
004cdf8c,004cdf8e,data,"DAT_004cdf8c",word
004cdf8e,004cdf98,data,"DAT_004cdf8e",TerminatedCString
004cdf98,004cdf9a,data,"DAT_004cdf98",word
004cdf9a,004cdfa7,data,"DAT_004cdf9a",TerminatedCString
004cdfa8,004cdfaa,data,"DAT_004cdfa8",word
004cdfaa,004cdfb7,data,"DAT_004cdfaa",TerminatedCString
004cdfb8,004cdfba,data,"DAT_004cdfb8",word
004cdfba,004cdfcd,data,"DAT_004cdfba",TerminatedCString
004cdfce,004cdfd0,data,"DAT_004cdfce",word
004cdfd0,004cdfdc,data,"DAT_004cdfd0",TerminatedCString
004cdfdc,004cdfde,data,"DAT_004cdfdc",word
004cdfde,004cdfeb,data,"DAT_004cdfde",TerminatedCString
004cdfec,004cdfee,data,"DAT_004cdfec",word
004cdfee,004ce004,data,"DAT_004cdfee",TerminatedCString
004ce004,004ce006,data,"DAT_004ce004",word
004ce006,004ce01c,data,"DAT_004ce006",TerminatedCString
004ce01c,004ce01e,data,"DAT_004ce01c",word
004ce01e,004ce034,data,"DAT_004ce01e",TerminatedCString
004ce034,004ce036,data,"DAT_004ce034",word
004ce036,004ce03f,data,"DAT_004ce036",TerminatedCString
004ce040,004ce042,data,"DAT_004ce040",word
004ce042,004ce04c,data,"DAT_004ce042",TerminatedCString
004ce04c,004ce04e,data,"DAT_004ce04c",word
004ce04e,004ce05f,data,"DAT_004ce04e",TerminatedCString
004ce060,004ce062,data,"DAT_004ce060",word
004ce062,004ce06b,data,"DAT_004ce062",TerminatedCString
004ce06c,004ce076,data,"DAT_004ce06c",TerminatedCString
004ce076,004ce084,data,"DAT_004ce076",string
004ce084,004ce086,data,"DAT_004ce084",word
004ce086,004ce093,data,"DAT_004ce086",TerminatedCString
004ce094,004ce096,data,"DAT_004ce094",word
004ce096,004ce0a5,data,"DAT_004ce096",TerminatedCString
004ce0a6,004ce0a8,data,"DAT_004ce0a6",word
004ce0a8,004ce0b9,data,"DAT_004ce0a8",TerminatedCString
004ce0ba,004ce0c4,data,"DAT_004ce0ba",TerminatedCString
004ce0c4,004ce0c6,data,"DAT_004ce0c4",word
004ce0c6,004ce0db,data,"DAT_004ce0c6",TerminatedCString
004ce0dc,004ce0de,data,"DAT_004ce0dc",word
004ce0de,004ce0ea,data,"DAT_004ce0de",TerminatedCString
004ce0ea,004ce0ec,data,"DAT_004ce0ea",word
004ce0ec,004ce103,data,"DAT_004ce0ec",TerminatedCString
004ce104,004ce106,data,"DAT_004ce104",word
004ce106,004ce114,data,"DAT_004ce106",TerminatedCString
004ce114,004ce116,data,"DAT_004ce114",word
004ce116,004ce12f,data,"DAT_004ce116",TerminatedCString
004ce130,004ce132,data,"DAT_004ce130",word
004ce132,004ce148,data,"DAT_004ce132",TerminatedCString
004ce148,004ce14a,data,"DAT_004ce148",word
004ce14a,004ce15e,data,"DAT_004ce14a",TerminatedCString
004ce15e,004ce160,data,"DAT_004ce15e",word
004ce160,004ce176,data,"DAT_004ce160",TerminatedCString
004ce176,004ce178,data,"DAT_004ce176",word
004ce178,004ce190,data,"DAT_004ce178",TerminatedCString
004ce190,004ce192,data,"DAT_004ce190",word
004ce192,004ce1a5,data,"DAT_004ce192",TerminatedCString
004ce1a6,004ce1a8,data,"DAT_004ce1a6",word
004ce1a8,004ce1c1,data,"DAT_004ce1a8",TerminatedCString
004ce1c2,004ce1c4,data,"DAT_004ce1c2",word
004ce1c4,004ce1d4,data,"DAT_004ce1c4",TerminatedCString
004ce1d4,004ce1d6,data,"DAT_004ce1d4",word
004ce1d6,004ce1ec,data,"DAT_004ce1d6",TerminatedCString
004ce1ec,004ce1ee,data,"DAT_004ce1ec",word
004ce1ee,004ce20e,data,"DAT_004ce1ee",TerminatedCString
004ce20e,004ce210,data,"DAT_004ce20e",word
004ce210,004ce22b,data,"DAT_004ce210",TerminatedCString
004ce22c,004ce22e,data,"DAT_004ce22c",word
004ce22e,004ce246,data,"DAT_004ce22e",TerminatedCString
004ce246,004ce248,data,"DAT_004ce246",word
004ce248,004ce262,data,"DAT_004ce248",TerminatedCString
004ce262,004ce264,data,"DAT_004ce262",word
004ce264,004ce27c,data,"DAT_004ce264",TerminatedCString
004ce27c,004ce27e,data,"DAT_004ce27c",word
004ce27e,004ce291,data,"DAT_004ce27e",TerminatedCString
004ce292,004ce294,data,"DAT_004ce292",word
004ce294,004ce2b5,data,"DAT_004ce294",TerminatedCString
004ce2b6,004ce2b8,data,"DAT_004ce2b6",word
004ce2b8,004ce2d7,data,"DAT_004ce2b8",TerminatedCString
004ce2d8,004ce2da,data,"DAT_004ce2d8",word
004ce2da,004ce2f2,data,"DAT_004ce2da",TerminatedCString
004ce2f2,004ce2f4,data,"DAT_004ce2f2",word
004ce2f4,004ce308,data,"DAT_004ce2f4",TerminatedCString
004ce308,004ce30a,data,"DAT_004ce308",word
004ce30a,004ce326,data,"DAT_004ce30a",TerminatedCString
004ce326,004ce328,data,"DAT_004ce326",word
004ce328,004ce348,data,"DAT_004ce328",TerminatedCString
004ce348,004ce34a,data,"DAT_004ce348",word
004ce34a,004ce363,data,"DAT_004ce34a",TerminatedCString
004ce364,004ce366,data,"DAT_004ce364",word
004ce366,004ce389,data,"DAT_004ce366",TerminatedCString
004ce38a,004ce38c,data,"DAT_004ce38a",word
004ce38c,004ce3a6,data,"DAT_004ce38c",TerminatedCString
004ce3a6,004ce3a8,data,"DAT_004ce3a6",word
004ce3a8,004ce3bc,data,"DAT_004ce3a8",TerminatedCString
004ce3bc,004ce3be,data,"DAT_004ce3bc",word
004ce3be,004ce3d7,data,"DAT_004ce3be",TerminatedCString
004ce3d8,004ce3da,data,"DAT_004ce3d8",word
004ce3da,004ce3f0,data,"DAT_004ce3da",TerminatedCString
004ce3f0,004ce3f2,data,"DAT_004ce3f0",word
004ce3f2,004ce412,data,"DAT_004ce3f2",TerminatedCString
004ce412,004ce414,data,"DAT_004ce412",word
004ce414,004ce428,data,"DAT_004ce414",TerminatedCString
004ce428,004ce42a,data,"DAT_004ce428",word
004ce42a,004ce43f,data,"DAT_004ce42a",TerminatedCString
004ce440,004ce442,data,"DAT_004ce440",word
004ce442,004ce460,data,"DAT_004ce442",TerminatedCString
004ce460,004ce462,data,"DAT_004ce460",word
004ce462,004ce47a,data,"DAT_004ce462",TerminatedCString
004ce47a,004ce47c,data,"DAT_004ce47a",word
004ce47c,004ce498,data,"DAT_004ce47c",TerminatedCString
004ce498,004ce49a,data,"DAT_004ce498",word
004ce49a,004ce4b1,data,"DAT_004ce49a",TerminatedCString
004ce4b2,004ce4b4,data,"DAT_004ce4b2",word
004ce4b4,004ce4c8,data,"DAT_004ce4b4",TerminatedCString
004ce4c8,004ce4ca,data,"DAT_004ce4c8",word
004ce4ca,004ce4e8,data,"DAT_004ce4ca",TerminatedCString
004ce4e8,004ce4ea,data,"DAT_004ce4e8",word
004ce4ea,004ce4fe,data,"DAT_004ce4ea",TerminatedCString
004ce4fe,004ce500,data,"DAT_004ce4fe",word
004ce500,004ce51d,data,"DAT_004ce500",TerminatedCString
004ce51e,004ce520,data,"DAT_004ce51e",word
004ce520,004ce540,data,"DAT_004ce520",TerminatedCString
004ce540,004ce542,data,"DAT_004ce540",word
004ce542,004ce563,data,"DAT_004ce542",TerminatedCString
004ce564,004ce566,data,"DAT_004ce564",word
004ce566,004ce583,data,"DAT_004ce566",TerminatedCString
004ce584,004ce586,data,"DAT_004ce584",word
004ce586,004ce5a4,data,"DAT_004ce586",TerminatedCString
004ce5a4,004ce5a6,data,"DAT_004ce5a4",word
004ce5a6,004ce5c3,data,"DAT_004ce5a6",TerminatedCString
004ce5c4,004ce5c6,data,"DAT_004ce5c4",word
004ce5c6,004ce5e0,data,"DAT_004ce5c6",TerminatedCString
004ce5e0,004ce5e2,data,"DAT_004ce5e0",word
004ce5e2,004ce607,data,"DAT_004ce5e2",TerminatedCString
004ce608,004ce60a,data,"DAT_004ce608",word
004ce60a,004ce62a,data,"DAT_004ce60a",TerminatedCString
004ce62a,004ce62c,data,"DAT_004ce62a",word
004ce62c,004ce657,data,"DAT_004ce62c",TerminatedCString
004ce658,004ce65a,data,"DAT_004ce658",word
004ce65a,004ce672,data,"DAT_004ce65a",TerminatedCString
004ce672,004ce674,data,"DAT_004ce672",word
004ce674,004ce68b,data,"DAT_004ce674",TerminatedCString
004ce68c,004ce68e,data,"DAT_004ce68c",word
004ce68e,004ce6a3,data,"DAT_004ce68e",TerminatedCString
004ce6a4,004ce6a6,data,"DAT_004ce6a4",word
004ce6a6,004ce6bb,data,"DAT_004ce6a6",TerminatedCString
004ce6bc,004ce6be,data,"DAT_004ce6bc",word
004ce6be,004ce6d0,data,"DAT_004ce6be",TerminatedCString
004ce6d0,004ce6d2,data,"DAT_004ce6d0",word
004ce6d2,004ce6e4,data,"DAT_004ce6d2",TerminatedCString
004ce6e4,004ce6e6,data,"DAT_004ce6e4",word
004ce6e6,004ce709,data,"DAT_004ce6e6",TerminatedCString
004ce70a,004ce70c,data,"DAT_004ce70a",word
004ce70c,004ce720,data,"DAT_004ce70c",TerminatedCString
004ce720,004ce722,data,"DAT_004ce720",word
004ce722,004ce743,data,"DAT_004ce722",TerminatedCString
004ce744,004ce746,data,"DAT_004ce744",word
004ce746,004ce763,data,"DAT_004ce746",TerminatedCString
004ce764,004ce766,data,"DAT_004ce764",word
004ce766,004ce785,data,"DAT_004ce766",TerminatedCString
004ce786,004ce788,data,"DAT_004ce786",word
004ce788,004ce79e,data,"DAT_004ce788",TerminatedCString
004ce79e,004ce7a0,data,"DAT_004ce79e",word
004ce7a0,004ce7b4,data,"DAT_004ce7a0",TerminatedCString
004ce7b4,004ce7b6,data,"DAT_004ce7b4",word
004ce7b6,004ce7d1,data,"DAT_004ce7b6",TerminatedCString
004ce7d2,004ce7d4,data,"DAT_004ce7d2",word
004ce7d4,004ce7ec,data,"DAT_004ce7d4",TerminatedCString
004ce7ec,004ce7ee,data,"DAT_004ce7ec",word
004ce7ee,004ce804,data,"DAT_004ce7ee",TerminatedCString
004ce804,004ce806,data,"DAT_004ce804",word
004ce806,004ce824,data,"DAT_004ce806",TerminatedCString
004ce824,004ce826,data,"DAT_004ce824",word
004ce826,004ce83a,data,"DAT_004ce826",TerminatedCString
004ce83a,004ce83c,data,"DAT_004ce83a",word
004ce83c,004ce84b,data,"DAT_004ce83c",TerminatedCString
004ce84c,004ce84e,data,"DAT_004ce84c",word
004ce84e,004ce85e,data,"DAT_004ce84e",TerminatedCString
004ce85e,004ce860,data,"DAT_004ce85e",word
004ce860,004ce874,data,"DAT_004ce860",TerminatedCString
004ce874,004ce876,data,"DAT_004ce874",word
004ce876,004ce88f,data,"DAT_004ce876",TerminatedCString
004ce890,004ce892,data,"DAT_004ce890",word
004ce892,004ce8ab,data,"DAT_004ce892",TerminatedCString
004ce8ac,004ce8ae,data,"DAT_004ce8ac",word
004ce8ae,004ce8c6,data,"DAT_004ce8ae",TerminatedCString
004ce8c6,004ce8c8,data,"DAT_004ce8c6",word
004ce8c8,004ce8e7,data,"DAT_004ce8c8",TerminatedCString
004ce8e8,004ce8ea,data,"DAT_004ce8e8",word
004ce8ea,004ce90b,data,"DAT_004ce8ea",TerminatedCString
004ce90c,004ce90e,data,"DAT_004ce90c",word
004ce90e,004ce92e,data,"DAT_004ce90e",TerminatedCString
004ce92e,004ce930,data,"DAT_004ce92e",word
004ce930,004ce94e,data,"DAT_004ce930",TerminatedCString
004ce94e,004ce950,data,"DAT_004ce94e",word
004ce950,004ce96d,data,"DAT_004ce950",TerminatedCString
004ce96e,004ce970,data,"DAT_004ce96e",word
004ce970,004ce98d,data,"DAT_004ce970",TerminatedCString
004ce98e,004ce990,data,"DAT_004ce98e",word
004ce990,004ce9b1,data,"DAT_004ce990",TerminatedCString
004ce9b2,004ce9b4,data,"DAT_004ce9b2",word
004ce9b4,004ce9d1,data,"DAT_004ce9b4",TerminatedCString
004ce9d2,004ce9d4,data,"DAT_004ce9d2",word
004ce9d4,004ce9ec,data,"DAT_004ce9d4",TerminatedCString
004ce9ec,004ce9ee,data,"DAT_004ce9ec",word
004ce9ee,004cea0b,data,"DAT_004ce9ee",TerminatedCString
004cea0c,004cea0e,data,"DAT_004cea0c",word
004cea0e,004cea23,data,"DAT_004cea0e",TerminatedCString
004cea24,004cea26,data,"DAT_004cea24",word
004cea26,004cea44,data,"DAT_004cea26",TerminatedCString
004cea44,004cea46,data,"DAT_004cea44",word
004cea46,004cea66,data,"DAT_004cea46",TerminatedCString
004cea66,004cea68,data,"DAT_004cea66",word
004cea68,004cea80,data,"DAT_004cea68",TerminatedCString
004cea80,004cea8a,data,"DAT_004cea80",TerminatedCString
004cea8a,004cea96,data,"DAT_004cea8a",TerminatedCString
004cea96,004cea98,data,"DAT_004cea96",word
004cea98,004ceaa9,data,"DAT_004cea98",TerminatedCString
004ceaaa,004ceaac,data,"DAT_004ceaaa",word
004ceaac,004ceab5,data,"DAT_004ceaac",TerminatedCString
004ceab6,004ceab8,data,"DAT_004ceab6",word
004ceab8,004ceac2,data,"DAT_004ceab8",TerminatedCString
004ceac2,004ceac4,data,"DAT_004ceac2",word
004ceac4,004cead0,data,"DAT_004ceac4",TerminatedCString
004cead0,004cead2,data,"DAT_004cead0",word
004cead2,004ceae3,data,"DAT_004cead2",TerminatedCString
004ceae4,004ceae6,data,"DAT_004ceae4",word
004ceae6,004ceaf0,data,"DAT_004ceae6",TerminatedCString
004ceaf0,004ceaf2,data,"DAT_004ceaf0",word
004ceaf2,004ceb01,data,"DAT_004ceaf2",TerminatedCString
004ceb02,004ceb04,data,"DAT_004ceb02",word
004ceb04,004ceb12,data,"DAT_004ceb04",TerminatedCString
004ceb12,004ceb14,data,"DAT_004ceb12",word
004ceb14,004ceb1e,data,"DAT_004ceb14",TerminatedCString
004ceb1e,004ceb20,data,"DAT_004ceb1e",word
004ceb20,004ceb35,data,"DAT_004ceb20",TerminatedCString
004ceb36,004ceb38,data,"DAT_004ceb36",word
004ceb38,004ceb44,data,"DAT_004ceb38",TerminatedCString
004ceb44,004ceb46,data,"DAT_004ceb44",word
004ceb46,004ceb51,data,"DAT_004ceb46",TerminatedCString
004ceb52,004ceb54,data,"DAT_004ceb52",word
004ceb54,004ceb64,data,"DAT_004ceb54",TerminatedCString
004ceb64,004ceb66,data,"DAT_004ceb64",word
004ceb66,004ceb76,data,"DAT_004ceb66",TerminatedCString
004ceb76,004ceb78,data,"DAT_004ceb76",word
004ceb78,004ceb83,data,"DAT_004ceb78",TerminatedCString
004ceb84,004ceb86,data,"DAT_004ceb84",word
004ceb86,004ceb9d,data,"DAT_004ceb86",TerminatedCString
004ceb9e,004ceba0,data,"DAT_004ceb9e",word
004ceba0,004cebae,data,"DAT_004ceba0",TerminatedCString
004cebae,004cebb0,data,"DAT_004cebae",word
004cebb0,004cebbd,data,"DAT_004cebb0",TerminatedCString
004cebbe,004cebc0,data,"DAT_004cebbe",word
004cebc0,004cebcf,data,"DAT_004cebc0",TerminatedCString
004cebd0,004cebd2,data,"DAT_004cebd0",word
004cebd2,004cebe0,data,"DAT_004cebd2",TerminatedCString
004cebe0,004cebe2,data,"DAT_004cebe0",word
004cebe2,004cebfa,data,"DAT_004cebe2",TerminatedCString
004cebfa,004cebfc,data,"DAT_004cebfa",word
004cebfc,004cec08,data,"DAT_004cebfc",TerminatedCString
004cec08,004cec0a,data,"DAT_004cec08",word
004cec0a,004cec15,data,"DAT_004cec0a",TerminatedCString
004cec16,004cec18,data,"DAT_004cec16",word
004cec18,004cec24,data,"DAT_004cec18",TerminatedCString
004cec24,004cec26,data,"DAT_004cec24",word
004cec26,004cec33,data,"DAT_004cec26",TerminatedCString
004cec34,004cec36,data,"DAT_004cec34",word
004cec36,004cec42,data,"DAT_004cec36",TerminatedCString
004cec42,004cec44,data,"DAT_004cec42",word
004cec44,004cec52,data,"DAT_004cec44",TerminatedCString
004cec52,004cec54,data,"DAT_004cec52",word
004cec54,004cec5d,data,"DAT_004cec54",TerminatedCString
004cec5e,004cec60,data,"DAT_004cec5e",word
004cec60,004cec6d,data,"DAT_004cec60",TerminatedCString
004cec6e,004cec70,data,"DAT_004cec6e",word
004cec70,004cec7c,data,"DAT_004cec70",TerminatedCString
004cec7c,004cec7e,data,"DAT_004cec7c",word
004cec7e,004cec8d,data,"DAT_004cec7e",TerminatedCString
004cec8e,004cec90,data,"DAT_004cec8e",word
004cec90,004cec9d,data,"DAT_004cec90",TerminatedCString
004cec9e,004ceca0,data,"DAT_004cec9e",word
004ceca0,004cecac,data,"DAT_004ceca0",TerminatedCString
004cecac,004cecae,data,"DAT_004cecac",word
004cecae,004cecb7,data,"DAT_004cecae",TerminatedCString
004cecb8,004cecba,data,"DAT_004cecb8",word
004cecba,004cecc7,data,"DAT_004cecba",TerminatedCString
004cecc8,004cecca,data,"DAT_004cecc8",word
004cecca,004cecd7,data,"DAT_004cecca",TerminatedCString
004cecd8,004cecda,data,"DAT_004cecd8",word
004cecda,004ceceb,data,"DAT_004cecda",TerminatedCString
004cecec,004cecee,data,"DAT_004cecec",word
004cecee,004ced07,data,"DAT_004cecee",TerminatedCString
004ced08,004ced0a,data,"DAT_004ced08",word
004ced0a,004ced14,data,"DAT_004ced0a",TerminatedCString
004ced14,004ced16,data,"DAT_004ced14",word
004ced16,004ced1d,data,"DAT_004ced16",TerminatedCString
004ced1e,004ced20,data,"DAT_004ced1e",word
004ced20,004ced29,data,"DAT_004ced20",TerminatedCString
004ced2a,004ced2c,data,"DAT_004ced2a",word
004ced2c,004ced44,data,"DAT_004ced2c",TerminatedCString
004ced44,004ced46,data,"DAT_004ced44",word
004ced46,004ced5e,data,"DAT_004ced46",TerminatedCString
004ced5e,004ced60,data,"DAT_004ced5e",word
004ced60,004ced76,data,"DAT_004ced60",TerminatedCString
004ced76,004ced78,data,"DAT_004ced76",word
004ced78,004ced8f,data,"DAT_004ced78",TerminatedCString
004ced90,004ced92,data,"DAT_004ced90",word
004ced92,004cedae,data,"DAT_004ced92",TerminatedCString
004cedae,004cedb0,data,"DAT_004cedae",word
004cedb0,004cedc5,data,"DAT_004cedb0",TerminatedCString
004cedc6,004cedc8,data,"DAT_004cedc6",word
004cedc8,004cedd5,data,"DAT_004cedc8",TerminatedCString
004cedd6,004cedd8,data,"DAT_004cedd6",word
004cedd8,004cede7,data,"DAT_004cedd8",TerminatedCString
004cede8,004cedea,data,"DAT_004cede8",word
004cedea,004cedf9,data,"DAT_004cedea",TerminatedCString
004cedfa,004cedfc,data,"DAT_004cedfa",word
004cedfc,004cee09,data,"DAT_004cedfc",TerminatedCString
004cee0a,004cee0c,data,"DAT_004cee0a",word
004cee0c,004cee19,data,"DAT_004cee0c",TerminatedCString
004cee1a,004cee1c,data,"DAT_004cee1a",word
004cee1c,004cee2b,data,"DAT_004cee1c",TerminatedCString
004cee2c,004cee2e,data,"DAT_004cee2c",word
004cee2e,004cee3d,data,"DAT_004cee2e",TerminatedCString
004cee3e,004cee40,data,"DAT_004cee3e",word
004cee40,004cee58,data,"DAT_004cee40",TerminatedCString
004cf004,004cf008,data,"DAT_004cf004",undefined *
004cf008,004cf00c,data,"DAT_004cf008",undefined *
004cf00c,004cf010,data,"DAT_004cf00c",undefined *
004cf010,004cf014,data,"DAT_004cf010",undefined *
004cf014,004cf018,data,"DAT_004cf014",undefined *
004cf018,004cf01c,data,"DAT_004cf018",undefined *
004cf01c,004cf020,data,"DAT_004cf01c",undefined *
004cf020,004cf024,data,"DAT_004cf020",undefined *
004cf024,004cf028,data,"DAT_004cf024",undefined *
004cf028,004cf02c,data,"DAT_004cf028",undefined *
004cf02c,004cf030,data,"DAT_004cf02c",undefined *
004cf030,004cf034,data,"DAT_004cf030",undefined *
004cf034,004cf038,data,"DAT_004cf034",undefined *
004cf038,004cf03c,data,"DAT_004cf038",undefined *
004cf03c,004cf040,data,"DAT_004cf03c",undefined *
004cf040,004cf044,data,"DAT_004cf040",undefined *
004cf044,004cf048,data,"DAT_004cf044",undefined *
004cf048,004cf04c,data,"DAT_004cf048",undefined *
004cf04c,004cf050,data,"DAT_004cf04c",undefined *
004cf050,004cf054,data,"DAT_004cf050",undefined *
004cf054,004cf058,data,"DAT_004cf054",undefined *
004cf058,004cf05c,data,"DAT_004cf058",undefined *
004cf05c,004cf060,data,"DAT_004cf05c",undefined *
004cf060,004cf064,data,"DAT_004cf060",undefined *
004cf064,004cf068,data,"DAT_004cf064",undefined *
004cf068,004cf06c,data,"DAT_004cf068",undefined *
004cf06c,004cf070,data,"DAT_004cf06c",undefined *
004cf070,004cf074,data,"DAT_004cf070",undefined *
004cf074,004cf078,data,"DAT_004cf074",undefined *
004cf078,004cf07c,data,"DAT_004cf078",undefined *
004cf07c,004cf080,data,"DAT_004cf07c",undefined *
004cf080,004cf084,data,"DAT_004cf080",undefined *
004cf084,004cf088,data,"DAT_004cf084",undefined *
004cf088,004cf08c,data,"DAT_004cf088",undefined *
004cf08c,004cf090,data,"DAT_004cf08c",undefined *
004cf090,004cf094,data,"DAT_004cf090",undefined *
004cf094,004cf098,data,"DAT_004cf094",undefined *
004cf098,004cf09c,data,"DAT_004cf098",undefined *
004cf09c,004cf0a0,data,"DAT_004cf09c",undefined *
004cf0a0,004cf0a4,data,"DAT_004cf0a0",undefined *
004cf0a4,004cf0a8,data,"DAT_004cf0a4",undefined *
004cf0a8,004cf0ac,data,"DAT_004cf0a8",undefined *
004cf0ac,004cf0b0,data,"DAT_004cf0ac",undefined *
004cf0b0,004cf0b4,data,"DAT_004cf0b0",undefined *
004cf0b4,004cf0b8,data,"DAT_004cf0b4",undefined *
004cf0b8,004cf0bc,data,"DAT_004cf0b8",undefined *
004cf0bc,004cf0c0,data,"DAT_004cf0bc",undefined *
004cf0c0,004cf0c4,data,"DAT_004cf0c0",undefined *
004cf0c4,004cf0c8,data,"DAT_004cf0c4",undefined *
004cf0c8,004cf0cc,data,"DAT_004cf0c8",undefined *
004cf0cc,004cf0d0,data,"DAT_004cf0cc",undefined *
004cf0d0,004cf0d4,data,"DAT_004cf0d0",undefined *
004cf0d4,004cf0d8,data,"DAT_004cf0d4",undefined *
004cf0d8,004cf0dc,data,"DAT_004cf0d8",undefined *
004cf0dc,004cf0e0,data,"DAT_004cf0dc",undefined *
004cf0e0,004cf0e4,data,"DAT_004cf0e0",undefined *
004cf0e4,004cf0e8,data,"DAT_004cf0e4",undefined *
004cf0e8,004cf0ec,data,"DAT_004cf0e8",undefined *
004cf0ec,004cf0f0,data,"DAT_004cf0ec",undefined *
004cf0f0,004cf0f4,data,"DAT_004cf0f0",undefined *
004cf0f4,004cf0f8,data,"DAT_004cf0f4",undefined *
004cf0f8,004cf0fc,data,"DAT_004cf0f8",undefined *
004cf0fc,004cf100,data,"DAT_004cf0fc",undefined *
004cf100,004cf104,data,"DAT_004cf100",undefined *
004cf104,004cf108,data,"DAT_004cf104",undefined *
004cf108,004cf10c,data,"DAT_004cf108",undefined *
004cf10c,004cf110,data,"DAT_004cf10c",undefined *
004cf110,004cf114,data,"DAT_004cf110",undefined *
004cf114,004cf118,data,"DAT_004cf114",undefined *
004cf120,004cf124,data,"DAT_004cf120",undefined *
004cf124,004cf128,data,"DAT_004cf124",undefined *
004cf128,004cf12c,data,"DAT_004cf128",undefined *
004cf12c,004cf130,data,"DAT_004cf12c",undefined *
004cf150,004cf15b,data,"s_LTAnim_End_004cf150",string
004cf15c,004cf160,data,"PTR_s_LT_ERROR:_%s_returned_%s_(%s)_004cf15c",pointer
004cf160,004cf17e,data,"s_LT_ERROR:_%s_returned_%s_(%s)_004cf160",string
004cf180,004cf192,data,"s_SetInstanceHandle_004cf180",string
004cf194,004cf1a9,data,"s_bm_SetInstanceHandle_004cf194",string
004cf1b0,004cf1b2,data,"DAT_004cf1b0",undefined2
004cf1b8,004cf1e6,data,"s_Invalid_Binkw32.dll,_video_playb_004cf1b8",string
004cf1e8,004cf1fd,data,"s__BinkRestoreCursor@4_004cf1e8",string
004cf200,004cf214,data,"s__BinkCheckCursor@20_004cf200",string
004cf214,004cf22c,data,"s__BinkIsSoftwareCursor@8_004cf214",string
004cf22c,004cf23d,data,"s__BinkNextFrame@4_004cf22c",string
004cf240,004cf24f,data,"s__BinkDoFrame@4_004cf240",string
004cf250,004cf265,data,"s__BinkCopyToBuffer@28_004cf250",string
004cf268,004cf274,data,"s__BinkWait@4_004cf268",string
004cf274,004cf281,data,"s__BinkClose@4_004cf274",string
004cf284,004cf290,data,"s__BinkOpen@8_004cf284",string
004cf290,004cf2a5,data,"s__BinkSetSoundTrack@4_004cf290",string
004cf2a8,004cf2bf,data,"s__BinkOpenDirectSound@4_004cf2a8",string
004cf2c0,004cf2d1,data,"s__BinkOpenMiles@4_004cf2c0",string
004cf2d4,004cf2ea,data,"s__BinkSetSoundSystem@8_004cf2d4",string
004cf2ec,004cf2ff,data,"s_BinkVideoMgr::Init_004cf2ec",string
004cf304,004cf339,data,"s_Unable_to_find_Binkw32.dll,_vide_004cf304",string
004cf33c,004cf348,data,"s_Binkw32.dll_004cf33c",string
004cf348,004cf355,data,"s_BinkVideoMgr_004cf348",string
004cf35c,004cf370,data,"s_BinkVideoInst::Init_004cf35c",string
004cf370,004cf37f,data,"s_LT_MISSINGFILE_004cf370",string
004cf380,004cf390,data,"s_BinkOpen_failed_004cf380",string
004cf390,004cf3aa,data,"s_BinkVideoInst::InitScreen_004cf390",string
004cf3ac,004cf3b5,data,"s_LT_ERROR_004cf3ac",string
004cf3b8,004cf3da,data,"s_IDirectDraw::CreateSurface_faile_004cf3b8",string
004cf3dc,004cf3ff,data,"s_IDirectDraw::GetDisplayMode_fail_004cf3dc",string
004cf400,004cf40b,data,"s_BACKBUFFER_004cf400",string
004cf40c,004cf419,data,"s_LPDIRECTDRAW_004cf40c",string
004cf41c,004cf437,data,"s_BinkVideoInst::InitTexture_004cf41c",string
004cf438,004cf455,data,"s_BinkVideoInst::BindToSurface_004cf438",string
004cf458,004cf476,data,"s_BinkVideoInst::UpdateOnScreen_004cf458",string
004cf478,004cf48a,data,"s_LT_NOTINITIALIZED_004cf478",string
004cf48c,004cf4a7,data,"s_GetHook(BACKBUFFER)_failed_004cf48c",string
004cf4a8,004cf4ca,data,"s_BinkVideoInst::UpdateTextureVide_004cf4a8",string
004cf4d0,004cf4df,data,"s_ObjectDLLSetup_004cf4d0",string
004cf4e0,004cf4e1,data,"DAT_004cf4e0",undefined1
004cf4e1,004cf4e2,data,"DAT_004cf4e1",undefined1
004cf4e4,004cf4f7,data,"s_LoadServerBinaries_004cf4e4",string
004cf4f8,004cf508,data,"s_LT_MISSINGCLASS_004cf4f8",string
004cf50c,004cf516,data,"s_BaseClass_004cf50c",string
004cf518,004cf52b,data,"s_InitExtraClassData_004cf518",string
004cf53c,004cf54a,data,"s_Out_of_memory_004cf53c",string
004cf54c,004cf565,data,"s_Running_for_%.1f_seconds_004cf54c",string
004cf568,004cf589,data,"s_Setting_process_to_high_priority_004cf568",string
004cf58c,004cf599,data,"s_breakonerror_004cf58c",string
004cf59c,004cf5a8,data,"s_windowtitle_004cf59c",string
004cf5a8,004cf5b1,data,"s_LithTech_004cf5a8",string
004cf5b4,004cf5d7,data,"s_Unknown_error_initializing_engin_004cf5b4",string
004cf5d8,004cf5f2,data,"s_Unable_to_load_ltmsg.dll._004cf5d8",string
004cf5f4,004cf5fa,data,"s_Error_004cf5f4",string
004cf5fc,004cf607,data,"s_workingdir_004cf5fc",string
004cf608,004cf619,data,"s_DebugStructBanks_004cf608",string
004cf61c,004cf64c,data,"s_LithTech_build_%s_initialized_in_004cf61c",string
004cf64c,004cf659,data,"s_autoexec.cfg_004cf64c",string
004cf65c,004cf663,data,"s_config_004cf65c",string
004cf664,004cf66c,data,"s_noinput_004cf664",string
004cf674,004cf67a,data,"s_world_004cf674",string
004cf688,004cf691,data,"s_%s%d.bmp_004cf688",string
004cf694,004cf6bc,data,"s_Lost_focus..._Sending_LOSTFOCUS_e_004cf694",string
004cf6bc,004cf6ea,data,"s_Regained_focus..._Sending_GAINED_004cf6bc",string
004cf6ec,004cf714,data,"s_Losing_focus.._shutting_down_ren_004cf6ec",string
004cf714,004cf73d,data,"s_Regained_focus.._initializing_re_004cf714",string
004cf748,004cf751,data,"s_-cmdfile_004cf748",string
004cf754,004cf76f,data,"s_Unable_to_load_launch.dll._004cf754",string
004cf770,004cf787,data,"s_GetLithTechCommandLine_004cf770",string
004cf788,004cf793,data,"s_launch.dll_004cf788",string
004cf794,004cf79b,data,"s_launch_004cf794",string
004cf79c,004cf7a8,data,"DAT_004cf79c",string
004cf7a8,004cf7b4,data,"s_c:\de_cache_004cf7a8",string
004cf7b4,004cf7d3,data,"s_Unable_to_find_server_file:_%s_004cf7b4",string
004cf7d4,004cf7e0,data,"DAT_004cf7d4",string
004cf7e0,004cf7e4,data,"PTR_s_ClientLightAnimLT_SetLightAnimI_004cf7e0",pointer
004cf7e4,004cf808,data,"s_ClientLightAnimLT::SetLightAnimI_004cf7e4",string
004cf808,004cf819,data,"s_LT_INVALIDPARAMS_004cf808",string
004cf81c,004cf834,data,"s_CPhysicsLT::SetVelocity_004cf81c",string
004cf834,004cf850,data,"s_CPhysicsLT::SetAcceleration_004cf834",string
004cf850,004cf867,data,"s_CPhysicsLT::MoveObject_004cf850",string
004cf868,004cf883,data,"s_CPhysicsLT::UpdateMovement_004cf868",string
004cf884,004cf89e,data,"s_SPhysicsLT::SetObjectDims_004cf884",string
004cf8a0,004cf8ba,data,"s_CPhysicsLT::SetObjectDims_004cf8a0",string
004cf8bc,004cf8d8,data,"s_CPhysicsLT::MovePushObjects_004cf8bc",string
004cf8d8,004cf8dc,data,"PTR_s_CPhysicsLT_MovePushObjects_004cf8d8",pointer
004cf8dc,004cf8fa,data,"s_CPhysicsLT::RotatePushObjects_004cf8dc",string
004cf8fc,004cf900,data,"PTR_s_CPhysicsLT_RotatePushObjects_004cf8fc",pointer
004cf900,004cf923,data,"s_ClientCommonLT::SetObjectFilenam_004cf900",string
004cf924,004cf928,data,"PTR_s_ClientCommonLT_SetObjectFilenam_004cf924",pointer
004cf928,004cf946,data,"s_CommonLT::GetPolyTextureFlags_004cf928",string
004cf948,004cf95e,data,"s_CommonLT::GetPolyInfo_004cf948",string
004cf960,004cf97e,data,"s_CommonLT::GetPolySurfaceFlags_004cf960",string
004cf980,004cf999,data,"s_CLTClient::GetPointShade_004cf980",string
004cf99c,004cf9c1,data,"s_ClientCommonLT::GetAttachmentObj_004cf99c",string
004cf9c4,004cf9c8,data,"PTR_s_ClientCommonLT_GetAttachmentObj_004cf9c4",pointer
004cf9c8,004cf9e6,data,"s_LVideoMgr::StartOnScreenVideo_004cf9c8",string
004cf9e8,004cfa05,data,"s_LVideoMgr::StartTextureVideo_004cf9e8",string
004cfa08,004cfa1f,data,"s_LVideoMgr::UpdateVideo_004cfa08",string
004cfa20,004cfa42,data,"s_LVideoMgr::BindTextureVideoToPol_004cfa20",string
004cfa44,004cfa5e,data,"s_ClientModelLT::SetCurAnim_004cfa44",string
004cfa60,004cfa64,data,"PTR_s_ClientModelLT_SetCurAnim_004cfa60",pointer
004cfa64,004cfa84,data,"s_ClientLightAnimLT::GetNumFrames_004cfa64",string
004cfa84,004cfa88,data,"PTR_s_ClientLightAnimLT_GetNumFrames_004cfa84",pointer
004cfa88,004cfaac,data,"s_ClientLightAnimLT::GetLightAnimI_004cfa88",string
004cfaac,004cfab0,data,"PTR_s_ClientLightAnimLT_GetLightAnimI_004cfaac",pointer
004cfab0,004cfac4,data,"s_CLTClient::OpenFile_004cfab0",string
004cfac8,004cfae0,data,"s_CLTClient::SetObjectPos_004cfac8",string
004cfae0,004cfae4,data,"PTR_s_CLTClient_SetObjectPos_004cfae0",pointer
004cfae4,004cfaef,data,"s_StartQuery_004cfae4",string
004cfaf0,004cfafc,data,"s_UpdateQuery_004cfaf0",string
004cfafc,004cfb0c,data,"s_GetQueryResults_004cfafc",string
004cfb0c,004cfb15,data,"s_EndQuery_004cfb0c",string
004cfb18,004cfb24,data,"s_LT_NOTFOUND_004cfb18",string
004cfb24,004cfb41,data,"s_CLTClient::GetSConValueFloat_004cfb24",string
004cfb44,004cfb62,data,"s_CLTClient::GetSConValueString_004cfb44",string
004cfb64,004cfb68,data,"PTR_s_CLTClient_SendToServer_004cfb64",pointer
004cfb68,004cfb80,data,"s_CLTClient::SendToServer_004cfb68",string
004cfb80,004cfb93,data,"s_CPacket::WriteType_004cfb80",string
004cfb94,004cfbb1,data,"s_ERROR:_Packet_write_overrun!_004cfb94",string
004cfbb4,004cfbd2,data,"s_CLTClient::ProcessAttachments_004cfbb4",string
004cfbd4,004cfbf0,data,"s_CLTClient::GetSpriteControl_004cfbd4",string
004cfbf0,004cfc0c,data,"s_CLTClient::ModelNodeControl_004cfbf0",string
004cfc0c,004cfc10,data,"PTR_s_CLTClient_ModelNodeControl_004cfc0c",pointer
004cfc10,004cfc27,data,"s_CLTClient::GetCanvasFn_004cfc10",string
004cfc28,004cfc2c,data,"PTR_s_CLTClient_GetCanvasFn_004cfc28",pointer
004cfc2c,004cfc43,data,"s_CLTClient::SetCanvasFn_004cfc2c",string
004cfc44,004cfc48,data,"PTR_s_CLTClient_SetCanvasFn_004cfc44",pointer
004cfc48,004cfc63,data,"s_CLTClient::GetCanvasRadius_004cfc48",string
004cfc64,004cfc68,data,"PTR_s_CLTClient_GetCanvasRadius_004cfc64",pointer
004cfc68,004cfc6c,data,"PTR_s_CLTClient_GetCanvasRadius_004cfc68",pointer
004cfc6c,004cfc86,data,"s_CLTClient::GetAttachments_004cfc6c",string
004cfc88,004cfc8c,data,"PTR_s_CLTClient_GetAttachments_004cfc88",pointer
004cfc8c,004cfca2,data,"s_CLTClient::StartVideo_004cfc8c",string
004cfca4,004cfcbb,data,"s_CLTClient::EndMessage2_004cfca4",string
004cfcc0,004cfcd8,data,"s_CLTClient::RemoveObject_004cfcc0",string
004cfcd8,004cfcf5,data,"s_CLTClient::SetPolyHideStatus_004cfcd8",string
004cfcf8,004cfd17,data,"s_CLTClient::GetPolyTextureFlags_004cfcf8",string
004cfd18,004cfd32,data,"s_CLTClient::GetServiceList_004cfd18",string
004cfd34,004cfd4d,data,"s_CLTClient::SelectService_004cfd34",string
004cfd50,004cfd5c,data,"s_internet_004cfd50",string
004cfd5c,004cfd77,data,"s_CLTClient::GetTcpIpAddress_004cfd5c",string
004cfd78,004cfd93,data,"s_CLTClient::IsLobbyLaunched_004cfd78",string
004cfd94,004cfd9b,data,"s_dplay2_004cfd94",string
004cfd9c,004cfdba,data,"s_CLTClient::GetLobbyLaunchInfo_004cfd9c",string
004cfdc0,004cfdcc,data,"s_SetGameInfo_004cfdc0",string
004cfdd0,004cfddb,data,"s_FlipScreen_004cfdd0",string
004cfddc,004cfde8,data,"s_ClearScreen_004cfddc",string
004cfdec,004cfdf4,data,"s_Start3D_004cfdec",string
004cfdf8,004cfe05,data,"s_RenderCamera_004cfdf8",string
004cfe08,004cfe16,data,"s_RenderObjects_004cfe08",string
004cfe18,004cfe29,data,"s_StartOptimized2D_004cfe18",string
004cfe2c,004cfe3b,data,"s_EndOptimized2D_004cfe2c",string
004cfe3c,004cfe50,data,"s_SetOptimized2DBlend_004cfe3c",string
004cfe50,004cfe64,data,"s_SetOptimized2DColor_004cfe50",string
004cfe64,004cfe6a,data,"s_End3D_004cfe64",string
004cfe70,004cfe83,data,"s_GetWorldInfoString_004cfe70",string
004cfe84,004cfe95,data,"s_GetSoundDuration_004cfe84",string
004cfe98,004cfea6,data,"s_GetSoundTimer_004cfe98",string
004cfea8,004cfeb5,data,"s_GetSoundData_004cfea8",string
004cfeb8,004cfec7,data,"s_GetSoundOffset_004cfeb8",string
004cfec8,004cfeea,data,"s_CLTClient::RegisterConsoleProgra_004cfec8",string
004cfef0,004cff14,data,"s_CLTClient::UnregisterConsoleProg_004cfef0",string
004cff14,004cff28,data,"s_SetGlobalPanTexture_004cff14",string
004cff28,004cff39,data,"s_SetGlobalPanInfo_004cff28",string
004cff3c,004cff56,data,"s_CLTClient::GetObjectScale_004cff3c",string
004cff58,004cff72,data,"s_CLTClient::SetObjectScale_004cff58",string
004cff74,004cff92,data,"s_CLTClient::GetObjectUserFlags_004cff74",string
004cff94,004cffb2,data,"s_CLTClient::SetObjectUserFlags_004cff94",string
004cffb4,004cffc2,data,"s_Get3DCameraPt_004cffb4",string
004cffc8,004cffdc,data,"s_SetupParticleSystem_004cffc8",string
004cffdc,004cfffa,data,"s_CLTClient::SetSoftwarePSColor_004cffdc",string
004cfffc,004d001b,data,"s_CLTClient::GetParticleLifetime_004cfffc",string
004d001c,004d0039,data,"s_CLTClient::OptimizeParticles_004d001c",string
004d003c,004d005a,data,"s_CLTClient::SetPolyGridTexture_004d003c",string
004d005c,004d006d,data,"s_invalid_PolyGrid_004d005c",string
004d0070,004d0082,data,"s_SetPolyGridEnvMap_004d0070",string
004d0084,004d00a6,data,"s_CLTClient::GetPolyGridTextureInf_004d0084",string
004d00a8,004d00bf,data,"s_GetPolyGridTextureInfo_004d00a8",string
004d00c0,004d00e2,data,"s_CLTClient::SetPolyGridTextureInf_004d00c0",string
004d00e4,004d00f4,data,"s_GetPolyGridInfo_004d00e4",string
004d00f4,004d010b,data,"s_CLTClient::FitPolyGrid_004d00f4",string
004d010c,004d0110,data,"PTR_s_cis_MaskedDraw_004d010c",pointer
004d0110,004d0114,data,"PTR_s_cis_DoDrawSurfaceToSurface_004d0110",pointer
004d0114,004d0118,data,"PTR_s_ILTClient_GetSurfaceAlpha_004d0114",pointer
004d0118,004d011c,data,"PTR_s_ILTClient_GetSurfaceAlpha_004d0118",pointer
004d011c,004d0137,data,"s_ILTClient::GetSurfaceAlpha_004d011c",string
004d0138,004d0153,data,"s_cis_DoDrawSurfaceToSurface_004d0138",string
004d0154,004d0163,data,"s_cis_MaskedDraw_004d0154",string
004d0164,004d017f,data,"s_(renderer_not_initialized)_004d0164",string
004d0180,004d0199,data,"s_ILTClient::DeleteSurface_004d0180",string
004d019c,004d01ab,data,"s_(null_surface)_004d019c",string
004d01ac,004d01c0,data,"s_ILTClient::GetPixel_004d01ac",string
004d01c0,004d01d4,data,"s_ILTClient::SetPixel_004d01c0",string
004d01d4,004d01e2,data,"s_GetBorderSize_004d01d4",string
004d01e4,004d01f4,data,"s_OptimizeSurface_004d01e4",string
004d01f4,004d020a,data,"s_DrawSurfaceSolidColor_004d01f4",string
004d020c,004d021e,data,"s_DrawSurfaceMasked_004d020c",string
004d0220,004d0235,data,"s_DrawSurfaceToSurface_004d0220",string
004d0238,004d0258,data,"s_DrawSurfaceToSurfaceTransparent_004d0238",string
004d0258,004d026e,data,"s_ScaleSurfaceToSurface_004d0258",string
004d0270,004d028e,data,"s_InternalScaleSurfaceToSurface_004d0270",string
004d0290,004d02b1,data,"s_ScaleSurfaceToSurfaceTransparent_004d0290",string
004d02b4,004d02d4,data,"s_ScaleSurfaceToSurfaceSolidColor_004d02b4",string
004d02d4,004d02e9,data,"s_WarpSurfaceToSurface_004d02d4",string
004d02ec,004d0309,data,"s_InternalWarpSurfaceToSurface_004d02ec",string
004d030c,004d0318,data,"s_nCoords_<_3_004d030c",string
004d0318,004d0338,data,"s_WarpSurfaceToSurfaceTransparent_004d0318",string
004d0338,004d0357,data,"s_WarpSurfaceToSurfaceSolidColor_004d0338",string
004d0358,004d0372,data,"s_TransformSurfaceToSurface_004d0358",string
004d0374,004d0396,data,"s_InternalTransformSurfaceToSurfac_004d0374",string
004d0398,004d03bd,data,"s_TransformSurfaceToSurfaceTranspa_004d0398",string
004d03c0,004d03c9,data,"s_FillRect_004d03c0",string
004d03cc,004d03dc,data,"s_cresl_hinstance_004d03cc",string
004d03dc,004d03eb,data,"s_cres_hinstance_004d03dc",string
004d03f8,004d03fc,data,"PTR_FUN_004d03f8",pointer
004d03fe,004d0428,data,"DAT_004d03fe",unicode
004d0428,004d0431,data,"s_carddesc_004d0428",string
004d0434,004d0435,data,"DAT_004d0434",undefined1
004d0435,004d043c,data,"s_3d.ren_004d0435",string
004d043c,004d0446,data,"s_renderdll_004d043c",string
004d0450,004d046b,data,"s_Warning:_NullRender_is_ON._004d0450",string
004d0470,004d047b,data,"s_version_%s_004d0470",string
004d0480,004d0491,data,"s_CClientMgr::Init_004d0480",string
004d0498,004d04ae,data,"s_Missing_m_pNetSession_004d0498",string
004d04b0,004d04c7,data,"s_CClientMgr::StartShell_004d04b0",string
004d04c8,004d04d7,data,"s_LT_SERVERERROR_004d04c8",string
004d04d8,004d04ec,data,"s_error_loading_world_004d04d8",string
004d04ec,004d04f6,data,"s_StartGame_004d04ec",string
004d0500,004d0519,data,"s_CClientMgr::AppInitMusic_004d0500",string
004d0520,004d052c,data,"s_cdaudio.dll_004d0520",string
004d052c,004d0542,data,"s_Missing_sound_file_%s_004d052c",string
004d0544,004d0561,data,"s_Sounds:_playing:%d,_heard:%d_004d0544",string
004d0564,004d056b,data,"s_Player_004d0564",string
004d056c,004d0580,data,"DAT_004d056c",string
004d0584,004d058a,data,"s_;_004d0584",string
004d058c,004d0596,data,"s_(%s)_(%s)_004d058c",string
004d0598,004d059c,data,"DAT_004d0598",undefined4
004d059c,004d05a5,data,"s_Client:_004d059c",string
004d05a8,004d05bb,data,"s_Connecting_locally_004d05a8",string
004d05bc,004d05c4,data,"s_local_004d05bc",string
004d05c4,004d05d5,data,"s_Metaltek_Session_004d05c4",string
004d05d8,004d05f3,data,"s_CClientShell::StartupLocal_004d05d8",string
004d05f4,004d0612,data,"s_CClientShell::CreateServerMgr_004d05f4",string
004d0614,004d0629,data,"s_CClientShell::Update_004d0614",string
004d062c,004d064c,data,"s_LT_SERVERERROR|ERROR_DISCONNECT_004d062c",string
004d064c,004d065a,data,"s_alwaysfocused_004d064c",string
004d065c,004d0670,data,"s_LT_INVALIDWORLDFILE_004d065c",string
004d0670,004d0691,data,"s_CreateVisContainerObjects_failed_004d0670",string
004d0698,004d06aa,data,"s_Entering_world_%s_004d0698",string
004d06b8,004d06c7,data,"s_Inherit_failed_004d06b8",string
004d06c8,004d06e1,data,"s_ClientShell::DoLoadWorld_004d06c8",string
004d06e4,004d06fe,data,"s_CClientShell::DoLoadWorld_004d06e4",string
004d0700,004d0712,data,"s_CPacket::ReadType_004d0700",string
004d0714,004d0730,data,"s_ERROR:_Packet_read_overrun!_004d0714",string
004d0730,004d074d,data,"s_textures\default_texture.dtx_004d0730",string
004d0750,004d0770,data,"s_Unable_to_find_world_texture_%s_004d0750",string
004d0770,004d0797,data,"s_Client_inherited_model_%s_from_s_004d0770",string
004d0798,004d079c,data,"DAT_004d0798",undefined4
004d07b0,004d07cd,data,"s_CLoaderThread::LoadModel(%s)_004d07b0",string
004d07d0,004d07de,data,"s_CLIENT-OBJECT_004d07d0",string
004d07e0,004d07e7,data,"s_%s;_%s_004d07e0",string
004d07e8,004d07ec,data,"PTR_FUN_004d07e8",undefined *
004d07ec,004d07f0,data,"DAT_004d07ec",undefined *
004d07f0,004d07f4,data,"DAT_004d07f0",undefined *
004d07f4,004d07f8,data,"DAT_004d07f4",undefined *
004d07f8,004d07fc,data,"DAT_004d07f8",undefined *
004d07fc,004d0800,data,"DAT_004d07fc",undefined *
004d0800,004d0804,data,"DAT_004d0800",undefined *
004d0812,004d0854,data,"DAT_004d0812",string
004d0854,004d088e,data,"s_GetSphereCollideTestPolys!!_Worl_004d0854",string
004d0890,004d08cb,data,"s_GetSpherePosTestPolys!!_World_ca_004d0890",string
004d08cc,004d0902,data,"s_GetSpherePosTestPolys!!_World_ca_004d08cc",string
004d0904,004d092f,data,"s_Error:_physics_recursed_infinite_004d0904",string
004d0930,004d095e,data,"s_Did_not_intersect_with_WorldMode_004d0930",string
004d0968,004d0973,data,"s_""%s""_""%s""_004d0968",string
004d0978,004d0980,data,"s_%s_=_%s_004d0978",string
004d0980,004d0986,data,"s_.()""_004d0980",string
004d0988,004d098f,data,"s_#12345_004d0988",string
004d0990,004d099c,data,"s_ConsoleFont_004d0990",string
004d099c,004d09a2,data,"s_>%s*>_004d099c",string
004d09a4,004d09b0,data,"s_console.pcx_004d09a4",string
004d09b0,004d09b2,data,"DAT_004d09b0",undefined2
004d09b8,004d09bc,data,"PTR_input_SaveBindings_004d09b8",pointer
004d09c0,004d09c4,data,"PTR_s_BlastServer_004d09c0",pointer
004d0b70,004d0b7c,data,"DAT_004d0b70",string
004d0b7c,004d0b88,data,"DAT_004d0b7c",string
004d0b90,004d0b9c,data,"DAT_004d0b90",string
004d0b9c,004d0bac,data,"DAT_004d0b9c",string
004d0bac,004d0bbc,data,"DAT_004d0bac",string
004d0bbc,004d0bcc,data,"DAT_004d0bbc",string
004d0bcc,004d0bd8,data,"DAT_004d0bcc",string
004d0bd8,004d0be8,data,"DAT_004d0bd8",string
004d0be8,004d0bf8,data,"DAT_004d0be8",string
004d0bf8,004d0bff,data,"s_EnvMap_004d0bf8",string
004d0c00,004d0c10,data,"DAT_004d0c00",string
004d0c10,004d0c20,data,"DAT_004d0c10",string
004d0c20,004d0c30,data,"DAT_004d0c20",string
004d0c30,004d0c40,data,"DAT_004d0c30",string
004d0c4c,004d0c5c,data,"DAT_004d0c4c",string
004d0c5c,004d0c6c,data,"DAT_004d0c5c",string
004d0c6c,004d0c74,data,"DAT_004d0c6c",string
004d0c74,004d0c80,data,"DAT_004d0c74",string
004d0c80,004d0c8c,data,"DAT_004d0c80",string
004d0c8c,004d0c94,data,"DAT_004d0c8c",string
004d0c94,004d0c9c,data,"DAT_004d0c94",string
004d0ca4,004d0cb0,data,"DAT_004d0ca4",string
004d0cb0,004d0cc0,data,"DAT_004d0cb0",string
004d0cc0,004d0ccc,data,"DAT_004d0cc0",string
004d0ccc,004d0cd4,data,"DAT_004d0ccc",string
004d0cd4,004d0ce0,data,"DAT_004d0cd4",string
004d0ce0,004d0cec,data,"DAT_004d0ce0",string
004d0cfc,004d0d10,data,"DAT_004d0cfc",string
004d0d10,004d0d1c,data,"s_BlastServer_004d0d10",string
004d0d1c,004d0d30,data,"DAT_004d0d1c",string
004d0d30,004d0d3c,data,"DAT_004d0d30",string
004d0d3c,004d0d48,data,"DAT_004d0d3c",string
004d0d48,004d0d58,data,"DAT_004d0d48",string
004d0d58,004d0d5f,data,"s_%s.dat_004d0d58",string
004d0d60,004d0d8c,data,"DAT_004d0d60",string
004d0d8c,004d0d98,data,"DAT_004d0d8c",string
004d0d98,004d0dc0,data,"DAT_004d0d98",string
004d0dc0,004d0ddc,data,"DAT_004d0dc0",string
004d0ddc,004d0e04,data,"DAT_004d0ddc",string
004d0e04,004d0e2c,data,"DAT_004d0e04",string
004d0e2c,004d0e3c,data,"DAT_004d0e2c",string
004d0e3c,004d0e54,data,"DAT_004d0e3c",string
004d0e5c,004d0e78,data,"DAT_004d0e5c",string
004d0e78,004d0e94,data,"DAT_004d0e78",string
004d0e94,004d0ec4,data,"DAT_004d0e94",string
004d0ec4,004d0ecc,data,"DAT_004d0ec4",string
004d0ecc,004d0ed4,data,"DAT_004d0ecc",string
004d0edc,004d0ee4,data,"DAT_004d0edc",string
004d0ee4,004d0eec,data,"DAT_004d0ee4",string
004d0ef8,004d0f40,data,"DAT_004d0ef8",string
004d0f40,004d0f60,data,"DAT_004d0f40",string
004d0f60,004d0f84,data,"DAT_004d0f60",string
004d0f84,004d0fa4,data,"DAT_004d0f84",string
004d0fa4,004d0fc0,data,"DAT_004d0fa4",string
004d0fc0,004d0fe8,data,"DAT_004d0fc0",string
004d0fe8,004d1000,data,"DAT_004d0fe8",string
004d1000,004d1018,data,"DAT_004d1000",string
004d1018,004d1040,data,"DAT_004d1018",string
004d1040,004d104c,data,"DAT_004d1040",string
004d104c,004d1068,data,"DAT_004d104c",string
004d1068,004d1090,data,"DAT_004d1068",string
004d1090,004d10a8,data,"DAT_004d1090",string
004d10a8,004d10c0,data,"DAT_004d10a8",string
004d10c0,004d10d4,data,"DAT_004d10c0",string
004d10d4,004d10fc,data,"DAT_004d10d4",string
004d10fc,004d1110,data,"DAT_004d10fc",string
004d1110,004d112c,data,"DAT_004d1110",string
004d112c,004d1140,data,"DAT_004d112c",string
004d1140,004d1150,data,"DAT_004d1140",string
004d1150,004d1160,data,"DAT_004d1150",string
004d1160,004d1170,data,"DAT_004d1160",string
004d1170,004d11ac,data,"DAT_004d1170",string
004d11b4,004d11bc,data,"DAT_004d11b4",string
004d11bc,004d11c4,data,"DAT_004d11bc",string
004d11c8,004d11ec,data,"DAT_004d11c8",string
004d11ec,004d1200,data,"DAT_004d11ec",string
004d1200,004d1218,data,"DAT_004d1200",string
004d1218,004d122c,data,"DAT_004d1218",string
004d1230,004d1234,data,"DAT_004d1230",undefined4
004d1234,004d1238,data,"DAT_004d1234",undefined4
004d1238,004d1257,data,"s_ILTCSBase::WriteToMessageFloat_004d1238",string
004d1258,004d1276,data,"s_ILTCSBase::WriteToMessageByte_004d1258",string
004d1278,004d1296,data,"s_ILTCSBase::WriteToMessageWord_004d1278",string
004d1298,004d12b7,data,"s_ILTCSBase::WriteToMessageDWord_004d1298",string
004d12b8,004d12d8,data,"s_ILTCSBase::WriteToMessageString_004d12b8",string
004d12d8,004d12f8,data,"s_ILTCSBase::WriteToMessageVector_004d12d8",string
004d12f8,004d131c,data,"s_ILTCSBase::WriteToMessageCompVec_004d12f8",string
004d131c,004d1342,data,"s_ILTCSBase::WriteToMessageCompPos_004d131c",string
004d1344,004d1366,data,"s_ILTCSBase::WriteToMessageRotatio_004d1344",string
004d1368,004d1389,data,"s_ILTCSBase::WriteToMessageHString_004d1368",string
004d138c,004d13b3,data,"s_ILTCSBase::WriteToMessageHMessag_004d138c",string
004d13b4,004d13da,data,"s_ILTCSBase::WriteToMessageHMessag_004d13b4",string
004d13dc,004d1406,data,"s_ILTCSBase::WriteToMessageFormatt_004d13dc",string
004d1408,004d1428,data,"s_ILTCSBase::WriteToMessageObject_004d1408",string
004d1428,004d1448,data,"s_ILTCSBase::ReadFromMessageFloat_004d1428",string
004d1448,004d1467,data,"s_ILTCSBase::ReadFromMessageByte_004d1448",string
004d1468,004d1487,data,"s_ILTCSBase::ReadFromMessageWord_004d1468",string
004d1488,004d14a8,data,"s_ILTCSBase::ReadFromMessageDWord_004d1488",string
004d14a8,004d14c9,data,"s_ILTCSBase::ReadFromMessageVector_004d14a8",string
004d14cc,004d14f1,data,"s_ILTCSBase::ReadFromMessageCompVe_004d14cc",string
004d14f4,004d151b,data,"s_ILTCSBase::ReadFromMessageCompPo_004d14f4",string
004d151c,004d153f,data,"s_ILTCSBase::ReadFromMessageRotati_004d151c",string
004d1540,004d1561,data,"s_ILTCSBase::ReadFromMessageObject_004d1540",string
004d1564,004d1586,data,"s_ILTCSBase::ReadFromMessageHStrin_004d1564",string
004d1588,004d15b1,data,"s_ILTCSBase::ReadFromLoadSaveMessa_004d1588",string
004d15b4,004d15db,data,"s_ILTCSBase::ReadFromMessageHMessa_004d15b4",string
004d15dc,004d15f7,data,"s_ILTCSBase::EndHMessageRead_004d15dc",string
004d15f8,004d1614,data,"s_ILTCSBase::EndHMessageWrite_004d15f8",string
004d1614,004d1629,data,"s_ILTCSBase::ResetRead_004d1614",string
004d162c,004d164a,data,"s_ILTCSBase::GetRotationVectors_004d162c",string
004d164c,004d1674,data,"s_ILTCSBase::GetRotationVectorsFro_004d164c",string
004d1674,004d1690,data,"s_ILTCSBase::RotateAroundAxis_004d1674",string
004d1690,004d16a8,data,"s_ILTCSBase::EulerRotateX_004d1690",string
004d16a8,004d16c0,data,"s_ILTCSBase::EulerRotateY_004d16a8",string
004d16c0,004d16d8,data,"s_ILTCSBase::EulerRotateZ_004d16c0",string
004d16d8,004d16f1,data,"s_ILTCSBase::AlignRotation_004d16d8",string
004d16f4,004d170a,data,"s_ILTCSBase::SetupEuler_004d16f4",string
004d170c,004d172b,data,"s_ILTCSBase::InterpolateRotation_004d170c",string
004d172c,004d1751,data,"s_ILTCSBase::SetupTransformationMa_004d172c",string
004d1754,004d1776,data,"s_ILTCSBase::SetupTranslationMatri_004d1754",string
004d1778,004d1797,data,"s_ILTCSBase::SetupRotationMatrix_004d1778",string
004d1798,004d17be,data,"s_ILTCSBase::SetupTranslationFromM_004d1798",string
004d17c0,004d17e3,data,"s_ILTCSBase::SetupRotationFromMatr_004d17c0",string
004d17e4,004d1808,data,"s_ILTCSBase::SetupRotationAroundPo_004d17e4",string
004d180c,004d1849,data,"s_SweptSphereOrient_Rotation_Inval_004d180c",string
004d184c,004d188b,data,"s_An_object_(type_%d)_has_suspicio_004d184c",string
004d188c,004d18c0,data,"s_Model_%s_has_suspiciously_large_i_004d188c",string
004d18c4,004d18ca,data,"s_%s\%s_004d18c4",string
004d18cc,004d18d2,data,"s_%s/%s_004d18cc",string
004d18d8,004d18f8,data,"s_stream_%p_open_rez_%s_size_=_%u_004d18d8",string
004d18f8,004d1919,data,"s_stream_%p_open_file_%s_size_=_%u_004d18f8",string
004d191c,004d1939,data,"s_read_%u_bytes_from_stream_%p_004d191c",string
004d193c,004d1958,data,"s_read_from_stream_%p_size_%u_004d193c",string
004d1958,004d195a,data,"DAT_004d1958",undefined2
004d195c,004d1966,data,"s_%s\%s\*.*_004d195c",string
004d1968,004d1972,data,"s_%s/%s/*.*_004d1968",string
004d1978,004d19a7,data,"s_close_stream_%p_num_reads_=_%u_b_004d1978",string
004d19a8,004d19b0,data,"s_%s%d_%s_004d19a8",string
004d19b0,004d19b1,data,"DAT_004d19b0",undefined1
004d19b1,004d19b2,data,"DAT_004d19b1",undefined1
004d19b4,004d19e1,data,"s_World_load:_%d_ticks,_precalcula_004d19b4",string
004d19e4,004d19f0,data,"s_BrightScale_004d19e4",string
004d19f0,004d19f1,data,"DAT_004d19f0",undefined1
004d19f1,004d19f2,data,"DAT_004d19f1",undefined1
004d19f4,004d1a00,data,"s_Rotation_004d19f4",string
004d1a00,004d1a14,data,"s_FastLightObjects_004d1a00",string
004d1a14,004d1a24,data,"s_LightObjects_004d1a14",string
004d1a24,004d1a25,data,"DAT_004d1a24",undefined1
004d1a25,004d1a26,data,"DAT_004d1a25",undefined1
004d1a28,004d1a34,data,"s_OuterColor_004d1a28",string
004d1a34,004d1a40,data,"s_InnerColor_004d1a34",string
004d1a40,004d1a4c,data,"s_LightColor_004d1a40",string
004d1a4c,004d1a58,data,"s_LightRadius_004d1a4c",string
004d1a58,004d1a59,data,"DAT_004d1a58",undefined1
004d1a59,004d1a5a,data,"DAT_004d1a59",undefined1
004d1a60,004d1a6c,data,"s_ObjectLight_004d1a60",string
004d1a6c,004d1a75,data,"s_DirLight_004d1a6c",string
004d1a78,004d1a80,data,"s_Light_004d1a78",string
004d1a80,004d1a87,data,"s_Object_004d1a80",string
004d1a88,004d1a94,data,"s_LightGroup_004d1a88",string
004d1a94,004d1a9a,data,"s_%d_%s_004d1a94",string
004d1a9c,004d1aab,data,"s_LightAnim_BASE_004d1a9c",string
004d1aac,004d1aea,data,"s_**_Terrain_%s's_name_is_too_long_004d1aac",string
004d1aec,004d1af0,data,"PTR_DAT_004d1aec",pointer
004d1af0,004d1af4,data,"PTR_DAT_004d1af0",pointer
004d1afb,004d1b10,data,"DAT_004d1afb",string
004d1b10,004d1b24,data,"s_WorldModels_004d1b10",string
004d1b24,004d1b33,data,"s_Models_004d1b24",string
004d1b34,004d1b4c,data,"s_FlushObjectQueues_004d1b34",string
004d1b4c,004d1b63,data,"s_TagVisibleLeaves_004d1b4c",string
004d1b64,004d1b6f,data,"s_Render_004d1b64",string
004d1b70,004d1b82,data,"s_GameClientShell_004d1b70",string
004d1b84,004d1b95,data,"s_ProcessPackets_004d1b84",string
004d1b98,004d1ba1,data,"s_Server_004d1b98",string
004d1ba4,004d1baa,data,"s_Net_004d1ba4",string
004d1bac,004d1bb8,data,"s_ClientShell_004d1bac",string
004d1bb8,004d1bbe,data,"s_Input_004d1bb8",string
004d1bc0,004d1bc6,data,"s_Sound_004d1bc0",string
004d1bc8,004d1bce,data,"s_Music_004d1bc8",string
004d1bd8,004d1bdf,data,"s_Malloc_004d1bd8",string
004d1be0,004d1be6,data,"s_FOpen_004d1be0",string
004d1be8,004d1c08,data,"s_Invalid_version_(%d,_wanted_%d)_004d1be8",string
004d1c08,004d1c20,data,"s_DemoMgr:_Invalid_change_004d1c08",string
004d1c20,004d1c43,data,"s_DemoMgr:_Invalid_number_of_chang_004d1c20",string
004d1c44,004d1c71,data,"s_DemoMgr:_Sync_byte_wrong_(wanted_004d1c44",string
004d1c74,004d1ca5,data,"s_%s:_(%.3f_/_%.3f),_variance:_%.3_004d1c74",string
004d1ca8,004d1cce,data,"s_value:_(min_time_/_max_time)_var_004d1ca8",string
004d1cd0,004d1cf9,data,"s_Min_FPS:_%.3f,_Max_FPS:_%.3f,_di_004d1cd0",string
004d1cfc,004d1d36,data,"s_Min_time:_%.3f,_Max_time:_%.3f,_d_004d1cfc",string
004d1d38,004d1d58,data,"s_PlayDemoReps_info_-------------_004d1d38",string
004d1d58,004d1d61,data,"s_%s:_%.3f_004d1d58",string
004d1d64,004d1d86,data,"s_%d_frames_drawn,_average_%.3f_fp_004d1d64",string
004d1d88,004d1da4,data,"s_Demo_played_in_%.3f_seconds_004d1d88",string
004d1dec,004d1df7,data,"s_ConnectTCP_004d1dec",string
004d1df8,004d1dfc,data,"DAT_004d1df8",undefined4
004d1e00,004d1e04,data,"DAT_004d1e00",undefined4
004d1e04,004d1e08,data,"DAT_004d1e04",undefined4
004d1ed0,004d1ee7,data,"s_<invalid_resource_DLL>_004d1ed0",string
004d1ee8,004d1eff,data,"s_<missing_resource_DLL>_004d1ee8",string
004d1f00,004d1f0a,data,"s_ltmsg.dll_004d1f00",string
004d1f0c,004d1f27,data,"s_LT_INVALIDOBJECTDLLVERSION_004d1f0c",string
004d1f28,004d1f3f,data,"s_LoadObjectsInDirectory_004d1f28",string
004d1f40,004d1f54,data,"s_LT_INVALIDOBJECTDLL_004d1f40",string
004d1f54,004d1f68,data,"s_LT_ERRORCOPYINGFILE_004d1f54",string
004d1f68,004d1f71,data,"s_sres.dll_004d1f68",string
004d1f74,004d1f8e,data,"s_LT_INVALIDSHELLDLLVERSION_004d1f74",string
004d1f90,004d1fa3,data,"s_LT_INVALIDSHELLDLL_004d1f90",string
004d1fa4,004d1fb6,data,"s_LoadServerObjects_004d1fa4",string
004d1fb8,004d1fcb,data,"s_LT_MISSINGSHELLDLL_004d1fb8",string
004d1fcc,004d1fd8,data,"s_ServerShell_004d1fcc",string
004d1fd8,004d1fe3,data,"s_object.lto_004d1fd8",string
004d1fe8,004d1fee,data,"s_*.ren_004d1fe8",string
004d1ff0,004d1ffd,data,"s_FreeModeList_004d1ff0",string
004d2000,004d2012,data,"s_GetSupportedModes_004d2000",string
004d2018,004d2026,data,"s_SetRenderMode_004d2018",string
004d203c,004d2046,data,"s_cresl.dll_004d203c",string
004d2048,004d2051,data,"s_cres.dll_004d2048",string
004d2054,004d2066,data,"s_InitClientShellDE_004d2054",string
004d2068,004d2073,data,"s_cshell.dll_004d2068",string
004d2098,004d20a3,data,"s_dtx_Create_004d2098",string
004d20a8,004d20ac,data,"PTR_DAT_004d20a8",undefined *
004d20ac,004d20b0,data,"DAT_004d20ac",undefined *
004d20b0,004d20b4,data,"DAT_004d20b0",undefined *
004d20b4,004d20b8,data,"DAT_004d20b4",undefined *
004d20b8,004d20bc,data,"PTR_s_Rotate_004d20b8",undefined *
004d20bc,004d20c0,data,"DAT_004d20bc",undefined *
004d20c0,004d20c4,data,"DAT_004d20c0",undefined *
004d20c4,004d20c8,data,"DAT_004d20c4",undefined *
004d20c8,004d20cc,data,"DAT_004d20c8",undefined *
004d20cc,004d20d0,data,"DAT_004d20cc",undefined *
004d20d0,004d20d4,data,"DAT_004d20d0",undefined *
004d20d4,004d20d8,data,"DAT_004d20d4",undefined *
004d20d8,004d20dc,data,"DAT_004d20d8",undefined *
004d20dc,004d20e0,data,"DAT_004d20dc",undefined *
004d20e0,004d20e4,data,"DAT_004d20e0",undefined *
004d20e4,004d20e8,data,"DAT_004d20e4",undefined *
004d20e8,004d20ec,data,"DAT_004d20e8",undefined *
004d20ec,004d20f0,data,"DAT_004d20ec",undefined *
004d20f0,004d20f4,data,"DAT_004d20f0",undefined *
004d20f4,004d20f8,data,"DAT_004d20f4",undefined *
004d20f8,004d20ff,data,"s_Mirror_004d20f8",string
004d2100,004d2107,data,"s_Portal_004d2100",string
004d2108,004d210f,data,"s_Warble_004d2108",string
004d2110,004d2117,data,"s_Rotate_004d2110",string
004d211c,004d2124,data,"s_OVERLAY_004d211c",string
004d2128,004d212c,data,"DAT_004d2128",undefined4
004d212c,004d2130,data,"DAT_004d212c",undefined4
004d2130,004d2134,data,"DAT_004d2130",undefined4
004d2134,004d2138,data,"DAT_004d2134",undefined4
004d2138,004d213c,data,"DAT_004d2138",undefined4
004d213c,004d2140,data,"DAT_004d213c",undefined4
004d2148,004d2149,data,"DAT_004d2148",undefined1
004d214c,004d2150,data,"DAT_004d214c",undefined4
004d2150,004d2154,data,"DAT_004d2150",undefined4
004d2158,004d215c,data,"DAT_004d2158",undefined4
004d2164,004d2168,data,"DAT_004d2164",undefined4
004d2168,004d216c,data,"DAT_004d2168",undefined4
004d216c,004d2170,data,"DAT_004d216c",undefined4
004d2170,004d2174,data,"DAT_004d2170",undefined4
004d2174,004d2178,data,"DAT_004d2174",undefined4
004d2178,004d217c,data,"DAT_004d2178",undefined4
004d217c,004d2180,data,"DAT_004d217c",undefined4
004d2180,004d2184,data,"DAT_004d2180",undefined4
004d2184,004d2188,data,"DAT_004d2184",undefined4
004d2190,004d219b,data,"s_Screenshot_004d2190",string
004d21f4,004d21f8,data,"DAT_004d21f4",undefined4
004d21f8,004d21fc,data,"DAT_004d21f8",undefined4
004d2200,004d2204,data,"DAT_004d2200",undefined4
004d220c,004d2210,data,"DAT_004d220c",undefined4
004d2210,004d2214,data,"DAT_004d2210",undefined4
004d2214,004d2218,data,"DAT_004d2214",undefined4
004d2218,004d221c,data,"DAT_004d2218",undefined4
004d221c,004d2220,data,"DAT_004d221c",undefined4
004d2220,004d2224,data,"DAT_004d2220",undefined4
004d2224,004d2228,data,"DAT_004d2224",undefined4
004d2228,004d222c,data,"DAT_004d2228",undefined4
004d2230,004d2234,data,"PTR_s_BindIP_004d2230",pointer
004d29b0,004d29c0,data,"DAT_004d29b0",string
004d29c0,004d29d0,data,"DAT_004d29c0",string
004d29d0,004d29dc,data,"DAT_004d29d0",string
004d29dc,004d29e8,data,"DAT_004d29dc",string
004d29e8,004d29f8,data,"DAT_004d29e8",string
004d29f8,004d2a0c,data,"DAT_004d29f8",string
004d2a0c,004d2a20,data,"DAT_004d2a0c",string
004d2a20,004d2a34,data,"DAT_004d2a20",string
004d2a34,004d2a40,data,"DAT_004d2a34",string
004d2a40,004d2a4c,data,"DAT_004d2a40",string
004d2a4c,004d2a58,data,"DAT_004d2a4c",string
004d2a58,004d2a68,data,"DAT_004d2a58",string
004d2a68,004d2a74,data,"DAT_004d2a68",string
004d2a7c,004d2a88,data,"DAT_004d2a7c",string
004d2a88,004d2a94,data,"DAT_004d2a88",string
004d2a9c,004d2ab4,data,"DAT_004d2a9c",string
004d2ab4,004d2ac8,data,"DAT_004d2ab4",string
004d2ac8,004d2adc,data,"DAT_004d2ac8",string
004d2adc,004d2ae8,data,"DAT_004d2adc",string
004d2ae8,004d2af4,data,"DAT_004d2ae8",string
004d2af4,004d2b04,data,"DAT_004d2af4",string
004d2b04,004d2b14,data,"DAT_004d2b04",string
004d2b14,004d2b28,data,"DAT_004d2b14",string
004d2b28,004d2b34,data,"DAT_004d2b28",string
004d2b34,004d2b44,data,"DAT_004d2b34",string
004d2b44,004d2b54,data,"DAT_004d2b44",string
004d2b54,004d2b64,data,"DAT_004d2b54",string
004d2b64,004d2b78,data,"DAT_004d2b64",string
004d2b78,004d2b8c,data,"DAT_004d2b78",string
004d2b8c,004d2ba0,data,"DAT_004d2b8c",string
004d2ba0,004d2bb0,data,"DAT_004d2ba0",string
004d2bb0,004d2bbf,data,"s_AutoDeactivate_004d2bb0",string
004d2bc0,004d2bd0,data,"DAT_004d2bc0",string
004d2bd0,004d2be0,data,"DAT_004d2bd0",string
004d2be0,004d2bf4,data,"DAT_004d2be0",string
004d2bf4,004d2c08,data,"DAT_004d2bf4",string
004d2c08,004d2c18,data,"DAT_004d2c08",string
004d2c18,004d2c2c,data,"DAT_004d2c18",string
004d2c2c,004d2c38,data,"DAT_004d2c2c",string
004d2c38,004d2c44,data,"DAT_004d2c38",string
004d2c44,004d2c50,data,"DAT_004d2c44",string
004d2c50,004d2c5c,data,"DAT_004d2c50",string
004d2c5c,004d2c6c,data,"DAT_004d2c5c",string
004d2c6c,004d2c78,data,"DAT_004d2c6c",string
004d2c78,004d2c88,data,"DAT_004d2c78",string
004d2c88,004d2c98,data,"DAT_004d2c88",string
004d2c98,004d2ca8,data,"DAT_004d2c98",string
004d2ca8,004d2cb8,data,"DAT_004d2ca8",string
004d2cb8,004d2cc4,data,"DAT_004d2cb8",string
004d2cc4,004d2cd0,data,"DAT_004d2cc4",string
004d2cd0,004d2ce0,data,"DAT_004d2cd0",string
004d2ce0,004d2cf4,data,"DAT_004d2ce0",string
004d2cf4,004d2d04,data,"DAT_004d2cf4",string
004d2d04,004d2d14,data,"DAT_004d2d04",string
004d2d14,004d2d24,data,"DAT_004d2d14",string
004d2d24,004d2d30,data,"DAT_004d2d24",string
004d2d30,004d2d40,data,"DAT_004d2d30",string
004d2d40,004d2d50,data,"DAT_004d2d40",string
004d2d50,004d2d60,data,"DAT_004d2d50",string
004d2d60,004d2d6c,data,"DAT_004d2d60",string
004d2d6c,004d2d80,data,"DAT_004d2d6c",string
004d2d80,004d2d90,data,"DAT_004d2d80",string
004d2d90,004d2d9c,data,"DAT_004d2d90",string
004d2d9c,004d2da8,data,"DAT_004d2d9c",string
004d2da8,004d2db8,data,"DAT_004d2da8",string
004d2db8,004d2dc4,data,"DAT_004d2db8",string
004d2dc4,004d2dd4,data,"DAT_004d2dc4",string
004d2dd4,004d2de4,data,"DAT_004d2dd4",string
004d2de4,004d2df0,data,"DAT_004d2de4",string
004d2df0,004d2dfc,data,"DAT_004d2df0",string
004d2dfc,004d2e08,data,"DAT_004d2dfc",string
004d2e08,004d2e14,data,"DAT_004d2e08",string
004d2e14,004d2e24,data,"DAT_004d2e14",string
004d2e24,004d2e2c,data,"DAT_004d2e24",string
004d2e2c,004d2e38,data,"DAT_004d2e2c",string
004d2e38,004d2e48,data,"DAT_004d2e38",string
004d2e48,004d2e58,data,"DAT_004d2e48",string
004d2e58,004d2e68,data,"DAT_004d2e58",string
004d2e68,004d2e78,data,"DAT_004d2e68",string
004d2e78,004d2e88,data,"DAT_004d2e78",string
004d2e88,004d2e98,data,"DAT_004d2e88",string
004d2e98,004d2ea4,data,"DAT_004d2e98",string
004d2ea4,004d2eb0,data,"DAT_004d2ea4",string
004d2eb0,004d2ec0,data,"DAT_004d2eb0",string
004d2ec0,004d2ed0,data,"DAT_004d2ec0",string
004d2ed0,004d2edc,data,"DAT_004d2ed0",string
004d2edc,004d2eec,data,"DAT_004d2edc",string
004d2eec,004d2efc,data,"DAT_004d2eec",string
004d2efc,004d2f0c,data,"DAT_004d2efc",string
004d2f0c,004d2f1c,data,"DAT_004d2f0c",string
004d2f1c,004d2f2c,data,"DAT_004d2f1c",string
004d2f30,004d2f37,data,"s_BindIP_004d2f30",string
004d2f38,004d2f3e,data,"s_-_%s_004d2f38",string
004d2f44,004d2f4e,data,"s_error.log_004d2f44",string
004d2f50,004d2f5d,data,"s_errorlogfile_004d2f50",string
004d2f60,004d2f8c,data,"DAT_004d2f60",string
004d2f8c,004d2f93,data,"s_%08x%s_004d2f8c",string
004d2f94,004d2f9b,data,"s_%08x:_004d2f94",string
004d2f9c,004d2fac,data,"s_Stack_dump:_004d2f9c",string
004d2fb0,004d2fb6,data,"s_%02x_004d2fb0",string
004d2fb8,004d2fcb,data,"s_Bytes_at_CS:EIP:_004d2fb8",string
004d2fcc,004d2ff0,data,"s_EDX=%08x_ES=%04x_EDI=%08x_GS=%04_004d2fcc",string
004d2ff0,004d3014,data,"s_ECX=%08x_DS=%04x_ESI=%08x_FS=%04_004d2ff0",string
004d3014,004d3039,data,"s_EBX=%08x_SS=%04x_ESP=%08x_EBP=%0_004d3014",string
004d303c,004d3063,data,"s_EAX=%08x_CS=%04x_EIP=%08x_EFLGS=_004d303c",string
004d3064,004d3071,data,"s_Registers:_004d3064",string
004d3078,004d30a7,data,"s_%s_location_%08x_caused_an_acces_004d3078",string
004d30a8,004d30b1,data,"s_Write_to_004d30a8",string
004d30b4,004d30be,data,"s_Read_from_004d30b4",string
004d30c0,004d30e2,data,"s_Exception_handler_called_in_%s._004d30c0",string
004d30e4,004d310e,data,"s_%s_caused_%s_in_module_%s_at_%04_004d30e4",string
004d3110,004d3119,data,"s__004d3110",string
004d311c,004d313c,data,"s_Error_creating_exception_report_004d311c",string
004d313c,004d3144,data,"s_Unknown_004d313c",string
004d3148,004d318f,data,"s_Module_list:_names,_addresses,_s_004d3148",string
004d3190,004d31bb,data,"s_%s,_loaded_at_0x%08x_-_%d_bytes_-_004d3190",string
004d31bc,004d31cd,data,"s_-_file_date_is_004d31bc",string
004d31d0,004d31e8,data,"s_%d/%d/%d_%02d:%02d:%02d_004d31d0",string
004d31e8,004d3205,data,"s_%d_MBytes_physical_memory._004d31e8",string
004d3208,004d3224,data,"s_%d_processor(s),_type_%d._004d3208",string
004d3224,004d3235,data,"s_%s,_run_by_%s._004d3224",string
004d3238,004d3250,data,"s_Error_occurred_at_%s._004d3238",string
004d3250,004d3267,data,"s_Unknown_exception_type_004d3250",string
004d3268,004d3282,data,"s_a_Microsoft_C++_Exception_004d3268",string
004d3284,004d32a0,data,"s_a_DLL_Initialization_Failed_004d3284",string
004d32a0,004d32b1,data,"s_a_Stack_Overflow_004d32a0",string
004d32b4,004d32cd,data,"s_a_Privileged_Instruction_004d32b4",string
004d32d0,004d32e4,data,"s_an_Integer_Overflow_004d32d0",string
004d32e4,004d32fe,data,"s_an_Integer_Divide_by_Zero_004d32e4",string
004d3300,004d3312,data,"s_a_Float_Underflow_004d3300",string
004d3314,004d3328,data,"s_a_Float_Stack_Check_004d3314",string
004d3328,004d3339,data,"s_a_Float_Overflow_004d3328",string
004d333c,004d3356,data,"s_a_Float_Invalid_Operation_004d333c",string
004d3358,004d336f,data,"s_a_Float_Inexact_Result_004d3358",string
004d3370,004d3387,data,"s_a_Float_Divide_by_Zero_004d3370",string
004d3388,004d33a1,data,"s_a_Float_Denormal_Operand_004d3388",string
004d33a4,004d33bc,data,"s_a_Array_Bounds_Exceeded_004d33a4",string
004d33bc,004d33d3,data,"s_an_Invalid_Disposition_004d33bc",string
004d33d4,004d33ef,data,"s_a_Noncontinuable_Exception_004d33d4",string
004d33f0,004d3407,data,"s_an_Illegal_Instruction_004d33f0",string
004d3408,004d3414,data,"s_a_No_Memory_004d3408",string
004d3414,004d3425,data,"s_an_In_Page_Error_004d3414",string
004d3428,004d343c,data,"s_an_Access_Violation_004d3428",string
004d343c,004d3449,data,"s_a_Breakpoint_004d343c",string
004d344c,004d3464,data,"s_a_Datatype_Misalignment_004d344c",string
004d3464,004d3474,data,"s_a_Control-Break_004d3464",string
004d3474,004d3480,data,"s_a_Control-C_004d3474",string
004d3480,004d3484,data,"DAT_004d3480",undefined4
004d3484,004d3493,data,"s_RestoreObjects_004d3484",string
004d3498,004d349e,data,"s_%s_%s_004d3498",string
004d34a0,004d34b2,data,"s_sm_RestoreObjects_004d34a0",string
004d34b4,004d34c8,data,"s_LT_OBJECTNOTINWORLD_004d34b4",string
004d34c8,004d34dd,data,"s_SetObjectChangeFlags_004d34c8",string
004d34e0,004d34ef,data,"s_LT_INVALIDFILE_004d34e0",string
004d34f0,004d3504,data,"s_sm_CreateNextObject_004d34f0",string
004d3504,004d3519,data,"s_LT_CANTRESTOREOBJECT_004d3504",string
004d351c,004d3531,data,"s_sm_RestoreNextObject_004d351c",string
004d3534,004d3553,data,"s_Restore_OVER_wrote_%d_bytes!_004d3534",string
004d3554,004d3574,data,"s_Restore_UNDER_wrote_%d_bytes!_004d3554",string
004d3574,004d3595,data,"s_Object_tried_to_load_%d_bytes!_004d3574",string
004d3598,004d35b0,data,"s_Object_saved_%d_bytes_004d3598",string
004d35b0,004d35e7,data,"s_LOAD_ERROR:_Couldn't_restore_obj_004d35b0",string
004d35e8,004d35fb,data,"s_RestoreAttachments_004d35e8",string
004d35fc,004d360e,data,"s_RestoreInterlinks_004d35fc",string
004d3610,004d3616,data,"s_false_004d3610",string
004d3620,004d3629,data,"s_%f_%f_%f_004d3620",string
004d3630,004d3634,data,"PTR_s_SharedCommonLT_GetObjectFlags_004d3630",pointer
004d3634,004d3638,data,"PTR_s_SharedCommonLT_SetObjectFlags_004d3634",pointer
004d3638,004d363c,data,"PTR_s_SharedCommonLT_GetAttachmentTra_004d3638",pointer
004d363c,004d3640,data,"PTR_s_SharedCommonLT_GetAttachments_004d363c",pointer
004d3640,004d365f,data,"s_SharedCommonLT::GetAttachments_004d3640",string
004d3660,004d3687,data,"s_SharedCommonLT::GetAttachmentTra_004d3660",string
004d3688,004d36a7,data,"s_SharedCommonLT::SetObjectFlags_004d3688",string
004d36a8,004d36c7,data,"s_SharedCommonLT::GetObjectFlags_004d36a8",string
004d36c8,004d36e0,data,"s_CommonLT::GetObjectType_004d36c8",string
004d36e0,004d36ff,data,"s_CommonLT::GetModelAnimUserDims_004d36e0",string
004d3700,004d370e,data,"s_invalid_hAnim_004d3700",string
004d3710,004d3733,data,"s_ILTPhysics::GetFrictionCoefficie_004d3710",string
004d3734,004d3757,data,"s_ILTPhysics::SetFrictionCoefficie_004d3734",string
004d3758,004d3778,data,"s_ILTPhysics::GetForceIgnoreLimit_004d3758",string
004d3778,004d3798,data,"s_ILTPhysics::SetForceIgnoreLimit_004d3778",string
004d3798,004d37ae,data,"s_CommonLT::GetVelocity_004d3798",string
004d37b0,004d37ca,data,"s_CommonLT::GetAcceleration_004d37b0",string
004d37cc,004d37e4,data,"s_CommonLT::GetObjectMass_004d37cc",string
004d37e4,004d37fe,data,"s_ILTPhysics::GetStandingOn_004d37e4",string
004d3800,004d381a,data,"s_ILTPhysics::GetObjectDims_004d3800",string
004d381c,004d382d,data,"s_GetNextModelNode_004d381c",string
004d3830,004d3834,data,"PTR_FUN_004d3830",undefined *
004d3834,004d3838,data,"DAT_004d3834",undefined *
004d3838,004d383c,data,"DAT_004d3838",undefined *
004d383c,004d3840,data,"DAT_004d383c",undefined *
004d3840,004d3844,data,"DAT_004d3840",undefined *
004d3844,004d3848,data,"DAT_004d3844",undefined *
004d3848,004d384c,data,"DAT_004d3848",undefined *
004d384c,004d3850,data,"DAT_004d384c",undefined *
004d3850,004d3854,data,"DAT_004d3850",undefined *
004d3854,004d3858,data,"DAT_004d3854",undefined *
004d3858,004d385c,data,"DAT_004d3858",undefined *
004d385c,004d3860,data,"DAT_004d385c",undefined *
004d3860,004d3864,data,"DAT_004d3860",undefined *
004d3864,004d3868,data,"DAT_004d3864",undefined *
004d3868,004d386c,data,"DAT_004d3868",undefined *
004d386c,004d3870,data,"DAT_004d386c",undefined *
004d3870,004d3874,data,"DAT_004d3870",undefined *
004d3874,004d3878,data,"DAT_004d3874",undefined *
004d3878,004d387c,data,"DAT_004d3878",undefined *
004d387c,004d3880,data,"DAT_004d387c",undefined *
004d3880,004d3884,data,"DAT_004d3880",undefined *
004d3884,004d3888,data,"DAT_004d3884",undefined *
004d3888,004d388c,data,"DAT_004d3888",undefined *
004d388c,004d3890,data,"DAT_004d388c",undefined *
004d3890,004d38b8,data,"s_------------_Input_devices_-----_004d3890",string
004d38b8,004d38ce,data,"s_Input_not_initialized_004d38b8",string
004d38d0,004d38ef,data,"s_-_Device_%s_(unable_to_create)_004d38d0",string
004d38f0,004d38fc,data,"s_-_Device_%s_004d38f0",string
004d38fc,004d3916,data,"s_-_Object_%s_(type:_%s)_004d38fc",string
004d3918,004d3920,data,"s_unknown_004d3918",string
004d3920,004d3928,data,"s_POV_hat_004d3920",string
004d392c,004d3933,data,"s_button_004d392c",string
004d3934,004d393b,data,"s_slider_004d3934",string
004d393c,004d394c,data,"s_Z_axis_rotation_004d393c",string
004d394c,004d395c,data,"s_Y_axis_rotation_004d394c",string
004d395c,004d396c,data,"s_X_axis_rotation_004d395c",string
004d396c,004d3973,data,"s_Z_axis_004d396c",string
004d3974,004d397b,data,"s_Y_axis_004d3974",string
004d397c,004d3983,data,"s_X_axis_004d397c",string
004d3984,004d398f,data,"s_##keyboard_004d3984",string
004d3990,004d3998,data,"s_##mouse_004d3990",string
004d3998,004d39a3,data,"s_Joystick_1_004d3998",string
004d39a4,004d39d1,data,"s_abs_Trigger_%s_set_console_var_%_004d39a4",string
004d39d4,004d3a01,data,"s_rel_Trigger_%s_set_console_var_%_004d39d4",string
004d3a04,004d3a19,data,"s_%s_(%s)_generated_%d_004d3a04",string
004d3a1c,004d3a38,data,"s_Input_buffer_overflow_on_%s_004d3a1c",string
004d3a38,004d3a58,data,"s_Cleared_bindings_for_%s_(on_%s)_004d3a38",string
004d3a58,004d3a76,data,"s_Bound_%s_(on_%s)_to_action_%s_004d3a58",string
004d3a78,004d3a7e,data,"s_POV_3_004d3a78",string
004d3a80,004d3a86,data,"s_POV_2_004d3a80",string
004d3a88,004d3a8e,data,"s_POV_1_004d3a88",string
004d3a90,004d3a96,data,"s_POV_0_004d3a90",string
004d3a98,004d3aa1,data,"s_Slider_1_004d3a98",string
004d3aa4,004d3aad,data,"s_Slider_0_004d3aa4",string
004d3ab0,004d3ab9,data,"s_Button_2_004d3ab0",string
004d3abc,004d3ac5,data,"s_Button_1_004d3abc",string
004d3ac8,004d3ad1,data,"s_Button_0_004d3ac8",string
004d3ad4,004d3adb,data,"s_z-axis_004d3ad4",string
004d3adc,004d3ae3,data,"s_y-axis_004d3adc",string
004d3ae4,004d3aeb,data,"s_x-axis_004d3ae4",string
004d3aec,004d3b0e,data,"s_rangescale_""%s""_""%s""_%f_%f_%f_%f_004d3aec",string
004d3b10,004d3b24,data,"s_scale_""%s""_""%s""_%f_004d3b10",string
004d3b24,004d3b31,data,"s_%f_%f_""*%s""_004d3b24",string
004d3b34,004d3b40,data,"s_%f_%f_""%s""_004d3b34",string
004d3b40,004d3b55,data,"s_rangebind_""%s""_""%s""_004d3b40",string
004d3b58,004d3b6b,data,"s_enabledevice_""%s""_004d3b58",string
004d3b6c,004d3b7d,data,"s_AddAction_%s_%d_004d3b6c",string
004d3b80,004d3ba4,data,"s_Device_=_%s_Control_=_%s_Type_=_%_004d3b80",string
004d3ba4,004d3bb0,data,"s_Device_=_%s_004d3ba4",string
004d3bb0,004d3bbd,data,"s_cis_DrawWarp_004d3bb0",string
004d3bc8,004d3bcc,data,"PTR_s_LMessageImpl_ReadStringFL_004d3bc8",pointer
004d3bcc,004d3bd0,data,"PTR_s_ILTMessage_ReadHStringAsStringF_004d3bcc",pointer
004d3bd0,004d3bd4,data,"PTR_s_LMessageImpl_WriteMessage_004d3bd0",pointer
004d3bd4,004d3bef,data,"s_LMessageImpl::WriteMessage_004d3bd4",string
004d3bf0,004d3c12,data,"s_ILTMessage::ReadHStringAsStringF_004d3bf0",string
004d3c14,004d3c2f,data,"s_LMessageImpl::ReadStringFL_004d3c14",string
004d3c34,004d3c50,data,"DAT_004d3c34",string
004d3c50,004d3c6a,data,"s_CLocalDriver::Disconnect_004d3c50",string
004d3c6c,004d3c97,data,"s_ERROR!_LTDirectMusic_not_Initial_004d3c6c",string
004d3c98,004d3cdc,data,"s_ERROR!_Unable_to_initialize_Dire_004d3c98",string
004d3cdc,004d3d18,data,"s_ERROR!_Unable_to_initialize_com._004d3cdc",string
004d3d18,004d3d60,data,"s_ERROR!_CLTDirectMusicMgr_alread_i_004d3d18",string
004d3d60,004d3d79,data,"s_CLTDirectMusicMgr::Init_004d3d60",string
004d3d80,004d3dde,data,"s_WARNING!_LTDirectMusicMgr_alread_004d3d80",string
004d3de0,004d3df9,data,"s_CLTDirectMusicMgr::Term_004d3de0",string
004d3e00,004d3e66,data,"s_ERROR!_Unable_to_allocate_memory_004d3e00",string
004d3e68,004d3eac,data,"s_ERROR!_Unable_to_read_control_fi_004d3e68",string
004d3eb0,004d3f0f,data,"s_ERROR!_Number_of_intensities_is_n_004d3eb0",string
004d3f10,004d3f21,data,"s_DLSBANKDIRECTORY_004d3f10",string
004d3f24,004d3f34,data,"s_SYNTHSAMPLERATE_004d3f24",string
004d3f34,004d3f3b,data,"s_VOICES_004d3f34",string
004d3f3c,004d3f46,data,"s_PCHANNELS_004d3f3c",string
004d3f48,004d3f55,data,"s_VOLUMEOFFSET_004d3f48",string
004d3f58,004d3f66,data,"s_INITIALVOLUME_004d3f58",string
004d3f68,004d3f79,data,"s_INITIALINTENSITY_004d3f68",string
004d3f7c,004d3f8b,data,"s_NUMINTENSITIES_004d3f7c",string
004d3f8c,004d3f8e,data,"DAT_004d3f8c",undefined2
004d3f90,004d3fd4,data,"s_ERROR!_Working_directory_not_val_004d3f90",string
004d3fd8,004d401c,data,"s_ERROR!_Control_file_name_not_val_004d3fd8",string
004d4020,004d407d,data,"s_ERROR!_InitLevel_has_already_bee_004d4020",string
004d4080,004d409d,data,"s_CLTDirectMusicMgr::InitLevel_004d4080",string
004d40a0,004d410a,data,"s_CLTDirectMusicMgr::InitLevel_sWo_004d40a0",string
004d4110,004d4168,data,"s_WARNING!_Level_already_terminate_004d4110",string
004d4168,004d4185,data,"s_CLTDirectMusicMgr::TermLevel_004d4168",string
004d4188,004d41a6,data,"s_CLTDirectMusicMgr::TermLevel_004d4188",string
004d41a8,004d41c0,data,"s_CLTDirectMusicMgr::Play_004d41a8",string
004d41c0,004d41d9,data,"s_CLTDirectMusicMgr::Play_004d41c0",string
004d41dc,004d41f4,data,"s_CLTDirectMusicMgr::Stop_004d41dc",string
004d41f4,004d4217,data,"s_CLTDirectMusicMgr::Stop_nStart=%_004d41f4",string
004d4218,004d423c,data,"s_CLTDirectMusicMgr::Pause_nStart=_004d4218",string
004d423c,004d4258,data,"s_CLTDirectMusicMgr::UnPause_004d423c",string
004d4258,004d4275,data,"s_CLTDirectMusicMgr::SetVolume_004d4258",string
004d4278,004d42a1,data,"s_CLTDirectMusicMgr::SetVolume_nVo_004d4278",string
004d42a8,004d42f8,data,"s_ERROR!_Invalid_transition_found,_004d42a8",string
004d42f8,004d434e,data,"s_CLTDirectMusicMgr::ChangeIntensi_004d42f8",string
004d4350,004d4373,data,"s_CLTDirectMusicMgr::ChangeIntensi_004d4350",string
004d4374,004d43b3,data,"s_CLTDirectMusicMgr::ChangeIntensi_004d4374",string
004d43b4,004d43d5,data,"s_CLTDirectMusicMgr::PlaySecondary_004d43b4",string
004d43d8,004d4419,data,"s_CLTDirectMusicMgr::PlaySecondary_004d43d8",string
004d441c,004d443d,data,"s_CLTDirectMusicMgr::StopSecondary_004d441c",string
004d4440,004d4481,data,"s_CLTDirectMusicMgr::StopSecondary_004d4440",string
004d4484,004d44a1,data,"s_CLTDirectMusicMgr::PlayMotif_004d4484",string
004d44a4,004d44da,data,"s_CLTDirectMusicMgr::PlayMotif_sMo_004d44a4",string
004d44dc,004d44f9,data,"s_CLTDirectMusicMgr::StopMotif_004d44dc",string
004d44fc,004d4532,data,"s_CLTDirectMusicMgr::StopMotif_sMo_004d44fc",string
004d4534,004d4566,data,"s_WARNING!_LTDirectMusic_failed_to_004d4534",string
004d4568,004d4589,data,"s_LTDirectMusic_loaded_segment_%s_004d4568",string
004d4594,004d45b3,data,"s_LTDirectMusic_loaded_style_%s_004d4594",string
004d45b4,004d45df,data,"s_WARNING!_LTDirectMusic_failed_to_004d45b4",string
004d45e0,004d45fe,data,"s_LTDirectMusic_loaded_band_%s_004d45e0",string
004d4600,004d4642,data,"s_WARNING!_LTDirectMusic_failed_to_004d4600",string
004d4644,004d4673,data,"s_WARNING!_LTDirectMusic_failed_to_004d4644",string
004d4674,004d467c,data,"s_DLSBANK_004d4674",string
004d467c,004d4682,data,"s_STYLE_004d467c",string
004d4684,004d468e,data,"s_INTENSITY_004d4684",string
004d4690,004d46a1,data,"s_SECONDARYSEGMENT_004d4690",string
004d46a4,004d46aa,data,"s_MOTIF_004d46a4",string
004d46ac,004d46b6,data,"s_AUTOMATIC_004d46ac",string
004d46b8,004d46bf,data,"s_MANUAL_004d46b8",string
004d46c0,004d46cb,data,"s_TRANSITION_004d46c0",string
004d46cc,004d46d7,data,"s_REVERBTIME_004d46cc",string
004d46d8,004d46e2,data,"s_REVERBMIX_004d46d8",string
004d46e4,004d46fa,data,"s_REVERBHIGHFREQRTRATIO_004d46e4",string
004d46fc,004d4709,data,"s_REVERBINGAIN_004d46fc",string
004d4710,004d4717,data,"s_REVERB_004d4710",string
004d4718,004d4720,data,"s_Segment_004d4718",string
004d4720,004d4721,data,"DAT_004d4720",undefined1
004d4721,004d4722,data,"DAT_004d4721",undefined1
004d4728,004d4730,data,"s_Measure_004d4728",string
004d4730,004d4731,data,"DAT_004d4730",undefined1
004d4731,004d4732,data,"DAT_004d4731",undefined1
004d4738,004d4744,data,"s_Immediate_004d4738",string
004d4744,004d474c,data,"s_Default_004d4744",string
004d474c,004d4754,data,"s_Invalid_004d474c",string
004d4754,004d4760,data,"s_NextSegment_004d4754",string
004d4760,004d4769,data,"s_NextGrid_004d4760",string
004d476c,004d4778,data,"s_NextMeasure_004d476c",string
004d4778,004d4781,data,"s_NextBeat_004d4778",string
004d4784,004d4790,data,"s_Immediately_004d4784",string
004d4790,004d479b,data,"s_Immediatly_004d4790",string
004d479c,004d47bf,data,"s_CLTDMFileStream::Open_FileName=%_004d479c",string
004d47c0,004d47ed,data,"s_LTDirectMusic_loader_failed_to_o_004d47c0",string
004d47f0,004d4803,data,"s_LThreadQueue::Init_004d47f0",string
004d4804,004d481e,data,"s_LThreadQueue::PostMessage_004d4804",string
004d4820,004d482f,data,"s_LThread::Start_004d4820",string
004d4834,004d4838,data,"DAT_004d4834",undefined4
004d4838,004d483c,data,"DAT_004d4838",undefined4
004d483c,004d4840,data,"PTR_DAT_004d483c",pointer
004d4843,004d4858,data,"DAT_004d4843",string
004d4858,004d4862,data,"s_NormalRef_004d4858",string
004d4864,004d4873,data,"s_FadeSpriteSize_004d4864",string
004d4874,004d487f,data,"s_FovYOffset_004d4874",string
004d4880,004d488b,data,"s_FovXOffset_004d4880",string
004d488c,004d4899,data,"s_FadeRangeMax_004d488c",string
004d489c,004d48a9,data,"s_FadeRangeMin_004d489c",string
004d48ac,004d48b2,data,"s_Rigid_004d48ac",string
004d48b4,004d48c3,data,"s_SpecularEnable_004d48b4",string
004d48c4,004d48d1,data,"s_ShadowEnable_004d48c4",string
004d48d4,004d48e0,data,"s_NoAnimation_004d48d4",string
004d48e0,004d48ec,data,"s_ShadowSizeY_004d48e0",string
004d48ec,004d48f8,data,"s_ShadowSizeX_004d48ec",string
004d48f8,004d4908,data,"s_ShadowLightDist_004d48f8",string
004d4908,004d491c,data,"s_ShadowProjectLength_004d4908",string
004d491c,004d4929,data,"s_AmbientLight_004d491c",string
004d492c,004d4936,data,"s_VisRadius_004d492c",string
004d4938,004d4945,data,"s_AnimBindings_004d4938",string
004d4948,004d4950,data,"s_Sockets_004d4948",string
004d4950,004d495a,data,"s_Animation_004d4950",string
004d4964,004d4970,data,"s_ChildModels_004d4964",string
004d4970,004d4976,data,"s_Nodes_004d4970",string
004d4978,004d497f,data,"s_Pieces_004d4978",string
004d4980,004d4987,data,"s_Header_004d4980",string
004d4988,004d498c,data,"PTR_s_ILTModel_GetPiece_004d4988",pointer
004d498c,004d4990,data,"PTR_s_ILTModel_FindWeightSet_004d498c",pointer
004d4990,004d4994,data,"PTR_s_ILTModel_GetModelLighting_004d4990",pointer
004d4994,004d4998,data,"PTR_s_ILTModel_GetPieceHideStatus_004d4994",pointer
004d4998,004d499c,data,"PTR_s_ServerModelLT_SetPieceHideStatu_004d4998",pointer
004d499c,004d49a0,data,"PTR_s_ILTModel_GetNodeTransform_004d499c",pointer
004d49a0,004d49a4,data,"PTR_s_ILTModel_GetSocketTransform_004d49a0",pointer
004d49a4,004d49a8,data,"PTR_s_ILTModel_GetModelInstanceHookFn_004d49a4",pointer
004d49a8,004d49ac,data,"PTR_s_ILTModel_SetModelInstanceHookFn_004d49a8",pointer
004d49ac,004d49b0,data,"PTR_s_ILTModel_GetWeightSet_004d49ac",pointer
004d49b0,004d49b4,data,"PTR_s_ILTModel_SetWeightSet_004d49b0",pointer
004d49b4,004d49b8,data,"PTR_s_ILTModel_GetAllowTransition_004d49b4",pointer
004d49b8,004d49bc,data,"PTR_s_ILTModel_SetAllowTransition_004d49b8",pointer
004d49bc,004d49c0,data,"PTR_s_ILTModel_GetAllowTransition_004d49bc",pointer
004d49c0,004d49c4,data,"PTR_s_ILTModel_SetAllowTransition_004d49c0",pointer
004d49c4,004d49c8,data,"PTR_s_ILTModel_GetCurAnimLength_004d49c4",pointer
004d49c8,004d49cc,data,"PTR_s_ILTModel_GetCurAnimTime_004d49c8",pointer
004d49cc,004d49d0,data,"PTR_s_ILTModel_SetCurAnimTime_004d49cc",pointer
004d49d0,004d49d4,data,"PTR_s_ILTModel_AddTracker_004d49d0",pointer
004d49d4,004d49d8,data,"PTR_s_ILTModel_RemoveTracker_004d49d4",pointer
004d49d8,004d49dc,data,"PTR_s_ILTModel_ReadTracker_004d49d8",pointer
004d49dc,004d49e0,data,"PTR_s_ILTModel_WriteTracker_004d49dc",pointer
004d49e0,004d49e4,data,"PTR_s_ILTModel_GetLooping_004d49e0",pointer
004d49e4,004d49e8,data,"PTR_s_ILTModel_SetLooping_004d49e4",pointer
004d49e8,004d49ec,data,"PTR_s_ILTModel_GetPlaying_004d49e8",pointer
004d49ec,004d49f0,data,"PTR_s_ILTModel_SetPlaying_004d49ec",pointer
004d49f0,004d49f4,data,"PTR_s_ILTModel_GetCurAnim_004d49f0",pointer
004d49f4,004d49f8,data,"PTR_s_ILTModel_SetCurAnim_004d49f4",pointer
004d49f8,004d49fc,data,"PTR_s_ILTModel_ResetAnim_004d49f8",pointer
004d49fc,004d4a00,data,"PTR_s_ILTModel_GetPlaybackState_004d49fc",pointer
004d4a00,004d4a04,data,"PTR_s_ILTModel_GetMainTracker_004d4a00",pointer
004d4a04,004d4a08,data,"PTR_s_ILTModel_GetLooping_004d4a04",pointer
004d4a08,004d4a0c,data,"PTR_s_ILTModel_SetLooping_004d4a08",pointer
004d4a0c,004d4a10,data,"PTR_s_ILTModel_IntersectRays_004d4a0c",pointer
004d4a10,004d4a28,data,"s_ILTModel::IntersectRays_004d4a10",string
004d4a28,004d4a41,data,"s_ILTModel::GetMainTracker_004d4a28",string
004d4a44,004d4a5f,data,"s_ILTModel::GetPlaybackState_004d4a44",string
004d4a60,004d4a74,data,"s_ILTModel::ResetAnim_004d4a60",string
004d4a74,004d4a89,data,"s_ILTModel::SetCurAnim_004d4a74",string
004d4a8c,004d4aa1,data,"s_ILTModel::GetCurAnim_004d4a8c",string
004d4aa4,004d4ab9,data,"s_ILTModel::SetPlaying_004d4aa4",string
004d4abc,004d4ad1,data,"s_ILTModel::GetPlaying_004d4abc",string
004d4ad4,004d4ae9,data,"s_ILTModel::SetLooping_004d4ad4",string
004d4aec,004d4b01,data,"s_ILTModel::GetLooping_004d4aec",string
004d4b04,004d4b1b,data,"s_ILTModel::WriteTracker_004d4b04",string
004d4b1c,004d4b32,data,"s_ILTModel::ReadTracker_004d4b1c",string
004d4b34,004d4b4c,data,"s_ILTModel::RemoveTracker_004d4b34",string
004d4b4c,004d4b61,data,"s_ILTModel::AddTracker_004d4b4c",string
004d4b64,004d4b7d,data,"s_ILTModel::SetCurAnimTime_004d4b64",string
004d4b80,004d4b99,data,"s_ILTModel::GetCurAnimTime_004d4b80",string
004d4b9c,004d4bb7,data,"s_ILTModel::GetCurAnimLength_004d4b9c",string
004d4bb8,004d4bd5,data,"s_ILTModel::SetAllowTransition_004d4bb8",string
004d4bd8,004d4bf5,data,"s_ILTModel::GetAllowTransition_004d4bd8",string
004d4bf8,004d4c0f,data,"s_ILTModel::SetWeightSet_004d4bf8",string
004d4c10,004d4c27,data,"s_ILTModel::GetWeightSet_004d4c10",string
004d4c28,004d4c49,data,"s_ILTModel::SetModelInstanceHookFn_004d4c28",string
004d4c4c,004d4c6d,data,"s_ILTModel::GetModelInstanceHookFn_004d4c4c",string
004d4c70,004d4c8d,data,"s_ILTModel::GetSocketTransform_004d4c70",string
004d4c90,004d4cab,data,"s_ILTModel::GetNodeTransform_004d4c90",string
004d4cac,004d4cce,data,"s_ServerModelLT::SetPieceHideStatu_004d4cac",string
004d4cd0,004d4ced,data,"s_ILTModel::GetPieceHideStatus_004d4cd0",string
004d4cf0,004d4d0b,data,"s_ILTModel::GetModelLighting_004d4cf0",string
004d4d0c,004d4d24,data,"s_ILTModel::FindWeightSet_004d4d0c",string
004d4d24,004d4d37,data,"s_ILTModel::GetPiece_004d4d24",string
004d4d38,004d4d4c,data,"s_ILTModel::GetSocket_004d4d38",string
004d4d4c,004d4d5e,data,"s_ILTModel::GetNode_004d4d4c",string
004d4d60,004d4d86,data,"s_Model::SetupTransforms_failed_fo_004d4d60",string
004d4d88,004d4dc7,data,"s_FindObjectsCB:_Overflowed_(more_t_004d4d88",string
004d4dc8,004d4dd6,data,"s_MusicDLLSetup_004d4dc8",string
004d4de3,004d4e24,data,"DAT_004d4de3",string
004d4e24,004d4e37,data,"s_Ack_timeout_(%.3f)_004d4e24",string
004d4e38,004d4e74,data,"s_Conn_%d_Send_-_Wait:_%.1f,_Q_Siz_004d4e38",string
004d4e74,004d4eb0,data,"s_Conn_%d_Recv_-_Wait:_%.1f,_Q_Siz_004d4e74",string
004d4eb0,004d4eca,data,"s_Conn_%d_Info_-_Ping:_%.2f_004d4eb0",string
004d4ecc,004d4ee9,data,"s_Connection_dead_(timed_out)._004d4ecc",string
004d4eec,004d4f0f,data,"s_Sending_ack_local:_%d_remote:_%d_004d4eec",string
004d4f10,004d4f2c,data,"s_NAK_sent_on_packet_frame_%d_004d4f10",string
004d4f2c,004d4f55,data,"s_CNetMgr::Disconnect_called,_(rea_004d4f2c",string
004d4f58,004d4f77,data,"s_Resolving_guaranteed_packet_%d_004d4f58",string
004d4f78,004d4f8d,data,"s_NewConnectionNotify_004d4f78",string
004d4f90,004d4fa2,data,"s_DisconnectNotify_004d4f90",string
004d4fa4,004d4fc8,data,"s_Unable_to_complete_fragment_uplo_004d4fa4",string
004d4fc8,004d4fde,data,"s_Fragmenting_packet_%d_004d4fc8",string
004d4fe0,004d5008,data,"s_Piggybacking_ack_local:_%d,_remo_004d4fe0",string
004d5008,004d5048,data,"s_Sent_packet_%d_to_connection_%p_(_004d5008",string
004d5048,004d5075,data,"s_***_Packet_write_overflow,_disco_004d5048",string
004d5078,004d50a4,data,"s_***_Packet_read_overflow,_discon_004d5078",string
004d50a4,004d50d2,data,"s_Got_packet_from_%p_(packet_ID_%d_004d50a4",string
004d50d4,004d50f4,data,"s_Received_out_of_order_packet_%d_004d50d4",string
004d50f4,004d511e,data,"s_Received_duplicate_out_of_order_p_004d50f4",string
004d5120,004d5150,data,"s_Warning!_Suspicious_frame_count_%_004d5120",string
004d5150,004d5170,data,"s_Ignoring_duplicate_packet_%d/%d_004d5150",string
004d5170,004d51a6,data,"s_Got_packet_%d_from_%p_(packet_ID_004d5170",string
004d51a8,004d51c6,data,"s_Received_guaranteed_packet_%d_004d51a8",string
004d51c8,004d51e9,data,"s_Bad_CRC_packet_.._first_byte_%d._004d51c8",string
004d51ec,004d5228,data,"s_Got_packet_%d_from_connection_%p_004d51ec",string
004d5228,004d523c,data,"s_Dropping_packet_%lu_004d5228",string
004d523c,004d5266,data,"s_MUST_use_ForceRemote_in_addition_004d523c",string
004d5268,004d5294,data,"s_Warning:_using_DropRate_on_local_004d5268",string
004d5294,004d52b4,data,"s_Got_an_invalid_internal_packet!_004d5294",string
004d52b4,004d52d3,data,"s_Completed_fragmented_packet_%d_004d52b4",string
004d52d4,004d52f5,data,"s_Invalid_fragment_count_received!_004d52d4",string
004d52f8,004d531d,data,"s_Invalid_PACKETGROUP_subpacket_le_004d52f8",string
004d5320,004d5333,data,"s_Forced_disconnect!_004d5320",string
004d5334,004d5362,data,"s_Error_in_SUB_ACK:_missing_reques_004d5334",string
004d5364,004d5377,data,"s_Resending_frame_%d_004d5364",string
004d5378,004d539a,data,"s_Got_an_ack_on_local_%d,_remote_%_004d5378",string
004d539c,004d53cc,data,"s_Dropped_guaranteed_packet_due_to_004d539c",string
004d53cc,004d53d6,data,"s_(%d)_%s%s_004d53cc",string
004d53d8,004d540e,data,"s_ERROR!!_Terrain_section_'%s'_has_004d53d8",string
004d5410,004d541d,data,"s_---NONAME---_004d5410",string
004d5420,004d542f,data,"s_LT_OUTOFMEMORY_004d5420",string
004d5430,004d5440,data,"s_om_CreateObject_004d5430",string
004d5440,004d545c,data,"s_ILTServer::RemoveAttachment_004d5440",string
004d545c,004d546a,data,"s_LightTableRes_004d545c",string
004d54b8,004d54bc,data,"PTR_FUN_004d54b8",undefined *
004d54bc,004d54c0,data,"DAT_004d54bc",undefined *
004d54c0,004d54c4,data,"DAT_004d54c0",undefined *
004d54c4,004d54c8,data,"DAT_004d54c4",undefined *
004d54dc,004d54e0,data,"DAT_004d54dc",undefined *
004d54e0,004d54e4,data,"DAT_004d54e0",undefined *
004d54e4,004d54e8,data,"DAT_004d54e4",undefined *
004d54fc,004d5500,data,"DAT_004d54fc",undefined *
004d5500,004d5504,data,"DAT_004d5500",undefined *
004d5504,004d5508,data,"DAT_004d5504",undefined *
004d551c,004d5520,data,"DAT_004d551c",undefined *
004d5520,004d5524,data,"DAT_004d5520",undefined *
004d5524,004d5528,data,"DAT_004d5524",undefined *
004d5540,004d5544,data,"DAT_004d5540",undefined *
004d5544,004d5548,data,"DAT_004d5544",undefined *
004d5548,004d554c,data,"DAT_004d5548",undefined *
004d55bc,004d55c0,data,"DAT_004d55bc",undefined *
004d55c0,004d55c4,data,"DAT_004d55c0",undefined *
004d55c4,004d55c8,data,"DAT_004d55c4",undefined *
004d55dc,004d55e0,data,"DAT_004d55dc",undefined *
004d55e0,004d55e4,data,"DAT_004d55e0",undefined *
004d55e4,004d55e8,data,"DAT_004d55e4",undefined *
004d55fb,004d5610,data,"DAT_004d55fb",string
004d5610,004d561c,data,"s_EnvMapAlpha_004d5610",string
004d561c,004d5626,data,"s_DetailTex_004d561c",string
004d5628,004d5634,data,"s_BitDepth_%d_004d5628",string
004d5634,004d5644,data,"s_ScreenHeight_%d_004d5634",string
004d5644,004d5653,data,"s_ScreenWidth_%d_004d5644",string
004d5654,004d5661,data,"s_RenderDLL_%s_004d5654",string
004d5664,004d5670,data,"s_CardDesc_%s_004d5664",string
004d5670,004d567f,data,"s_RenderDLLSetup_004d5670",string
004d5680,004d568d,data,"s_r_InitRender_004d5680",string
004d5690,004d56a9,data,"s_LT_ERRORLOADINGRENDERDLL_004d5690",string
004d56ac,004d56b9,data,"s_r_TermRender_004d56ac",string
004d56bc,004d56f4,data,"s_Error:_ServerShell::OnClientEnte_004d56bc",string
004d56f4,004d571a,data,"s_New_client,_id_%d,_for_a_total_o_004d56f4",string
004d571c,004d572c,data,"s_sm_AttachClient_004d571c",string
004d572c,004d5750,data,"s_Removing_client,_id_%d,_leaving_%_004d572c",string
004d5750,004d575b,data,"s_packet.trc_004d5750",string
004d575c,004d5784,data,"s_Connection_%d:_choked_update_rat_004d575c",string
004d5784,004d57a1,data,"s_Overflowing_at_%0.0f_percent_004d5784",string
004d57a8,004d57ac,data,"PTR_s_Portal_004d57a8",pointer
004d5808,004d5814,data,"DAT_004d5808",string
004d5814,004d5824,data,"DAT_004d5814",string
004d5824,004d5838,data,"DAT_004d5824",string
004d5838,004d5844,data,"DAT_004d5838",string
004d5844,004d5854,data,"DAT_004d5844",string
004d5854,004d5864,data,"DAT_004d5854",string
004d5864,004d5874,data,"DAT_004d5864",string
004d5874,004d5894,data,"DAT_004d5874",string
004d5894,004d58c8,data,"DAT_004d5894",string
004d58c8,004d58f0,data,"DAT_004d58c8",string
004d58f0,004d5918,data,"DAT_004d58f0",string
004d5918,004d5934,data,"DAT_004d5918",string
004d5934,004d594c,data,"DAT_004d5934",string
004d594c,004d5960,data,"DAT_004d594c",string
004d5960,004d5998,data,"s_Model_(%s)_with_>_256_AnimTracke_004d5960",string
004d5998,004d59db,data,"s_Warning!_Server_unable_to_unload_004d5998",string
004d59dc,004d5a04,data,"s_Removing_model_from_resource_lis_004d59dc",string
004d5a04,004d5a10,data,"s_LoadObjects_004d5a04",string
004d5a10,004d5a2b,data,"s_Server_is_missing_class_%s_004d5a10",string
004d5a30,004d5a34,data,"PTR_FUN_004d5a30",pointer
004d5a40,004d5a44,data,"DAT_004d5a40",undefined *
004d5a44,004d5a48,data,"DAT_004d5a44",undefined *
004d5a48,004d5a4c,data,"DAT_004d5a48",undefined *
004d5a90,004d5aac,data,"s_Calling_Model::Load():_%s_004d5a90",string
004d5aac,004d5abe,data,"s_se_LoadChildModel_004d5aac",string
004d5ac0,004d5ad4,data,"s_LT_MISSINGMODELFILE_004d5ac0",string
004d5ad4,004d5aee,data,"s_Error_%d_loading_model_%s_004d5ad4",string
004d5af0,004d5b1d,data,"s_Missing_one_or_more_child_models_004d5af0",string
004d5b24,004d5b4a,data,"s_Child_model_trees_invalid_in_mod_004d5b24",string
004d5b4c,004d5b68,data,"s_Couldn't_open_model_file_%s_004d5b4c",string
004d5b68,004d5b79,data,"s_se_LoadModelData_004d5b68",string
004d5b7c,004d5b9f,data,"s_Adding_model_to_resource_list:_%_004d5b7c",string
004d5ba0,004d5bba,data,"s_(Server)_loaded_model:_%s_004d5ba0",string
004d5bbc,004d5bc9,data,"s_se_LoadModel_004d5bbc",string
004d5bcc,004d5bf3,data,"s_Removing_model_from_resource_lis_004d5bcc",string
004d5bf4,004d5c06,data,"s_skins\default.dtx_004d5bf4",string
004d5c08,004d5c25,data,"s_Couldn't_find_model_skin_%s._004d5c08",string
004d5c28,004d5c35,data,"s_se_InitModel_004d5c28",string
004d5c38,004d5c4b,data,"s_models\default.abc_004d5c38",string
004d5c4c,004d5c84,data,"s_Couldn't_find_model_file_%s._Try_004d5c4c",string
004d5c84,004d5c94,data,"DAT_004d5c84",string
004d5c94,004d5ca8,data,"DAT_004d5c94",string
004d5ca8,004d5ce4,data,"DAT_004d5ca8",string
004d5ce4,004d5cf6,data,"s_se_InitWorldModel_004d5ce4",string
004d5cfc,004d5d0c,data,"s_BackupExtraData_004d5cfc",string
004d5d0c,004d5d1d,data,"s_RestoreExtraData_004d5d0c",string
004d5d20,004d5d38,data,"s_ILTPhysics::SetVelocity_004d5d20",string
004d5d38,004d5d54,data,"s_ILTPhysics::SetAcceleration_004d5d38",string
004d5d54,004d5d6b,data,"s_ILTPhysics::MoveObject_004d5d54",string
004d5d6c,004d5d96,data,"s_Object_class:_%s,_dims_(%.2f,_%._004d5d6c",string
004d5d98,004d5dd3,data,"s_ILTPhysics::SetObjectDims:_dims_l_004d5d98",string
004d5dd4,004d5df3,data,"s_ServerCommonLT::SetObjectFlags_004d5dd4",string
004d5df4,004d5df8,data,"PTR_s_ServerCommonLT_SetObjectFlags_004d5df4",pointer
004d5df8,004d5e1b,data,"s_ServerCommonLT::SetObjectFilenam_004d5df8",string
004d5e1c,004d5e20,data,"PTR_s_ServerCommonLT_SetObjectFilenam_004d5e1c",pointer
004d5e20,004d5e45,data,"s_ServerCommonLT::GetAttachmentObj_004d5e20",string
004d5e48,004d5e4c,data,"PTR_s_ServerCommonLT_GetAttachmentObj_004d5e48",pointer
004d5e4c,004d5e66,data,"s_ServerModelLT::SetLooping_004d5e4c",string
004d5e68,004d5e6c,data,"PTR_s_ServerModelLT_SetLooping_004d5e68",pointer
004d5e6c,004d5e86,data,"s_ServerModelLT::SetPlaying_004d5e6c",string
004d5e88,004d5e8c,data,"PTR_s_ServerModelLT_SetPlaying_004d5e88",pointer
004d5e8c,004d5eaa,data,"s_ServerModelLT::SetCurAnimTime_004d5e8c",string
004d5eac,004d5eb0,data,"PTR_s_ServerModelLT_SetCurAnimTime_004d5eac",pointer
004d5eb0,004d5eca,data,"s_ServerModelLT::SetCurAnim_004d5eb0",string
004d5ecc,004d5ed0,data,"PTR_s_ServerModelLT_SetCurAnim_004d5ecc",pointer
004d5ed0,004d5ee9,data,"s_ServerModelLT::ResetAnim_004d5ed0",string
004d5eec,004d5ef0,data,"PTR_s_ServerModelLT_ResetAnim_004d5eec",pointer
004d5ef0,004d5f0c,data,"s_ServerModelLT::SetWeightSet_004d5ef0",string
004d5f0c,004d5f10,data,"PTR_s_ServerModelLT_SetWeightSet_004d5f0c",pointer
004d5f10,004d5f32,data,"s_ServerModelLT::SetAllowTransitio_004d5f10",string
004d5f34,004d5f38,data,"PTR_s_ServerModelLT_SetAllowTransitio_004d5f34",pointer
004d5f38,004d5f54,data,"s_ServerModelLT::SetTimeScale_004d5f38",string
004d5f54,004d5f58,data,"PTR_s_ServerModelLT_SetTimeScale_004d5f54",pointer
004d5f58,004d5f78,data,"s_ServerLightAnimLT::GetNumFrames_004d5f58",string
004d5f78,004d5f7c,data,"PTR_s_ServerLightAnimLT_GetNumFrames_004d5f78",pointer
004d5f7c,004d5fa0,data,"s_ServerLightAnimLT::GetLightAnimI_004d5f7c",string
004d5fa0,004d5fa4,data,"PTR_s_ServerLightAnimLT_GetLightAnimI_004d5fa0",pointer
004d5fa4,004d5fc8,data,"s_ServerLightAnimLT::SetLightAnimI_004d5fa4",string
004d5fc8,004d5fcc,data,"PTR_s_ServerLightAnimLT_SetLightAnimI_004d5fc8",pointer
004d5fcc,004d5fe3,data,"s_CLTServer::GetClassDef_004d5fcc",string
004d5fe4,004d5fe8,data,"PTR_s_CLTServer_GetClassDef_004d5fe4",pointer
004d5fe8,004d5fec,data,"PTR_s_CLTServer_GetClassDef_004d5fe8",pointer
004d5fec,004d6004,data,"s_CLTServer::GetClassName_004d5fec",string
004d6004,004d6008,data,"PTR_s_CLTServer_GetClassName_004d6004",pointer
004d6008,004d601c,data,"s_ILTPhysics::GetPing_004d6008",string
004d601c,004d6036,data,"s_ILTPhysics::GetClientPing_004d601c",string
004d6038,004d6044,data,"s_GetNetFlags_004d6038",string
004d6044,004d6050,data,"s_SetNetFlags_004d6044",string
004d6050,004d6054,data,"PTR_s_CLTServer_GetHPolyObject_004d6050",pointer
004d6054,004d606e,data,"s_CLTServer::GetHPolyObject_004d6054",string
004d6070,004d608c,data,"s_CLTServer::FindNamedObjects_004d6070",string
004d608c,004d6090,data,"PTR_s_CLTServer_FindNamedObjects_004d608c",pointer
004d6090,004d60b3,data,"s_CLTServer::FindObjectIntersectio_004d6090",string
004d60b4,004d60e2,data,"s_ILTPhysics::FindWorldModelObject_004d60b4",string
004d60e4,004d60e8,data,"PTR_s_CLTServer_FindObjectIntersectio_004d60e4",pointer
004d60e8,004d6100,data,"s_ILTPhysics::GetWorldBox_004d60e8",string
004d6104,004d6116,data,"s_ThreadLoadTexture_004d6104",string
004d6118,004d6133,data,"s_ILTPhysics::ThreadLoadFile_004d6118",string
004d6134,004d614b,data,"s_ILTPhysics::UnloadFile_004d6134",string
004d614c,004d6161,data,"s_ILTPhysics::OpenFile_004d614c",string
004d6164,004d6168,data,"PTR_s_ILTPhysics_OpenFile_004d6164",pointer
004d6168,004d6187,data,"s_ILTServer::ResetModelAnimation_004d6168",string
004d6188,004d61a1,data,"s_ILTServer::GetClientData_004d6188",string
004d61a4,004d61bf,data,"s_ILTPhysics::GetGlobalForce_004d61a4",string
004d61c0,004d61db,data,"s_ILTPhysics::SetGlobalForce_004d61c0",string
004d61dc,004d61f6,data,"s_ILTPhysics::GetObjectName_004d61dc",string
004d61f8,004d61fc,data,"PTR_s_ILTPhysics_GetObjectName_004d61f8",pointer
004d61fc,004d621d,data,"s_ILTPhysics::StartMessageToObject_004d61fc",string
004d6224,004d6245,data,"s_ILTPhysics::StartMessageToServer_004d6224",string
004d6248,004d6275,data,"s_ILTPhysics::StartInstantSpecialE_004d6248",string
004d6278,004d629e,data,"s_ILTPhysics::StartSpecialEffectMe_004d6278",string
004d62a0,004d62b7,data,"s_CLTServer::EndMessage2_004d62a0",string
004d62b8,004d62bc,data,"PTR_s_CLTServer_EndMessage2_004d62b8",pointer
004d62bc,004d62c7,data,"s_EndMessage_004d62bc",string
004d62c8,004d62e0,data,"s_CLTServer::SendToClient_004d62c8",string
004d62e0,004d62e4,data,"PTR_s_CLTServer_SendToClient_004d62e0",pointer
004d62e4,004d62fd,data,"s_ILTPhysics::SendToObject_004d62e4",string
004d6300,004d631f,data,"s_CLTServer::SetObjectSFXMessage_004d6300",string
004d6320,004d6324,data,"PTR_s_CLTServer_SetObjectSFXMessage_004d6320",pointer
004d6324,004d633e,data,"s_CLTServer::SendSFXMessage_004d6324",string
004d6340,004d6344,data,"PTR_s_CLTServer_SendSFXMessage_004d6340",pointer
004d6344,004d635c,data,"s_CLTServer::SendToServer_004d6344",string
004d635c,004d6360,data,"PTR_s_CLTServer_SendToServer_004d635c",pointer
004d6360,004d6379,data,"s_ILTPhysics::SendToServer_004d6360",string
004d637c,004d6394,data,"s_ILTPhysics::SaveObjects_004d637c",string
004d6394,004d63af,data,"s_ILTPhysics::RestoreObjects_004d6394",string
004d63b0,004d63cb,data,"s_ILTPhysics::GetSessionName_004d63b0",string
004d63cc,004d63e8,data,"s_ILTPhysics::GetTcpIpAddress_004d63cc",string
004d63e8,004d6404,data,"s_ILTPhysics::GetStaticObject_004d63e8",string
004d6404,004d641f,data,"s_ILTPhysics::GetObjectClass_004d6404",string
004d6420,004d643b,data,"s_ILTPhysics::GetPortalFlags_004d6420",string
004d643c,004d6455,data,"s_ILTServer::GetNextWMPoly_004d643c",string
004d6458,004d6470,data,"s_ILTPhysics::GetNextPoly_004d6458",string
004d6470,004d647e,data,"s_invalid_index_004d6470",string
004d6480,004d649b,data,"s_ILTPhysics::AddObjectToSky_004d6480",string
004d649c,004d64ad,data,"s_object_is_LTNULL_004d649c",string
004d64b0,004d64d0,data,"s_ILTPhysics::RemoveObjectFromSky_004d64b0",string
004d64d0,004d64e9,data,"s_ILTPhysics::AttachClient_004d64d0",string
004d64ec,004d6505,data,"s_ILTPhysics::DetachClient_004d64ec",string
004d6508,004d6519,data,"s_SetClientViewPos_004d6508",string
004d651c,004d6539,data,"s_ILTPhysics::GetLastCollision_004d651c",string
004d653c,004d655e,data,"s_ILTPhysics::CreateInterObjectLin_004d653c",string
004d6560,004d657c,data,"s_ILTPhysics::CreateSmartLink_004d6560",string
004d657c,004d659d,data,"s_ILTPhysics::ReleaseSmartLinkBody_004d657c",string
004d65a0,004d65bf,data,"s_ILTPhysics::SetObjectUserFlags_004d65a0",string
004d65c0,004d65de,data,"s_ILTPhysics::GetObjectRotation_004d65c0",string
004d65e0,004d65fe,data,"s_ILTPhysics::SetObjectRotation_004d65e0",string
004d6600,004d661b,data,"s_ILTPhysics::GetObjectScale_004d6600",string
004d661c,004d6637,data,"s_ILTPhysics::TeleportObject_004d661c",string
004d663c,004d6659,data,"s_ILTPhysics::CreateAttachment_004d663c",string
004d665c,004d6679,data,"s_ILTPhysics::RemoveAttachment_004d665c",string
004d667c,004d6697,data,"s_ILTPhysics::FindAttachment_004d667c",string
004d6698,004d66ba,data,"s_ILTPhysics::GetModelCommandStrin_004d6698",string
004d66dc,004d66ea,data,"s_sm_AllocateID_004d66dc",string
004d66ec,004d66fb,data,"s_s_autoexec.cfg_004d66ec",string
004d66fc,004d670a,data,"s_SERVER_PLAYER_004d66fc",string
004d670c,004d6728,data,"s_Unfreed_(server)_string:_%s_004d670c",string
004d6728,004d6740,data,"s_Listening_on_driver:_%s_004d6728",string
004d6740,004d6770,data,"s_(OBJECTS)_Total:_%d,_Updated:_%d_004d6740",string
004d6770,004d677e,data,"s_FRAME_TOTALS:_004d6770",string
004d6780,004d67ac,data,"s_%s|_%3d_|_%3d_|_%6d_|_%6d_|_%6d_004d6780",string
004d67b0,004d6802,data,"s_--------------------------------_004d67b0",string
004d6808,004d6858,data,"s_Class_(OBJECTS)_Total_Updated_(T_004d6808",string
004d6858,004d68aa,data,"s_-------------------------_Class_T_004d6858",string
004d68ac,004d68d7,data,"s_ILTServer::FindPoliesTouchingBox_004d68ac",string
004d68d8,004d6903,data,"s_ILTServer::FindPoliesTouchingBox_004d68d8",string
004d6904,004d6933,data,"s_ILTServer::FindObjectsTouchingSp_004d6904",string
004d6934,004d6963,data,"s_ILTServer::FindObjectsTouchingSp_004d6934",string
004d6964,004d6974,data,"s_Game_time:_%.2f_004d6964",string
004d6974,004d697d,data,"s_Server:_004d6974",string
004d6980,004d6996,data,"s_CServerMgr::LoadWorld_004d6980",string
004d6998,004d69ac,data,"s_sm_CreateServerData_004d6998",string
004d69b0,004d69c4,data,"s_sm_AddObjectToWorld_004d69b0",string
004d69c8,004d69e1,data,"s_sm_RemoveObjectFromWorld_004d69c8",string
004d69e4,004d69f5,data,"s_Loaded_world:_%s_004d69e4",string
004d69f8,004d6a11,data,"s_FAILED_to_load_world:_%s_004d69f8",string
004d6a14,004d6a2d,data,"s_CServerMgr::DoStartWorld_004d6a14",string
004d6a30,004d6a44,data,"s_LT_MISSINGWORLDFILE_004d6a30",string
004d6a4c,004d6a52,data,"s_;_004d6a4c",string
004d6a54,004d6a63,data,"s_childmodel.map_004d6a54",string
004d6a64,004d6a65,data,"DAT_004d6a64",undefined1
004d6a65,004d6a66,data,"DAT_004d6a65",undefined1
004d6a6c,004d6a7a,data,"s_Running_world_004d6a6c",string
004d6a7c,004d6a93,data,"s_CServerMgr::DoRunWorld_004d6a7c",string
004d6a94,004d6aa0,data,"s_World_ended_004d6a94",string
004d6aa0,004d6ac3,data,"s_Debug:_Server_caching_out_model_%_004d6aa0",string
004d6ac4,004d6ad1,data,"s_VisContainer_004d6ac4",string
004d6ad4,004d6af1,data,"s_CServerMgr::GetSoundDuration_004d6ad4",string
004d6af4,004d6b0c,data,"s_CServerMgr::IsSoundDone_004d6af4",string
004d6b0c,004d6b22,data,"s_CServerMgr::KillSound_004d6b0c",string
004d6b24,004d6b3d,data,"s_SetSoundTrackChangeFlags_004d6b24",string
004d6b40,004d6b5a,data,"s_CServerMgr::KillSoundLoop_004d6b40",string
004d6b5c,004d6b76,data,"s_CServerMgr::KillSoundFade_004d6b5c",string
004d6b78,004d6b87,data,"s_sm_CreateNewID_004d6b78",string
004d6b88,004d6ba0,data,"s_sm_CheckObjectIntegrity_004d6b88",string
004d6ba0,004d6bbf,data,"s_Unfreed_sound_file_(server)_%s_004d6ba0",string
004d6bc0,004d6bda,data,"s_ILTServer::SetPortalFlags_004d6bc0",string
004d6bdc,004d6bf1,data,"s_ILTServer::CacheFile_004d6bdc",string
004d6c00,004d6c04,data,"DAT_004d6c00",undefined *
004d6c04,004d6c08,data,"DAT_004d6c04",undefined *
004d6c08,004d6c0c,data,"DAT_004d6c08",undefined *
004d6c50,004d6c65,data,"s_LT_MISSINGSPRITEFILE_004d6c50",string
004d6c68,004d6c73,data,"s_LoadSprite_004d6c68",string
004d6c74,004d6c89,data,"s_LT_INVALIDSPRITEFILE_004d6c74",string
004d6c8c,004d6ca0,data,"s_Loading_sprite:_%s_004d6c8c",string
004d6ca0,004d6cbb,data,"s_(Client)_loading_model:_%s_004d6ca0",string
004d6cbc,004d6cc7,data,"s_LoadModel2_004d6cbc",string
004d6cc8,004d6cda,data,"s_cm_LoadChildModel_004d6cc8",string
004d6cdc,004d6ced,data,"s_cm_LoadModelData_004d6cdc",string
004d6cf0,004d6cfe,data,"s_FadeSpriteTex_004d6cf0",string
004d6d00,004d6d14,data,"s_WorldModelExtraInit_004d6d00",string
004d6d14,004d6d29,data,"s_LT_MISSINGWORLDMODEL_004d6d14",string
004d6d2c,004d6d39,data,"s_Get%sVersion_004d6d2c",string
004d6d3c,004d6d4b,data,"s_Get%sFunctions_004d6d3c",string
004d6d4c,004d6d65,data,"s_Disconnected_from_server_004d6d4c",string
004d6d68,004d6d7b,data,"s_Got_ID_packet_(%d)_004d6d68",string
004d6d7c,004d6d91,data,"s_OnMessageGroupPacket_004d6d7c",string
004d6d94,004d6dab,data,"s_LT_INVALIDSERVERPACKET_004d6d94",string
004d6dac,004d6dbb,data,"s_invalid_packet_004d6dac",string
004d6dbc,004d6dcb,data,"s_OnUpdatePacket_004d6dbc",string
004d6dcc,004d6de0,data,"s_ReadObjectSubPacket_004d6dcc",string
004d6de4,004d6e04,data,"s_Update_packet_with_game_time_%f_004d6de4",string
004d6e04,004d6e25,data,"s_ObjectID:_%d,_type:_%d,_flags_%d_004d6e04",string
004d6e28,004d6e37,data,"s_CF_ATTACHMENTS_004d6e28",string
004d6e38,004d6e45,data,"s_CF_COLORINFO_004d6e38",string
004d6e48,004d6e55,data,"s_CF_MODELINFO_004d6e48",string
004d6e58,004d6e61,data,"s_CF_SCALE_004d6e58",string
004d6e64,004d6e6d,data,"s_CF_FLAGS_004d6e64",string
004d6e70,004d6e7c,data,"s_CF_ROTATION_004d6e70",string
004d6e7c,004d6e88,data,"s_CF_POSITION_004d6e7c",string
004d6e88,004d6e95,data,"s_CF_NEWOBJECT_004d6e88",string
004d6e98,004d6eb8,data,"s_ObjectID:_%d,_type_%d,_flags_%d_004d6e98",string
004d6eb8,004d6ec5,data,"s_Remove_id_%d_004d6eb8",string
004d6ec8,004d6ed1,data,"s_OnSkyDef_004d6ec8",string
004d6ed4,004d6ee8,data,"s_OnPortalFlagsPacket_004d6ed4",string
004d6ee8,004d6f03,data,"s_OnNetProtocolVersionPacket_004d6ee8",string
004d6f08,004d6f1b,data,"s_OnThreadLoadPacket_004d6f08",string
004d6f1c,004d6f4a,data,"s_Object_class:_%s,_position_(%.2f_004d6f1c",string
004d6f4c,004d6f77,data,"s_Server:_position_larger_than_'De_004d6f4c",string
004d6f80,004d6f95,data,"s_Loaded_sound_file_%s_004d6f80",string
004d6f98,004d6fae,data,"s_Corrupt_sound_file_%s_004d6f98",string
004d6fb0,004d6fc6,data,"s_EAX_sample_reverb_mix_004d6fb0",string
004d6fc8,004d6fcf,data,"s_\\\\%d_004d6fc8",string
004d6fd0,004d6fea,data,"s_Maximum_supported_samples_004d6fd0",string
004d6fec,004d7006,data,"s_Unfreed_sound_handle_0x%x_004d6fec",string
004d7008,004d7020,data,"s_Unfreed_sound_handle_%s_004d7008",string
004d7020,004d703a,data,"s_EAX_environment_selection_004d7020",string
004d703c,004d7060,data,"s_Miles_2D_Stereo_Positional_Audio_004d703c",string
004d7060,004d7088,data,"s_Intel_Realistic_Sound_Experience_004d7060",string
004d7088,004d70b4,data,"s_Microsoft_DirectSound3D_software_004d7088",string
004d70b4,004d70e0,data,"s_Microsoft_DirectSound3D_hardware_004d70b4",string
004d70e0,004d70fc,data,"s_Aureal_A3D_Interactive(TM)_004d70e0",string
004d70fc,004d7130,data,"s_Microsoft_DirectSound3D_with_Cre_004d70fc",string
004d7130,004d714f,data,"s_CSoundMgr::SetReverbProperties_004d7130",string
004d7150,004d716f,data,"s_CSoundMgr::GetReverbProperties_004d7150",string
004d7170,004d718c,data,"s_CSoundMgr::GetSoundDuration_004d7170",string
004d718c,004d71a1,data,"s_CSoundMgr::InitSound_004d718c",string
004d71a4,004d71c1,data,"s_CSoundMgr::SetSoundOcclusion_004d71a4",string
004d71c4,004d71e1,data,"s_CSoundMgr::GetSoundOcclusion_004d71c4",string
004d71e4,004d7203,data,"s_CSoundMgr::SetSoundObstruction_004d71e4",string
004d7204,004d7223,data,"s_CSoundMgr::GetSoundObstruction_004d7204",string
004d7224,004d7240,data,"s_CSoundMgr::GetSoundPosition_004d7224",string
004d7240,004d725c,data,"s_CSoundMgr::SetSoundPosition_004d7240",string
004d725c,004d7276,data,"s_CSoundMgr::SetSoundFilter_004d725c",string
004d7278,004d7297,data,"s_CSoundMgr::SetSoundFilterParam_004d7278",string
004d7298,004d72b7,data,"s_CSoundMgr::GetSoundFilterParam_004d7298",string
004d72b8,004d72d1,data,"s_CSoundMgr::GetFilterName_004d72b8",string
004d72d4,004d72ee,data,"s_CSoundMgr::GetFilterIndex_004d72d4",string
004d72f0,004d730e,data,"s_CSoundMgr::GetFilterParamName_004d72f0",string
004d7310,004d732f,data,"s_CSoundMgr::GetFilterParamIndex_004d7310",string
004d7330,004d7339,data,"s_Untitled_004d7330",string
004d733c,004d7358,data,"s_SpriteControl::GetNumFrames_004d733c",string
004d7358,004d7371,data,"s_SpriteControl::SetCurPos_004d7358",string
004d7374,004d7395,data,"s_FormatMessage_error_on_string_%d_004d7374",string
004d7398,004d73af,data,"s_Couldn't_get_string_%d_004d7398",string
004d73b0,004d73b4,data,"DAT_004d73b0",undefined4
004d73b8,004d73bc,data,"DAT_004d73b8",undefined4
004d73bc,004d73c0,data,"PTR_s_WSAEBADF_004d73bc",pointer
004d7528,004d753c,data,"DAT_004d7528",string
004d753c,004d7550,data,"DAT_004d753c",string
004d7550,004d7560,data,"DAT_004d7550",string
004d7560,004d756c,data,"DAT_004d7560",string
004d756c,004d7578,data,"DAT_004d756c",string
004d7578,004d7584,data,"DAT_004d7578",string
004d7584,004d7590,data,"DAT_004d7584",string
004d7590,004d759c,data,"DAT_004d7590",string
004d759c,004d75a8,data,"DAT_004d759c",string
004d75a8,004d75b8,data,"DAT_004d75a8",string
004d75b8,004d75c8,data,"DAT_004d75b8",string
004d75c8,004d75d8,data,"DAT_004d75c8",string
004d75d8,004d75e8,data,"DAT_004d75d8",string
004d75e8,004d75f4,data,"DAT_004d75e8",string
004d75f4,004d7604,data,"DAT_004d75f4",string
004d7604,004d7614,data,"DAT_004d7604",string
004d7614,004d7624,data,"DAT_004d7614",string
004d7624,004d7634,data,"DAT_004d7624",string
004d7634,004d7640,data,"DAT_004d7634",string
004d7640,004d764c,data,"DAT_004d7640",string
004d764c,004d7658,data,"DAT_004d764c",string
004d7658,004d7668,data,"DAT_004d7658",string
004d7668,004d7678,data,"DAT_004d7668",string
004d7678,004d7688,data,"DAT_004d7678",string
004d7688,004d7698,data,"DAT_004d7688",string
004d7698,004d76a4,data,"DAT_004d7698",string
004d76a4,004d76b8,data,"DAT_004d76a4",string
004d76b8,004d76c8,data,"DAT_004d76b8",string
004d76c8,004d76d8,data,"DAT_004d76c8",string
004d76d8,004d76e8,data,"DAT_004d76d8",string
004d76e8,004d76f8,data,"DAT_004d76e8",string
004d76f8,004d770c,data,"DAT_004d76f8",string
004d770c,004d7720,data,"DAT_004d770c",string
004d7720,004d7730,data,"DAT_004d7720",string
004d7730,004d7740,data,"DAT_004d7730",string
004d7740,004d774c,data,"DAT_004d7740",string
004d774c,004d775c,data,"DAT_004d774c",string
004d775c,004d7768,data,"DAT_004d775c",string
004d7768,004d7774,data,"DAT_004d7768",string
004d7774,004d7784,data,"DAT_004d7774",string
004d7784,004d7794,data,"DAT_004d7784",string
004d7794,004d77a0,data,"DAT_004d7794",string
004d77a0,004d77ac,data,"DAT_004d77a0",string
004d77ac,004d77b8,data,"DAT_004d77ac",string
004d77b8,004d77c4,data,"DAT_004d77b8",string
004d77c4,004d77cd,data,"s_WSAEBADF_004d77c4",string
004d77d0,004d77dc,data,"DAT_004d77d0",string
004d77e0,004d7820,data,"s_gethostbyname()_returned_LTNULL_i_004d77e0",string
004d7820,004d7850,data,"s_recvfrom_returned_error_%d_(max_p_004d7820",string
004d7850,004d786a,data,"s_WSAStartup()_returned_%d_004d7850",string
004d786c,004d7877,data,"s_Status:_%s_004d786c",string
004d7878,004d7888,data,"s_Description:_%s_004d7878",string
004d7888,004d789b,data,"s_TCP/IP_initialized_004d7888",string
004d789c,004d78ac,data,"s_Internet_TCP/IP_004d789c",string
004d78ac,004d78c2,data,"s_TCPDriver::StartQuery_004d78ac",string
004d78c4,004d78d7,data,"s_Can't_bind_to_port_004d78c4",string
004d78d8,004d78fe,data,"s_bind()_returned_%d._Last_error:_%_004d78d8",string
004d7900,004d792e,data,"s_ioctlsocket_FIONBIO_(nonblocking_004d7900",string
004d7930,004d7961,data,"s_socket()_returned_SOCKET_ERROR._L_004d7930",string
004d7964,004d7970,data,"s_%d.%d.%d.%d_004d7964",string
004d7970,004d799d,data,"s_TCPDriver::Disconnect_(%d)_on_%d_004d7970",string
004d79a0,004d79ba,data,"s_Hosting_on_%d.%d.%d.%d:%d_004d79a0",string
004d79bc,004d79d3,data,"s_TCPDriver::HostSession_004d79bc",string
004d79d4,004d79e6,data,"s_LT_CANTBINDTOPORT_004d79d4",string
004d79e8,004d7a12,data,"s_Got_TCPSUB_DISCONNECT_from_%d.%d_004d79e8",string
004d7a18,004d7a58,data,"s_IP:_Received_conn_request_from_%_004d7a18",string
004d7a58,004d7a91,data,"s_IP:_Received_query_from_%d.%d.%d_004d7a58",string
004d7a94,004d7ab7,data,"s_SetupLocalSockaddr:_%d.%d.%d.%d:_004d7a94",string
004d7ab8,004d7ad1,data,"s_----_%d_IP_device%s_----_004d7ab8",string
004d7ad8,004d7aed,data,"s_No_IP_devices_found!_004d7ad8",string
004d7af0,004d7b0b,data,"s_gethostname()_returned_%d_004d7af0",string
004d7b0c,004d7b17,data,"s_LT_TIMEOUT_004d7b0c",string
004d7b18,004d7b27,data,"s_LT_NOTSAMEGUID_004d7b18",string
004d7b28,004d7b55,data,"s_IP:_%d.%d.%d.%d:%d_not_using_sam_004d7b28",string
004d7b58,004d7b64,data,"s_LT_REJECTED_004d7b58",string
004d7b64,004d7b8e,data,"s_IP:_Connection_to_%d.%d.%d.%d:%d_004d7b64",string
004d7b90,004d7bb0,data,"s_getsockname()_returned_error_%d_004d7b90",string
004d7bb0,004d7bd6,data,"s_getsockname()_returned_%d.%d.%d._004d7bb0",string
004d7bd8,004d7bf6,data,"s_recvfrom_addr:_%d.%d.%d.%d:%d_004d7bd8",string
004d7bf8,004d7c22,data,"s_IP:_Connection_to_%d.%d.%d.%d:%d_004d7bf8",string
004d7c24,004d7c52,data,"s_IP:_Got_PacketID_%d_(len_%d)_whi_004d7c24",string
004d7c54,004d7c7f,data,"s_IP:_Sending_conn_request_to_%d.%_004d7c54",string
004d7c80,004d7c93,data,"s_Joining_on_port_%d_004d7c80",string
004d7c94,004d7cab,data,"s_TCPDriver::JoinSession_004d7c94",string
004d7cac,004d7cbb,data,"s_%d.%d.%d.%d:%d_004d7cac",string
004d7cbc,004d7cc0,data,"PTR_s_LTTexMod_GetTextureHandle_004d7cbc",pointer
004d7cc0,004d7cc4,data,"PTR_s_LTTexMod_ReleaseTextureHandle_004d7cc0",pointer
004d7cc4,004d7cc8,data,"PTR_s_LTTexMod_WasTextureDrawnLastFra_004d7cc4",pointer
004d7cc8,004d7ccc,data,"PTR_s_LTTexMod_GetTextureInfo_004d7cc8",pointer
004d7ccc,004d7cd0,data,"PTR_s_LTTexMod_LockTexture_004d7ccc",pointer
004d7cd0,004d7cd4,data,"PTR_s_LTTexMod_UnlockTexture_004d7cd0",pointer
004d7cd4,004d7cec,data,"s_LTTexMod::UnlockTexture_004d7cd4",string
004d7cec,004d7d02,data,"s_LTTexMod::LockTexture_004d7cec",string
004d7d04,004d7d1d,data,"s_LTTexMod::GetTextureInfo_004d7d04",string
004d7d20,004d7d43,data,"s_LTTexMod::WasTextureDrawnLastFra_004d7d20",string
004d7d44,004d7d63,data,"s_LTTexMod::ReleaseTextureHandle_004d7d44",string
004d7d64,004d7d7f,data,"s_LTTexMod::GetTextureHandle_004d7d64",string
004d7d80,004d7d88,data,"s_%lu.%lu_004d7d80",string
004d7d88,004d7d8c,data,"PTR_FUN_004d7d88",pointer
004d7d90,004d7d94,data,"PTR_FUN_004d7d90",pointer
004d7d98,004d7dad,data,"s_%d_videos,_%d_active_004d7d98",string
004d7db0,004d7db8,data,"s_SMACKER_004d7db0",string
004d7db8,004d7de7,data,"s_Invalid_smackw32.dll,_video_play_004d7db8",string
004d7de8,004d7dfa,data,"s__SmackNextFrame@4_004d7de8",string
004d7dfc,004d7e0c,data,"s__SmackDoFrame@4_004d7dfc",string
004d7e0c,004d7e1e,data,"s__SmackToBuffer@28_004d7e0c",string
004d7e20,004d7e2d,data,"s__SmackWait@4_004d7e20",string
004d7e30,004d7e3e,data,"s__SmackClose@4_004d7e30",string
004d7e40,004d7e4e,data,"s__SmackOpen@12_004d7e40",string
004d7e50,004d7e64,data,"s__SmackSoundUseMSS@4_004d7e50",string
004d7e64,004d7e78,data,"s_SmackVideoMgr::Init_004d7e64",string
004d7e78,004d7eae,data,"s_Unable_to_find_smackw32.dll,_vid_004d7e78",string
004d7eb0,004d7ebd,data,"s_smackw32.dll_004d7eb0",string
004d7ec0,004d7ece,data,"s_SmackVideoMgr_004d7ec0",string
004d7ed0,004d7ee5,data,"s_SmackVideoInst::Init_004d7ed0",string
004d7ee8,004d7ef9,data,"s_SmackOpen_failed_004d7ee8",string
004d7efc,004d7f17,data,"s_SmackVideoInst::InitScreen_004d7efc",string
004d7f18,004d7f34,data,"s_SmackVideoInst::InitTexture_004d7f18",string
004d7f34,004d7f52,data,"s_SmackVideoInst::BindToSurface_004d7f34",string
004d7f54,004d7f73,data,"s_SmackVideoImpl::UpdateOnScreen_004d7f54",string
004d7f74,004d7f94,data,"s_Smacker_display_buffer_is_null!_004d7f74",string
004d7f94,004d7fb3,data,"s_SmackVideoInst::UpdateOnScreen_004d7f94",string
004d7fb4,004d7fd7,data,"s_Unable_to_lock_conversion_surfac_004d7fb4",string
004d7fd8,004d7ff7,data,"s_Unable_to_lock_source_surface._004d7fd8",string
004d7ff8,004d8025,data,"s_No_conversion_surface_for_Smacke_004d7ff8",string
004d8028,004d804b,data,"s_SmackVideoInst::UpdateTextureVid_004d8028",string
004d838c,004d8390,data,"PTR_DAT_004d838c",pointer
004d8394,004d83a8,data,"DAT_004d8394",string
004d83a8,004d83a9,data,"DAT_004d83a8",undefined1
004d83a9,004d83bd,data,"s_VCNCVCNCVCNCVCNNNNN_004d83a9",string
004d83c8,004d83d0,data,"WONAPI::RefCount::RTTI_Type_Descriptor",TypeDescriptor
004d83d0,004d83e8,data,"DAT_004d83d0",char[24]
004d83e8,004d83f0,data,"WONAPI::AuthBase::RTTI_Type_Descriptor",TypeDescriptor
004d83f0,004d8408,data,"DAT_004d83f0",char[24]
004d8408,004d8410,data,"WONAPI::ReadBufferException::RTTI_Type_Descriptor",TypeDescriptor
004d8410,004d8434,data,"DAT_004d8410",char[36]
004d8438,004d8440,data,"WONAPI::AuthCertificateBase::RTTI_Type_Descriptor",TypeDescriptor
004d8440,004d8464,data,"DAT_004d8440",char[36]
004d8468,004d8470,data,"WONAPI::Auth2Certificate::RTTI_Type_Descriptor",TypeDescriptor
004d8470,004d8490,data,"DAT_004d8470",char[32]
004d8490,004d84a0,data,"s_basic_string_004d8490",string
004d84a0,004d84a8,data,"exception::RTTI_Type_Descriptor",TypeDescriptor
004d84a8,004d84b8,data,"DAT_004d84a8",char[16]
004d84b8,004d84c0,data,"_STL::__Named_exception::RTTI_Type_Descriptor",TypeDescriptor
004d84c0,004d84e0,data,"DAT_004d84c0",char[32]
004d84e0,004d84e8,data,"_STL::logic_error::RTTI_Type_Descriptor",TypeDescriptor
004d84e8,004d8500,data,"DAT_004d84e8",char[24]
004d8500,004d8508,data,"_STL::length_error::RTTI_Type_Descriptor",TypeDescriptor
004d8508,004d8520,data,"DAT_004d8508",char[24]
004d8520,004d8528,data,"WONAPI::AuthCertificate::RTTI_Type_Descriptor",TypeDescriptor
004d8528,004d8548,data,"DAT_004d8528",char[32]
004d8548,004d8550,data,"WONAPI::AuthSession::RTTI_Type_Descriptor",TypeDescriptor
004d8550,004d856c,data,"DAT_004d8550",char[28]
004d8770,004d8778,data,"WONAPI::ByteBuffer::RTTI_Type_Descriptor",TypeDescriptor
004d8778,004d8790,data,"DAT_004d8778",char[24]
004d8790,004d87b4,data,"s_Attempt_to_read_past_end_of_buff_004d8790",string
004d87b8,004d87c0,data,"WONAPI::WriteBuffer::RTTI_Type_Descriptor",TypeDescriptor
004d87c0,004d87dc,data,"DAT_004d87c0",char[28]
004d87e0,004d87e8,data,"WONAPI::BigInteger::RTTI_Type_Descriptor",TypeDescriptor
004d87e8,004d8800,data,"DAT_004d87e8",char[24]
004d8800,004d8808,data,"WONAPI::ArithmeticException::RTTI_Type_Descriptor",TypeDescriptor
004d8808,004d882c,data,"DAT_004d8808",char[36]
004d882c,004d885c,data,"s_Result_must_not_be_either_Parame_004d882c",string
004d885c,004d8884,data,"s_Result_must_not_be_the_same_obje_004d885c",string
004d8884,004d8898,data,"s_div:_Divide_by_zero_004d8884",string
004d8898,004d88a4,data,"s_modMulRecip_004d8898",string
004d88a4,004d88b0,data,"s_inverseModN_004d88a4",string
004d88b4,004d88d4,data,"s_DBProxyServ_GameSpecificError%d_004d88b4",string
004d88d4,004d88f0,data,"s_WS_GameSpySupport_ConnError_004d88d4",string
004d88f0,004d890b,data,"s_WS_GameSpySupport_DNSError_004d88f0",string
004d890c,004d8928,data,"s_WS_GameSpySupport_BindError_004d890c",string
004d8928,004d8947,data,"s_WS_GameSpySupport_WinSockError_004d8928",string
004d8948,004d8969,data,"s_WS_GameSpySupport_UnhandledError_004d8948",string
004d896c,004d8989,data,"s_WS_RoutingOp_NeedMoreReplies_004d896c",string
004d898c,004d89a7,data,"s_WS_RoutingOp_DontWantReply_004d898c",string
004d89a8,004d89c8,data,"s_WS_RoutingOp_ReplyUnpackFailure_004d89a8",string
004d89c8,004d89e8,data,"s_WS_BaseMsgRequest_BadHeaderType_004d89c8",string
004d89e8,004d8a08,data,"s_WS_BaseMsgRequest_UnpackFailure_004d89e8",string
004d8a08,004d8a24,data,"s_WS_BaseMsgRequest_NoRequest_004d8a08",string
004d8a24,004d8a3c,data,"s_WS_GetMOTD_GameNotFound_004d8a24",string
004d8a3c,004d8a53,data,"s_WS_GetMOTD_SysNotFound_004d8a3c",string
004d8a54,004d8a6d,data,"s_WS_HTTP_TooManyRedirects_004d8a54",string
004d8a70,004d8a88,data,"s_WS_HTTP_InvalidRedirect_004d8a70",string
004d8a88,004d8a9c,data,"s_WS_HTTP_StatusError_004d8a88",string
004d8a9c,004d8ab2,data,"s_WS_HTTP_InvalidHeader_004d8a9c",string
004d8ab4,004d8acf,data,"s_WS_FTP_InvalidPasvResponse_004d8ab4",string
004d8ad0,004d8ae3,data,"s_WS_FTP_StatusError_004d8ad0",string
004d8ae4,004d8afb,data,"s_WS_FTP_InvalidResponse_004d8ae4",string
004d8afc,004d8b2a,data,"s_WS_ServerConnection_RecvNotAllow_004d8afc",string
004d8b2c,004d8b50,data,"s_WS_AuthSession_DecryptUnpackFail_004d8b2c",string
004d8b50,004d8b79,data,"s_WS_AuthSession_DecryptInvalidSeq_004d8b50",string
004d8b7c,004d8b99,data,"s_WS_AuthSession_DecryptBadLen_004d8b7c",string
004d8b9c,004d8bba,data,"s_WS_AuthSession_DecryptFailure_004d8b9c",string
004d8bbc,004d8be4,data,"s_WS_AuthSession_DecryptSessionIdM_004d8bbc",string
004d8be4,004d8c02,data,"s_WS_AuthSession_EncryptFailure_004d8be4",string
004d8c04,004d8c24,data,"s_WS_AuthData_SetPrivateKeyFailed_004d8c04",string
004d8c24,004d8c4b,data,"s_WS_AuthData_SetCertificateVerify_004d8c24",string
004d8c4c,004d8c73,data,"s_WS_AuthData_SetPubKeyBlockUnpack_004d8c4c",string
004d8c74,004d8c9b,data,"s_WS_AuthData_SetCertificateUnpack_004d8c74",string
004d8c9c,004d8cba,data,"s_WS_GetCert_MissingCertificate_004d8c9c",string
004d8cbc,004d8cdc,data,"s_WS_GetCert_InvalidSecretConfirm_004d8cbc",string
004d8cdc,004d8cf9,data,"s_WS_GetCert_InvalidPrivateKey_004d8cdc",string
004d8cfc,004d8d16,data,"s_WS_GetCert_DecryptFailure_004d8cfc",string
004d8d18,004d8d36,data,"s_WS_GetCert_InvalidPubKeyBlock_004d8d18",string
004d8d38,004d8d56,data,"s_WS_GetCert_InvalidCertificate_004d8d38",string
004d8d58,004d8d7d,data,"s_WS_GetCert_FailedToVerifyPubKeyB_004d8d58",string
004d8d80,004d8d9b,data,"s_WS_GetCert_NeedVerifierKey_004d8d80",string
004d8d9c,004d8dc0,data,"s_WS_GetCert_UnexpectedLoginChalle_004d8d9c",string
004d8dc0,004d8de0,data,"s_WS_GetCert_UnableToFindHashFile_004d8dc0",string
004d8de0,004d8dfd,data,"s_WS_GetCert_InvalidLoginReply_004d8de0",string
004d8e00,004d8e1e,data,"s_WS_GetCert_InvalidPubKeyReply_004d8e00",string
004d8e20,004d8e40,data,"s_WS_GetCert_PubKeyEncryptFailure_004d8e20",string
004d8e40,004d8e5b,data,"s_WS_ServerReq_UnpackFailure_004d8e40",string
004d8e5c,004d8e7c,data,"s_WS_ServerReq_InvalidReplyHeader_004d8e5c",string
004d8e7c,004d8e98,data,"s_WS_ServerReq_GetCertFailure_004d8e7c",string
004d8e98,004d8eb4,data,"s_WS_ServerReq_SessionExpired_004d8e98",string
004d8eb4,004d8ed7,data,"s_WS_ServerReq_ExitCommunicationLo_004d8eb4",string
004d8ed8,004d8eea,data,"s_WS_ServerReq_Recv_004d8ed8",string
004d8eec,004d8efe,data,"s_WS_ServerReq_Send_004d8eec",string
004d8f00,004d8f1b,data,"s_WS_ServerReq_TryNextServer_004d8f00",string
004d8f1c,004d8f39,data,"s_WS_ServerReq_NeedAuthContext_004d8f1c",string
004d8f3c,004d8f5c,data,"s_WS_ServerReq_NoServersSpecified_004d8f3c",string
004d8f5c,004d8f7a,data,"s_WS_ServerReq_FailedAllServers_004d8f5c",string
004d8f7c,004d8f97,data,"s_WS_PeerAuth_GetCertFailure_004d8f7c",string
004d8f98,004d8fb9,data,"s_WS_PeerAuthServer_InvalidSecretB_004d8f98",string
004d8fbc,004d8fdd,data,"s_WS_PeerAuthServer_InvalidSecretA_004d8fbc",string
004d8fe0,004d9010,data,"s_WS_PeerAuthServer_FailedToDecryp_004d8fe0",string
004d9010,004d9042,data,"s_WS_PeerAuthServer_FailedToEncryp_004d9010",string
004d9044,004d9076,data,"s_WS_PeerAuthServer_FailedToVerify_004d9044",string
004d9078,004d90a3,data,"s_WS_PeerAuthServer_ExpiredClientC_004d9078",string
004d90a4,004d90cf,data,"s_WS_PeerAuthServer_InvalidClientC_004d90a4",string
004d90d0,004d90f5,data,"s_WS_PeerAuthServer_InvalidEncrypt_004d90d0",string
004d90f8,004d911a,data,"s_WS_PeerAuthServer_InvalidAuthMod_004d90f8",string
004d911c,004d913f,data,"s_WS_PeerAuthServer_MsgUnpackFailu_004d911c",string
004d9140,004d9161,data,"s_WS_PeerAuthServer_InvalidMessage_004d9140",string
004d9164,004d918a,data,"s_WS_PeerAuthServer_UnexpectedChal_004d9164",string
004d918c,004d91b0,data,"s_WS_PeerAuthServer_UnexpectedRequ_004d918c",string
004d91b0,004d91d5,data,"s_WS_PeerAuthServer_InvalidService_004d91b0",string
004d91d8,004d91f5,data,"s_WS_PeerAuthServer_NotStarted_004d91d8",string
004d91f8,004d921b,data,"s_WS_PeerAuthClient_MsgUnpackFailu_004d91f8",string
004d921c,004d923d,data,"s_WS_PeerAuthClient_InvalidMessage_004d921c",string
004d9240,004d9266,data,"s_WS_PeerAuthClient_UnexpectedChal_004d9240",string
004d9268,004d928d,data,"s_WS_PeerAuthClient_InvalidService_004d9268",string
004d9290,004d92bb,data,"s_WS_PeerAuthClient_CompleteInvali_004d9290",string
004d92bc,004d92e7,data,"s_WS_PeerAuthClient_CompleteInvali_004d92bc",string
004d92e8,004d9311,data,"s_WS_PeerAuthClient_CompleteDecryp_004d92e8",string
004d9314,004d933f,data,"s_WS_PeerAuthClient_Challenge2Encr_004d9314",string
004d9340,004d9375,data,"s_WS_PeerAuthClient_Challenge1Cert_004d9340",string
004d9378,004d93ad,data,"s_WS_PeerAuthClient_Challenge1Cert_004d9378",string
004d93b0,004d93dd,data,"s_WS_PeerAuthClient_Challenge1Inva_004d93b0",string
004d93e0,004d940d,data,"s_WS_PeerAuthClient_Challenge1Inva_004d93e0",string
004d9410,004d943b,data,"s_WS_PeerAuthClient_Challenge1Decr_004d9410",string
004d943c,004d945c,data,"s_WS_RecvMsg_InvalidMessageLength_004d943c",string
004d945c,004d947e,data,"s_WS_RecvMsg_InvalidLengthFieldSiz_004d945c",string
004d9480,004d949a,data,"s_WS_SocketOp_InvalidSocket_004d9480",string
004d949c,004d94b9,data,"s_WS_AsyncSocket_ConnectFailed_004d949c",string
004d94bc,004d94d4,data,"s_WS_AsyncSocket_Shutdown_004d94bc",string
004d94d4,004d94f6,data,"s_WS_AsyncSocket_DatagramNotAllowe_004d94d4",string
004d94f8,004d9518,data,"s_WS_AsyncSocket_StreamNotAllowed_004d94f8",string
004d9518,004d9535,data,"s_WS_AsyncSocket_PartialSendTo_004d9518",string
004d9538,004d9555,data,"s_WS_AsyncSocket_InvalidSocket_004d9538",string
004d9558,004d9568,data,"s_WS_AuthRequired_004d9558",string
004d9568,004d9580,data,"s_WS_MessageUnpackFailure_004d9568",string
004d9580,004d9594,data,"s_WS_InvalidPublicKey_004d9580",string
004d9594,004d95ae,data,"s_WS_AsyncMode_NotSupported_004d9594",string
004d95b0,004d95ca,data,"s_WS_BlockMode_NotSupported_004d95b0",string
004d95cc,004d95e3,data,"s_WS_FailedToWriteToFile_004d95cc",string
004d95e4,004d95f8,data,"s_WS_FailedToOpenFile_004d95e4",string
004d95f8,004d960a,data,"s_WS_InvalidMessage_004d95f8",string
004d960c,004d9622,data,"s_WS_AwaitingCompletion_004d960c",string
004d9624,004d962c,data,"s_WS_None_004d9624",string
004d962c,004d963a,data,"s_WS_Incomplete_004d962c",string
004d963c,004d9646,data,"s_WS_Killed_004d963c",string
004d9648,004d9654,data,"s_WS_TimedOut_004d9648",string
004d9654,004d965f,data,"s_WS_Pending_004d9654",string
004d9660,004d966e,data,"s_WS_WSAEDISCON_004d9660",string
004d9670,004d9685,data,"s_WS_WSANOTINITIALISED_004d9670",string
004d9688,004d969e,data,"s_WS_WSAVERNOTSUPPORTED_004d9688",string
004d96a0,004d96b2,data,"s_WS_WSASYSNOTREADY_004d96a0",string
004d96b4,004d96c2,data,"s_WS_WSAEREMOTE_004d96b4",string
004d96c4,004d96d1,data,"s_WS_WSAESTALE_004d96c4",string
004d96d4,004d96e1,data,"s_WS_WSAEDQUOT_004d96d4",string
004d96e4,004d96f1,data,"s_WS_WSAEUSERS_004d96e4",string
004d96f4,004d9703,data,"s_WS_WSAEPROCLIM_004d96f4",string
004d9704,004d9714,data,"s_WS_WSAENOTEMPTY_004d9704",string
004d9714,004d9727,data,"s_WS_WSAEHOSTUNREACH_004d9714",string
004d9728,004d9738,data,"s_WS_WSAEHOSTDOWN_004d9728",string
004d9738,004d974b,data,"s_WS_WSAENAMETOOLONG_004d9738",string
004d974c,004d9758,data,"s_WS_WSAELOOP_004d974c",string
004d9758,004d976b,data,"s_WS_WSAECONNREFUSED_004d9758",string
004d976c,004d977c,data,"s_WS_WSAETIMEDOUT_004d976c",string
004d977c,004d978f,data,"s_WS_WSAETOOMANYREFS_004d977c",string
004d9790,004d97a0,data,"s_WS_WSAESHUTDOWN_004d9790",string
004d97a0,004d97af,data,"s_WS_WSAENOTCONN_004d97a0",string
004d97b0,004d97be,data,"s_WS_WSAEISCONN_004d97b0",string
004d97c0,004d97ce,data,"s_WS_WSAENOBUFS_004d97c0",string
004d97d0,004d97e1,data,"s_WS_WSAECONNRESET_004d97d0",string
004d97e4,004d97f7,data,"s_WS_WSAECONNABORTED_004d97e4",string
004d97f8,004d9808,data,"s_WS_WSAENETRESET_004d97f8",string
004d9808,004d981a,data,"s_WS_WSAENETUNREACH_004d9808",string
004d981c,004d982b,data,"s_WS_WSAENETDOWN_004d981c",string
004d982c,004d9840,data,"s_WS_WSAEADDRNOTAVAIL_004d982c",string
004d9840,004d9851,data,"s_WS_WSAEADDRINUSE_004d9840",string
004d9854,004d9867,data,"s_WS_WSAEAFNOSUPPORT_004d9854",string
004d9868,004d987b,data,"s_WS_WSAEPFNOSUPPORT_004d9868",string
004d987c,004d988d,data,"s_WS_WSAEOPNOTSUPP_004d987c",string
004d9890,004d98a6,data,"s_WS_WSAESOCKTNOSUPPORT_004d9890",string
004d98a8,004d98be,data,"s_WS_WSAEPROTONOSUPPORT_004d98a8",string
004d98c0,004d98d2,data,"s_WS_WSAENOPROTOOPT_004d98c0",string
004d98d4,004d98e5,data,"s_WS_WSAEPROTOTYPE_004d98d4",string
004d98e8,004d98f7,data,"s_WS_WSAEMSGSIZE_004d98e8",string
004d98f8,004d990b,data,"s_WS_WSAEDESTADDRREQ_004d98f8",string
004d990c,004d991b,data,"s_WS_WSAENOTSOCK_004d990c",string
004d991c,004d992b,data,"s_WS_WSAEALREADY_004d991c",string
004d992c,004d993e,data,"s_WS_WSAEINPROGRESS_004d992c",string
004d9940,004d9952,data,"s_WS_WSAEWOULDBLOCK_004d9940",string
004d9954,004d9961,data,"s_WS_WSAEMFILE_004d9954",string
004d9964,004d9971,data,"s_WS_WSAEINVAL_004d9964",string
004d9974,004d9980,data,"s_WS_WSAEBADF_004d9974",string
004d9980,004d998d,data,"s_WS_WSAEACCES_004d9980",string
004d9990,004d999d,data,"s_WS_WSAEFAULT_004d9990",string
004d99a0,004d99ac,data,"s_WS_WSAEINTR_004d99a0",string
004d99ac,004d99cf,data,"s_WS_CommServ_ExpiredPeerCertifica_004d99ac",string
004d99d0,004d99ef,data,"s_WS_CommServ_BadPeerCertificate_004d99d0",string
004d99f0,004d9a0b,data,"s_WS_CommServ_BehindFirewall_004d99f0",string
004d9a0c,004d9a27,data,"s_WS_CommServ_InvalidMessage_004d9a0c",string
004d9a28,004d9a4a,data,"s_WS_CommServ_InvalidSequenceNumbe_004d9a28",string
004d9a4c,004d9a69,data,"s_WS_CommServ_InvalidSessionId_004d9a4c",string
004d9a6c,004d9a89,data,"s_WS_CommServ_DecryptionFailed_004d9a6c",string
004d9a8c,004d9aa5,data,"s_WS_CommServ_NotSupported_004d9a8c",string
004d9aa8,004d9abd,data,"s_WS_CommServ_TimedOut_004d9aa8",string
004d9ac0,004d9adc,data,"s_WS_CommServ_NoPortAvailable_004d9ac0",string
004d9adc,004d9af5,data,"s_WS_CommServ_ResourcesLow_004d9adc",string
004d9af8,004d9b12,data,"s_WS_CommServ_NotAuthorized_004d9af8",string
004d9b14,004d9b30,data,"s_WS_CommServ_SessionNotFound_004d9b14",string
004d9b30,004d9b4e,data,"s_WS_CommServ_MessageExceedsMax_004d9b30",string
004d9b50,004d9b6a,data,"s_WS_CommServ_AlreadyExists_004d9b50",string
004d9b6c,004d9b8a,data,"s_WS_CommServ_InvalidParameters_004d9b6c",string
004d9b8c,004d9ba3,data,"s_WS_CommServ_NotAllowed_004d9b8c",string
004d9ba4,004d9bbd,data,"s_WS_CommServ_NotAvailable_004d9ba4",string
004d9bc0,004d9bd4,data,"s_WS_CommServ_Failure_004d9bc0",string
004d9bd4,004d9bdf,data,"s_WS_Success_004d9bd4",string
004d9be0,004d9c07,data,"s_WS_CommServ_StatusCommon_BannedA_004d9be0",string
004d9c08,004d9c1f,data,"s_WS_DirServ_InvalidPath_004d9c08",string
004d9c20,004d9c39,data,"s_WS_DirServ_BadDataOffset_004d9c20",string
004d9c3c,004d9c56,data,"s_WS_DirServ_MaxDataObjects_004d9c3c",string
004d9c58,004d9c72,data,"s_WS_DirServ_EntityTooLarge_004d9c58",string
004d9c74,004d9c90,data,"s_WS_DirServ_AlreadyConnected_004d9c74",string
004d9c90,004d9ca5,data,"s_WS_DirServ_DirIsFull_004d9c90",string
004d9ca8,004d9cc1,data,"s_WS_DirServ_ServiceExists_004d9ca8",string
004d9cc4,004d9cd9,data,"s_WS_DirServ_DirExists_004d9cc4",string
004d9cdc,004d9cf7,data,"s_WS_DirServ_ServiceNotFound_004d9cdc",string
004d9cf8,004d9d0f,data,"s_WS_DirServ_DirNotFound_004d9cf8",string
004d9d10,004d9d28,data,"s_WS_DirServ_FailureStart_004d9d10",string
004d9d28,004d9d43,data,"s_WS_DirServ_InvalidGetFlags_004d9d28",string
004d9d44,004d9d5e,data,"s_WS_DirServ_InvalidACLType_004d9d44",string
004d9d60,004d9d7e,data,"s_WS_DirServ_DataObjectNotFound_004d9d60",string
004d9d80,004d9d9c,data,"s_WS_DirServ_DataObjectExists_004d9d80",string
004d9d9c,004d9db5,data,"s_WS_DirServ_NoDataObjects_004d9d9c",string
004d9db8,004d9dd5,data,"s_WS_DirServ_InvalidDataObject_004d9db8",string
004d9dd8,004d9df3,data,"s_WS_DirServ_InvalidLifespan_004d9dd8",string
004d9df4,004d9e0b,data,"s_WS_DirServ_InvalidMode_004d9df4",string
004d9e0c,004d9e22,data,"s_WS_DirServ_InvalidKey_004d9e0c",string
004d9e24,004d9e40,data,"s_WS_DirServ_PermissionExists_004d9e24",string
004d9e40,004d9e62,data,"s_WS_DirServ_MultiGetPartialFailur_004d9e40",string
004d9e64,004d9e76,data,"s_WS_DirServ_NoACLs_004d9e64",string
004d9e78,004d9e92,data,"s_WS_DirServ_MaxPermissions_004d9e78",string
004d9e94,004d9eb2,data,"s_WS_DirServ_PermissionNotFound_004d9e94",string
004d9eb4,004d9ed9,data,"s_WS_DirServ_MultiGetFailedAllRequ_004d9eb4",string
004d9edc,004d9ef4,data,"s_WS_AuthServ_CDKeyBanned_004d9edc",string
004d9ef4,004d9f09,data,"s_WS_AuthServ_BadCDKey_004d9ef4",string
004d9f0c,004d9f27,data,"s_WS_AuthServ_BadPubKeyBlock_004d9f0c",string
004d9f28,004d9f41,data,"s_WS_AuthServ_FailureStart_004d9f28",string
004d9f44,004d9f5b,data,"s_WS_AuthServ_CDKeyInUse_004d9f44",string
004d9f5c,004d9f77,data,"s_WS_AuthServ_NotInCommunity_004d9f5c",string
004d9f78,004d9f91,data,"s_WS_AuthServ_InvalidCDKey_004d9f78",string
004d9f94,004d9fad,data,"s_WS_AuthServ_BadCommunity_004d9f94",string
004d9fb0,004d9fcc,data,"s_WS_AuthServ_InvalidUserName_004d9fb0",string
004d9fcc,004d9fe4,data,"s_WS_AuthServ_BadPassword_004d9fcc",string
004d9fe4,004d9ffd,data,"s_WS_AuthServ_UserNotFound_004d9fe4",string
004da000,004da017,data,"s_WS_AuthServ_UserExists_004da000",string
004da018,004da02e,data,"s_WS_AuthServ_CRCFailed_004da018",string
004da030,004da049,data,"s_WS_AuthServ_UserSeqInUse_004da030",string
004da04c,004da064,data,"s_WS_AuthServ_SetCUDError_004da04c",string
004da064,004da07e,data,"s_WS_EventServ_FailureStart_004da064",string
004da080,004da09d,data,"s_WS_EventServ_InvalidDateTime_004da080",string
004da0a0,004da0bc,data,"s_WS_EventServ_BufferingError_004da0a0",string
004da0bc,004da0d9,data,"s_WS_EventServ_InvalidDataType_004da0bc",string
004da0dc,004da101,data,"s_WS_RoutingServG2_ClientAlreadyEx_004da0dc",string
004da104,004da129,data,"s_WS_RoutingServG2_ClientAlreadyBa_004da104",string
004da12c,004da150,data,"s_WS_RoutingServG2_CaptainRejected_004da12c",string
004da150,004da176,data,"s_WS_RoutingServG2_BlankNamesNotAl_004da150",string
004da178,004da19e,data,"s_WS_RoutingServG2_ClientAlreadyIn_004da178",string
004da1a0,004da1bc,data,"s_WS_RoutingServG2_ServerFull_004da1a0",string
004da1bc,004da1d5,data,"s_WS_RoutingServG2_Pending_004da1bc",string
004da1d8,004da1f8,data,"s_WS_RoutingServG2_OffsetTooLarge_004da1d8",string
004da1f8,004da21d,data,"s_WS_RoutingServG2_ObserversNotAll_004da1f8",string
004da220,004da244,data,"s_WS_RoutingServG2_ObjectDoesNotEx_004da220",string
004da244,004da26d,data,"s_WS_RoutingServG2_NoUsernameInCer_004da244",string
004da270,004da28f,data,"s_WS_RoutingServG2_NoPendingJoin_004da270",string
004da290,004da2af,data,"s_WS_RoutingServG2_MustBeVisible_004da290",string
004da2b0,004da2cc,data,"s_WS_RoutingServG2_MustBeSelf_004da2b0",string
004da2cc,004da2ed,data,"s_WS_RoutingServG2_MustBeModerator_004da2cc",string
004da2f0,004da30e,data,"s_WS_RoutingServG2_MustBeClient_004da2f0",string
004da310,004da33a,data,"s_WS_RoutingServG2_MustBeCaptainOr_004da310",string
004da33c,004da35b,data,"s_WS_RoutingServG2_MustBeCaptain_004da33c",string
004da35c,004da381,data,"s_WS_RoutingServG2_MustBeAuthentic_004da35c",string
004da384,004da3a1,data,"s_WS_RoutingServG2_MustBeAdmin_004da384",string
004da3a4,004da3cb,data,"s_WS_RoutingServG2_LoginTypeNotSup_004da3a4",string
004da3cc,004da3ee,data,"s_WS_RoutingServG2_InvalidWONUserI_004da3cc",string
004da3f0,004da411,data,"s_WS_RoutingServG2_InvalidPassword_004da3f0",string
004da414,004da438,data,"s_WS_RoutingServG2_InvalidContentT_004da414",string
004da438,004da45c,data,"s_WS_RoutingServG2_GuestNamesReser_004da438",string
004da45c,004da477,data,"s_WS_RoutingServG2_GroupFull_004da45c",string
004da478,004da49b,data,"s_WS_RoutingServG2_GroupDoesNotExi_004da478",string
004da49c,004da4ba,data,"s_WS_RoutingServG2_GroupDeleted_004da49c",string
004da4bc,004da4d9,data,"s_WS_RoutingServG2_GroupClosed_004da4bc",string
004da4dc,004da500,data,"s_WS_RoutingServG2_GroupAlreadyExi_004da4dc",string
004da500,004da525,data,"s_WS_RoutingServG2_GroupAlreadyCla_004da500",string
004da528,004da54d,data,"s_WS_RoutingServG2_DuplicateDataOb_004da528",string
004da550,004da570,data,"s_WS_RoutingServG2_ConnectFailure_004da550",string
004da570,004da594,data,"s_WS_RoutingServG2_ClientNotPermit_004da570",string
004da594,004da5b4,data,"s_WS_RoutingServG2_ClientNotMuted_004da594",string
004da5b4,004da5d6,data,"s_WS_RoutingServG2_ClientNotInvite_004da5b4",string
004da5d8,004da5fa,data,"s_WS_RoutingServG2_ClientNotInGrou_004da5d8",string
004da5fc,004da61d,data,"s_WS_RoutingServG2_ClientNotBanned_004da5fc",string
004da620,004da644,data,"s_WS_RoutingServG2_ClientDoesNotEx_004da620",string
004da644,004da662,data,"s_WS_RoutingServG2_ClientBanned_004da644",string
004da664,004da68d,data,"s_WS_RoutingServG2_ClientAlreadyRe_004da664",string
004da690,004da6b4,data,"s_WS_RoutingServG2_ClientAlreadyMu_004da690",string
004da6b4,004da6e0,data,"s_WS_RoutingServG2_ShutdownTimerAl_004da6b4",string
004da6e0,004da6fd,data,"s_WS_ProfileServ_DatabaseError_004da6e0",string
004da700,004da724,data,"s_WS_ProfileServ_WONUserAlreadyExi_004da700",string
004da724,004da746,data,"s_WS_ProfileServ_BadWONUserPasswor_004da724",string
004da748,004da76e,data,"s_WS_ProfileServ_PartySourceEntryE_004da748",string
004da770,004da795,data,"s_WS_ProfileServ_NewsletterEntryEx_004da770",string
004da798,004da7b8,data,"s_WS_ProfileServ_EmailAlreadyUsed_004da798",string
004da7b8,004da7da,data,"s_WS_ProfileServ_PartySeqAlreadySe_004da7b8",string
004da7dc,004da7fb,data,"s_WS_ProfileServ_CountryNotFound_004da7dc",string
004da7fc,004da81c,data,"s_WS_ProfileServ_AgeRangeNotFound_004da7fc",string
004da81c,004da838,data,"s_WS_ProfileServ_UserNotFound_004da81c",string
004da838,004da85b,data,"s_WS_ProfileServ_ProfileDoesNotExi_004da838",string
004da85c,004da87f,data,"s_WS_RoutingServG2_TooManyRecipien_004da85c",string
004da880,004da8a4,data,"s_WS_RoutingServG2_TooManyMembersh_004da880",string
004da8a4,004da8bf,data,"s_WS_RoutingServG2_Throttled_004da8a4",string
004da8c0,004da8eb,data,"s_WS_RoutingServG2_SubscriptionDoe_004da8c0",string
004da8ec,004da916,data,"s_WS_RoutingServG2_SubscriptionDoe_004da8ec",string
004da918,004da943,data,"s_WS_RoutingServG2_SubscriptionAlr_004da918",string
004da944,004da96f,data,"s_WS_RoutingServG2_ShutdownTimerDo_004da944",string
004da970,004da992,data,"s_WS_ProfileServ_InvalidWONUserNam_004da970",string
004da994,004da9aa,data,"s_WS_DBProxyServ_NoData_004da994",string
004da9ac,004da9c3,data,"s_WS_DBProxyServ_DBError_004da9ac",string
004da9c4,004da9eb,data,"s_WS_ProfileServ_RemoveNewsLetters_004da9c4",string
004da9ec,004daa11,data,"s_WS_ProfileServ_NoNewslettersProv_004da9ec",string
004daa14,004daa36,data,"s_WS_ProfileServ_TooManyNewsletter_004daa14",string
004daa38,004daa5d,data,"s_WS_ProfileServ_UnfoundNewsletter_004daa38",string
004daa60,004daa7a,data,"s_WS_ProfileServ_OtherError_004daa60",string
004daa7c,004daaa3,data,"s_WS_ProfileServ_AccountCreationDi_004daa7c",string
004daaa4,004daabc,data,"s_WS_DBProxyServ_NoModule_004daaa4",string
004daabc,004daae0,data,"s_WS_DBProxyServ_GameSpecificError_004daabc",string
004daae0,004dab13,data,"s_WS_DBProxyServ_GameSpecificWarri_004daae0",string
004dab14,004dab3a,data,"s_WS_DBProxyServ_GameSpecificError_004dab14",string
004dab3c,004dab56,data,"s_WS_DBProxyServ_KeyNotUsed_004dab3c",string
004dab58,004dab74,data,"s_WS_DBProxyServ_InvalidCDKey_004dab58",string
004dab74,004dab94,data,"s_WS_DBProxyServ_UserDoesNotExist_004dab74",string
004dab94,004dabac,data,"s_WS_DBProxyServ_KeyInUse_004dab94",string
004dabac,004dabcb,data,"s_WS_DBProxyServ_InvalidUserName_004dabac",string
004dabcc,004dabe6,data,"s_WS_DBProxyServ_UserExists_004dabcc",string
004dabe8,004dabe9,data,"DAT_004dabe8",undefined1
004dabe9,004dabea,data,"DAT_004dabe9",undefined1
004dabec,004dabf0,data,"DAT_004dabec",undefined4
004dabf8,004dabfc,data,"DAT_004dabf8",undefined4
004dabfc,004dabfe,data,"DAT_004dabfc",undefined2
004dac00,004dac06,data,"s_endif_004dac00",string
004dac10,004dac17,data,"s_ifndef_004dac10",string
004dac18,004dac1e,data,"s_ifdef_004dac18",string
004dac28,004dac2c,data,"PTR___fpmath_004dac28",pointer
004dac2c,004dac30,data,"PTR_FUN_004dac2c",pointer
004dac30,004dac34,data,"PTR_FUN_004dac30",pointer
004dac44,004dac48,data,"DAT_004dac44",undefined4
004dac48,004dac4c,data,"DAT_004dac48",undefined4
004dac4c,004dac50,data,"DAT_004dac4c",undefined4
004dac50,004dac54,data,"DAT_004dac50",undefined4
004dac90,004dac94,data,"DAT_004dac90",undefined *
004dac94,004dac98,data,"DAT_004dac94",undefined *
004dac98,004dac9c,data,"DAT_004dac98",undefined *
004dac9c,004daca0,data,"DAT_004dac9c",undefined *
004daca0,004daca4,data,"DAT_004daca0",undefined *
004daca4,004daca8,data,"DAT_004daca4",undefined *
004daca8,004dacac,data,"DAT_004daca8",undefined *
004dacac,004dacb0,data,"DAT_004dacac",undefined *
004dacb0,004dacb4,data,"DAT_004dacb0",undefined *
004dacb4,004dacb8,data,"DAT_004dacb4",undefined *
004dacb8,004dacbc,data,"DAT_004dacb8",undefined *
004dacbc,004dacc0,data,"DAT_004dacbc",undefined *
004dacc0,004dacc4,data,"DAT_004dacc0",undefined *
004dacc4,004dacc8,data,"DAT_004dacc4",undefined *
004dacc8,004daccc,data,"DAT_004dacc8",undefined *
004daccc,004dacd0,data,"DAT_004daccc",undefined *
004dacd0,004dacd4,data,"PTR___exit_004dacd0",pointer
004dacd4,004dacd8,data,"DAT_004dacd4",undefined4
004dacd8,004dace0,data,"type_info::RTTI_Type_Descriptor",TypeDescriptor
004dace0,004dacf0,data,"DAT_004dace0",char[16]
004dacf8,004dacfc,data,"PTR_DAT_004dacf8",pointer
004dad08,004dad0c,data,"DAT_004dad08",undefined4
004dad28,004dad2c,data,"DAT_004dad28",undefined4
004daf80,004daf84,data,"PTR_FUN_004daf80",pointer
004daf84,004daf88,data,"PTR_FUN_004daf84",pointer
004daf88,004daf8c,data,"PTR_FUN_004daf88",pointer
004daf8c,004daf90,data,"PTR_FUN_004daf8c",pointer
004daf90,004daf94,data,"PTR_FUN_004daf90",pointer
004daf94,004daf98,data,"PTR_FUN_004daf94",pointer
004dafa0,004dafa4,data,"PTR_LOOP_004dafa0",pointer
004dafa4,004dafa8,data,"PTR_PTR_LOOP_004dafa4",pointer
004dafa8,004dafac,data,"PTR_DAT_004dafa8",pointer
004dafac,004dafb0,data,"PTR_DAT_004dafac",pointer
004dafb0,004dafb4,data,"DAT_004dafb0",undefined4
004dafb4,004dafb8,data,"DAT_004dafb4",undefined4
004dafb8,004dafbc,data,"DAT_004dafb8",undefined4
004dafbc,004dafc0,data,"DAT_004dafbc",undefined4
004dafc0,004dafc4,data,"DAT_004dafc0",undefined4
004dafc4,004dafc8,data,"DAT_004dafc4",undefined4
004dafc8,004dafcc,data,"DAT_004dafc8",undefined4
004dcfa8,004dcfac,data,"DAT_004dcfa8",undefined4
004dcfb0,004dcfb4,data,"DAT_004dcfb0",undefined4
004dcfc0,004dcfc4,data,"PTR_PTR_LOOP_004dcfc0",pointer
004dcfc4,004dcfc8,data,"DAT_004dcfc4",undefined4
004dcfcc,004dcfd0,data,"PTR_DAT_004dcfcc",pointer
004dcfec,004dcff0,data,"PTR_DAT_004dcfec",pointer
004dcffc,004dd000,data,"PTR_DAT_004dcffc",pointer
004dd00c,004dd010,data,"PTR_DAT_004dd00c",pointer
004dd088,004dd08c,data,"PTR_DAT_004dd088",pointer
004dd08c,004dd090,data,"PTR_DAT_004dd08c",pointer
004dd090,004dd094,data,"DAT_004dd090",undefined4
004dd09c,004dd09d,data,"DAT_004dd09c",undefined1
004dd0c0,004dd0c4,data,"DAT_004dd0c0",undefined4
004dd0c8,004dd0cc,data,"DAT_004dd0c8",undefined4
004dd0cc,004dd0d0,data,"DAT_004dd0cc",undefined4
004dd228,004dd22c,data,"DAT_004dd228",undefined4
004dd230,004dd234,data,"DAT_004dd230",undefined4
004dd234,004dd238,data,"PTR_DAT_004dd234",pointer
004dd340,004dd344,data,"PTR_DAT_004dd340",pointer
004dd54c,004dd550,data,"DAT_004dd54c",undefined4
004dd550,004dd551,data,"DAT_004dd550",undefined1
004dd590,004dd596,data,"s_-_]_004dd590",string
004dd598,004dd599,data,"DAT_004dd598",undefined1
004dd599,004dd59a,data,"DAT_004dd599",undefined1
004dd59a,004dd59b,data,"DAT_004dd59a",undefined1
004dd59b,004dd59c,data,"DAT_004dd59b",undefined1
004dd59c,004dd59d,data,"DAT_004dd59c",undefined1
004dd59d,004dd59e,data,"DAT_004dd59d",undefined1
004dd5a0,004dd5a4,data,"DAT_004dd5a0",undefined4
004dd5a8,004dd5ac,data,"DAT_004dd5a8",undefined4
004dd5b0,004dd5b4,data,"DAT_004dd5b0",undefined4
004dd5b4,004dd5b8,data,"PTR_s_R6009_-_not_enough_space_for_env_004dd5b4",pointer
004dd7b8,004dd7bc,data,"DAT_004dd7b8",undefined4
004dd7bc,004dd7c0,data,"DAT_004dd7bc",undefined4
004dd7c4,004dd7c8,data,"DAT_004dd7c4",undefined4
004dd938,004dd93c,data,"DAT_004dd938",undefined4
004dd968,004dd96c,data,"DAT_004dd968",undefined4
004dd96c,004dd970,data,"DAT_004dd96c",undefined4
004dd970,004dd974,data,"DAT_004dd970",undefined4
004dd974,004dd978,data,"DAT_004dd974",undefined4
004dd978,004dd979,data,"DAT_004dd978",undefined1
004dd979,004dd97a,data,"DAT_004dd979",undefined1
004dd97a,004dd97b,data,"DAT_004dd97a",undefined1
004dd980,004dd981,data,"DAT_004dd980",undefined1
004dd981,004dd982,data,"DAT_004dd981",undefined1
004dd982,004dd983,data,"DAT_004dd982",undefined1
004dd983,004dd984,data,"DAT_004dd983",undefined1
004dda40,004dda44,data,"PTR_terminate_004dda40",pointer
004dda80,004dda84,data,"DAT_004dda80",undefined4
004dda84,004dda88,data,"DAT_004dda84",undefined4
004dda88,004dda8c,data,"DAT_004dda88",undefined4
004dda90,004dda91,data,"DAT_004dda90",undefined1
004dda93,004dda94,data,"DAT_004dda93",undefined1
004ddacf,004ddad0,data,"DAT_004ddacf",undefined1
004ddad0,004ddad1,data,"DAT_004ddad0",undefined1
004ddad3,004ddad4,data,"DAT_004ddad3",undefined1
004ddb0f,004ddb10,data,"DAT_004ddb0f",undefined1
004ddb10,004ddb14,data,"PTR_DAT_004ddb10",pointer
004ddb14,004ddb18,data,"PTR_DAT_004ddb14",pointer
004ddb18,004ddb1c,data,"DAT_004ddb18",undefined4
004ddb1c,004ddb20,data,"DAT_004ddb1c",undefined4
004ddb20,004ddb24,data,"DAT_004ddb20",undefined4
004ddb28,004ddb2c,data,"DAT_004ddb28",undefined4
004ddb2c,004ddb30,data,"DAT_004ddb2c",undefined4
004ddb30,004ddb34,data,"DAT_004ddb30",undefined4
004ddba8,004ddbac,data,"DAT_004ddba8",undefined *
004ddbac,004ddbb0,data,"DAT_004ddbac",undefined *
004ddbb0,004ddbb4,data,"DAT_004ddbb0",undefined *
004ddbb4,004ddbb8,data,"DAT_004ddbb4",undefined *
004ddbb8,004ddbbc,data,"DAT_004ddbb8",undefined *
004ddbbc,004ddbc0,data,"DAT_004ddbbc",undefined *
004ddbc0,004ddbc4,data,"DAT_004ddbc0",undefined *
004ddbc4,004ddbc8,data,"DAT_004ddbc4",undefined *
004ddbc8,004ddbcc,data,"DAT_004ddbc8",undefined *
004ddbcc,004ddbd0,data,"DAT_004ddbcc",undefined *
004ddbd0,004ddbd4,data,"DAT_004ddbd0",undefined *
004ddbd4,004ddbd8,data,"DAT_004ddbd4",undefined *
004ddbd8,004ddbdc,data,"DAT_004ddbd8",undefined *
004ddbdc,004ddbe0,data,"DAT_004ddbdc",undefined *
004ddbe0,004ddbe4,data,"DAT_004ddbe0",undefined *
004ddbe4,004ddbe8,data,"DAT_004ddbe4",undefined *
004ddbe8,004ddbec,data,"DAT_004ddbe8",undefined *
004ddbec,004ddbf0,data,"DAT_004ddbec",undefined *
004ddbf0,004ddbf4,data,"DAT_004ddbf0",undefined *
004ddbf4,004ddbf8,data,"DAT_004ddbf4",undefined *
004ddbf8,004ddbfc,data,"DAT_004ddbf8",undefined *
004ddbfc,004ddc00,data,"DAT_004ddbfc",undefined *
004ddc00,004ddc04,data,"DAT_004ddc00",undefined *
004ddc04,004ddc08,data,"DAT_004ddc04",undefined *
004ddc08,004ddc0c,data,"DAT_004ddc08",undefined *
004ddc0c,004ddc10,data,"DAT_004ddc0c",undefined *
004ddc10,004ddc14,data,"DAT_004ddc10",undefined *
004ddc14,004ddc18,data,"DAT_004ddc14",undefined *
004ddc18,004ddc1c,data,"DAT_004ddc18",undefined *
004ddc1c,004ddc20,data,"DAT_004ddc1c",undefined *
004ddc20,004ddc24,data,"DAT_004ddc20",undefined *
004ddc24,004ddc28,data,"DAT_004ddc24",undefined *
004ddc28,004ddc2c,data,"DAT_004ddc28",undefined *
004ddc2c,004ddc30,data,"DAT_004ddc2c",undefined *
004ddc30,004ddc34,data,"DAT_004ddc30",undefined *
004ddc34,004ddc38,data,"DAT_004ddc34",undefined *
004ddc38,004ddc3c,data,"DAT_004ddc38",undefined *
004ddc3c,004ddc40,data,"DAT_004ddc3c",undefined *
004ddc40,004ddc44,data,"DAT_004ddc40",undefined *
004ddc44,004ddc48,data,"DAT_004ddc44",undefined *
004ddc48,004ddc4c,data,"DAT_004ddc48",undefined *
004ddc4c,004ddc50,data,"DAT_004ddc4c",undefined *
004ddc50,004ddc54,data,"DAT_004ddc50",undefined *
004ddc60,004ddc64,data,"DAT_004ddc60",undefined *
004ddc64,004ddc68,data,"DAT_004ddc64",undefined *
004ddc68,004ddc6c,data,"DAT_004ddc68",undefined *
004ddc6c,004ddc70,data,"DAT_004ddc6c",undefined *
004ddc70,004ddc74,data,"DAT_004ddc70",undefined *
004ddc74,004ddc78,data,"DAT_004ddc74",undefined *
004ddc78,004ddc7c,data,"DAT_004ddc78",undefined *
004ddc7c,004ddc80,data,"DAT_004ddc7c",undefined *
004ddc80,004ddc84,data,"DAT_004ddc80",undefined *
004ddc84,004ddc88,data,"DAT_004ddc84",undefined *
004de2b0,004de2b4,data,"DAT_004de2b0",undefined4
004de2b4,004de2b5,data,"DAT_004de2b4",undefined1
004de2b5,004de2b6,data,"DAT_004de2b5",undefined1
004de2b8,004de2bc,data,"DAT_004de2b8",undefined4
004de2bc,004de2c0,data,"DAT_004de2bc",undefined4
004de2fc,004de300,data,"DAT_004de2fc",undefined4
004de300,004de304,data,"DAT_004de300",undefined4
004de304,004de308,data,"DAT_004de304",undefined4
004de308,004de30c,data,"DAT_004de308",undefined4
004de30c,004de310,data,"DAT_004de30c",undefined4
004de310,004de314,data,"DAT_004de310",undefined4
004de314,004de318,data,"DAT_004de314",undefined4
004de318,004de31c,data,"DAT_004de318",undefined4
004de31c,004de320,data,"DAT_004de31c",undefined4
004de320,004de324,data,"DAT_004de320",undefined4
004de324,004de328,data,"DAT_004de324",undefined4
004de328,004de32c,data,"DAT_004de328",undefined4
004de9dc,004de9e0,data,"DAT_004de9dc",undefined4
004de9e0,004de9e4,data,"DAT_004de9e0",undefined4
004de9e4,004de9e8,data,"DAT_004de9e4",undefined4
004de9e8,004de9e9,data,"DAT_004de9e8",undefined1
004debdc,004debe0,data,"DAT_004debdc",undefined4
004debe0,004debe4,data,"DAT_004debe0",undefined4
004debf4,004debf8,data,"DAT_004debf4",undefined4
004deca0,004deca4,data,"DAT_004deca0",undefined4
004decb4,004decb8,data,"DAT_004decb4",undefined4
004decb8,004decbc,data,"DAT_004decb8",undefined4
004decbc,004decc0,data,"DAT_004decbc",undefined4
004decc0,004decc4,data,"DAT_004decc0",undefined4
004decc4,004decc8,data,"DAT_004decc4",undefined4
004decc8,004deccc,data,"DAT_004decc8",undefined4
004deccc,004decd0,data,"DAT_004deccc",undefined4
004decf4,004decf8,data,"DAT_004decf4",undefined4
004dedc0,004dedc4,data,"DAT_004dedc0",undefined4
004dedcc,004dedd0,data,"DAT_004dedcc",undefined4
004deddc,004dede0,data,"DAT_004deddc",undefined4
004dede0,004dede4,data,"DAT_004dede0",undefined4
004dedf4,004dedf8,data,"DAT_004dedf4",undefined4
004dedf8,004dedfc,data,"DAT_004dedf8",undefined4
004dee10,004dee14,data,"DAT_004dee10",undefined4
004dee14,004dee15,data,"DAT_004dee14",undefined1
004def14,004def18,data,"DAT_004def14",undefined4
004def1c,004def20,data,"DAT_004def1c",undefined4
004def20,004def24,data,"DAT_004def20",undefined4
004def24,004def28,data,"DAT_004def24",undefined4
004def28,004def2c,data,"DAT_004def28",undefined4
004def2c,004def30,data,"DAT_004def2c",undefined4
004def30,004def34,data,"DAT_004def30",undefined4
004def34,004def38,data,"DAT_004def34",undefined4
004def38,004def3c,data,"DAT_004def38",undefined4
004def3c,004def40,data,"DAT_004def3c",undefined4
004def40,004def44,data,"DAT_004def40",undefined4
004def44,004def48,data,"DAT_004def44",undefined4
004def48,004def4c,data,"DAT_004def48",undefined4
004def4c,004def50,data,"DAT_004def4c",undefined4
004def50,004def54,data,"DAT_004def50",undefined4
004def54,004def58,data,"DAT_004def54",undefined4
004def5c,004def60,data,"DAT_004def5c",undefined4
004def60,004def64,data,"DAT_004def60",undefined4
004def64,004def68,data,"DAT_004def64",undefined4
004def68,004def6c,data,"DAT_004def68",undefined4
004def6c,004def70,data,"DAT_004def6c",undefined4
004def7c,004def80,data,"DAT_004def7c",undefined4
004def8c,004def90,data,"DAT_004def8c",undefined4
004def94,004def98,data,"DAT_004def94",undefined4
004def9c,004defa0,data,"DAT_004def9c",undefined4
004defa0,004defa4,data,"DAT_004defa0",undefined4
004defa4,004defa8,data,"DAT_004defa4",undefined4
004defac,004defb0,data,"DAT_004defac",undefined4
004defb8,004defbc,data,"DAT_004defb8",undefined4
004defbc,004defc0,data,"DAT_004defbc",undefined4
004defc0,004defc4,data,"DAT_004defc0",undefined4
004deff0,004deff4,data,"DAT_004deff0",undefined4
004deff4,004deff8,data,"DAT_004deff4",undefined4
004deff8,004deffc,data,"DAT_004deff8",undefined4
004deffc,004df000,data,"DAT_004deffc",undefined4
004df000,004df004,data,"DAT_004df000",undefined4
004df004,004df008,data,"DAT_004df004",undefined4
004df008,004df00c,data,"DAT_004df008",undefined4
004df010,004df011,data,"DAT_004df010",undefined1
004df018,004df01c,data,"DAT_004df018",undefined4
004df01c,004df020,data,"DAT_004df01c",undefined4
004e0070,004e0074,data,"DAT_004e0070",undefined4
004e0074,004e0078,data,"DAT_004e0074",undefined4
004e0078,004e007c,data,"DAT_004e0078",undefined4
004e048c,004e0490,data,"DAT_004e048c",undefined4
004e0490,004e0494,data,"DAT_004e0490",undefined4
004e0494,004e0498,data,"DAT_004e0494",undefined4
004e0c98,004e0c9c,data,"DAT_004e0c98",undefined4
004e0c9c,004e0ca0,data,"DAT_004e0c9c",undefined4
004e0cac,004e0cae,data,"DAT_004e0cac",undefined2
004e0cae,004e0cb0,data,"DAT_004e0cae",undefined2
004e14b0,004e14b4,data,"DAT_004e14b0",undefined4
004e14b4,004e14b8,data,"DAT_004e14b4",undefined4
004e2458,004e245c,data,"DAT_004e2458",undefined4
004e245c,004e2460,data,"DAT_004e245c",undefined4
004e2460,004e2464,data,"DAT_004e2460",undefined4
004e2464,004e2468,data,"DAT_004e2464",undefined4
004e2468,004e246c,data,"DAT_004e2468",undefined4
004e247c,004e2480,data,"DAT_004e247c",undefined4
004e2480,004e2484,data,"DAT_004e2480",undefined4
004e2484,004e2488,data,"DAT_004e2484",undefined4
004e2488,004e248c,data,"DAT_004e2488",undefined4
004e248c,004e2490,data,"DAT_004e248c",undefined4
004e2490,004e2494,data,"DAT_004e2490",undefined4
004e2494,004e2498,data,"DAT_004e2494",undefined4
004e2498,004e249c,data,"DAT_004e2498",undefined4
004e249c,004e24a0,data,"DAT_004e249c",undefined4
004e24a0,004e24a4,data,"DAT_004e24a0",undefined4
004e24a8,004e24ac,data,"DAT_004e24a8",undefined4
004e24ac,004e24b0,data,"DAT_004e24ac",undefined4
004e2cc0,004e2cc4,data,"DAT_004e2cc0",undefined4
004e2cc4,004e2cc8,data,"DAT_004e2cc4",undefined4
004e2cc8,004e2ccc,data,"DAT_004e2cc8",undefined4
004e2ccc,004e2cd0,data,"DAT_004e2ccc",undefined4
004e2cd0,004e2cd4,data,"DAT_004e2cd0",undefined4
004e2cd4,004e2cd8,data,"DAT_004e2cd4",undefined4
004e2cd8,004e2cdc,data,"DAT_004e2cd8",undefined4
004e2cdc,004e2ce0,data,"DAT_004e2cdc",undefined4
004e2ce0,004e2ce4,data,"DAT_004e2ce0",undefined4
004e2ce4,004e2ce8,data,"DAT_004e2ce4",undefined4
004e2ce8,004e2cec,data,"DAT_004e2ce8",undefined4
004e2cec,004e2cf0,data,"DAT_004e2cec",undefined4
004e2cf0,004e2cf4,data,"DAT_004e2cf0",undefined4
004e2cf4,004e2cf8,data,"DAT_004e2cf4",undefined4
004e2cf8,004e2cfc,data,"DAT_004e2cf8",undefined4
004e2cfc,004e2d00,data,"DAT_004e2cfc",undefined4
004e2d00,004e2d04,data,"DAT_004e2d00",undefined4
004e2d04,004e2d08,data,"DAT_004e2d04",undefined4
004e2d08,004e2d0c,data,"DAT_004e2d08",undefined4
004e2d0c,004e2d10,data,"DAT_004e2d0c",undefined4
004e2d10,004e2d14,data,"DAT_004e2d10",undefined4
004e2d14,004e2d18,data,"DAT_004e2d14",undefined4
004e2d18,004e2d1c,data,"DAT_004e2d18",undefined4
004e2d1c,004e2d20,data,"DAT_004e2d1c",undefined4
004e2d20,004e2d24,data,"DAT_004e2d20",undefined4
004e2d24,004e2d28,data,"DAT_004e2d24",undefined4
004e2d28,004e2d2c,data,"DAT_004e2d28",undefined4
004e2d2c,004e2d30,data,"DAT_004e2d2c",undefined4
004e2d30,004e2d34,data,"DAT_004e2d30",undefined4
004e2d34,004e2d38,data,"DAT_004e2d34",undefined4
004e2d38,004e2d3c,data,"DAT_004e2d38",undefined4
004e2d3c,004e2d40,data,"DAT_004e2d3c",undefined4
004e2d40,004e2d44,data,"DAT_004e2d40",undefined4
004e2d44,004e2d48,data,"DAT_004e2d44",undefined4
004e2d48,004e2d4c,data,"DAT_004e2d48",undefined4
004e2d4c,004e2d50,data,"DAT_004e2d4c",undefined4
004e2d80,004e2d84,data,"DAT_004e2d80",undefined4
004e2d84,004e2d88,data,"DAT_004e2d84",undefined4
004e2d88,004e2d8c,data,"DAT_004e2d88",undefined4
004e2d8c,004e2d90,data,"DAT_004e2d8c",undefined4
004e2d90,004e2d94,data,"DAT_004e2d90",undefined4
004e2da4,004e2da8,data,"DAT_004e2da4",undefined4
004e2f1c,004e2f20,data,"DAT_004e2f1c",undefined4
004e2f2c,004e2f30,data,"DAT_004e2f2c",undefined4
004e2f74,004e2f78,data,"DAT_004e2f74",undefined4
004e2f78,004e2f7c,data,"DAT_004e2f78",undefined4
004e2f7c,004e2f80,data,"DAT_004e2f7c",undefined4
004e3378,004e337c,data,"DAT_004e3378",undefined4
004e337c,004e3380,data,"DAT_004e337c",undefined4
004e3388,004e338c,data,"DAT_004e3388",undefined4
004e338c,004e3390,data,"DAT_004e338c",undefined4
004e3394,004e3398,data,"DAT_004e3394",undefined4
004e33b4,004e33b8,data,"DAT_004e33b4",undefined4
004e33d8,004e33dc,data,"DAT_004e33d8",undefined4
004e33e8,004e33ec,data,"DAT_004e33e8",undefined4
004e33f8,004e33fc,data,"DAT_004e33f8",undefined4
004e3420,004e3424,data,"DAT_004e3420",undefined4
004e3430,004e3434,data,"DAT_004e3430",undefined4
004e344c,004e3450,data,"DAT_004e344c",undefined4
004e3450,004e3454,data,"DAT_004e3450",undefined4
004e3454,004e3458,data,"DAT_004e3454",undefined4
004e3458,004e345c,data,"DAT_004e3458",undefined4
004e345c,004e3460,data,"DAT_004e345c",undefined4
004e3460,004e3464,data,"DAT_004e3460",undefined4
004e3468,004e346c,data,"DAT_004e3468",undefined4
004e346c,004e3470,data,"DAT_004e346c",undefined4
004e3470,004e3474,data,"DAT_004e3470",undefined4
004e3474,004e3478,data,"DAT_004e3474",undefined4
004e3478,004e347c,data,"DAT_004e3478",undefined4
004e347c,004e3480,data,"DAT_004e347c",undefined4
004e3480,004e3484,data,"DAT_004e3480",undefined4
004e3484,004e3488,data,"DAT_004e3484",undefined4
004e34c0,004e34c4,data,"DAT_004e34c0",undefined4
004e34cc,004e34d0,data,"DAT_004e34cc",undefined4
004e34dc,004e34e0,data,"DAT_004e34dc",undefined4
004e34e0,004e34e4,data,"DAT_004e34e0",undefined4
004e3528,004e352c,data,"DAT_004e3528",undefined4
004e352c,004e3530,data,"DAT_004e352c",undefined4
004e3530,004e3534,data,"DAT_004e3530",undefined4
004e3534,004e3538,data,"DAT_004e3534",undefined4
004e3538,004e353c,data,"DAT_004e3538",undefined4
004e3540,004e3544,data,"DAT_004e3540",undefined4
004e3544,004e3548,data,"DAT_004e3544",undefined4
004e364c,004e3650,data,"DAT_004e364c",undefined4
004e365c,004e3660,data,"DAT_004e365c",undefined4
004e3690,004e3694,data,"DAT_004e3690",undefined4
004e3694,004e3698,data,"DAT_004e3694",undefined4
004e369c,004e36a0,data,"DAT_004e369c",undefined4
004e36a0,004e36a4,data,"DAT_004e36a0",undefined4
004e36a4,004e36a8,data,"DAT_004e36a4",undefined4
004e36a8,004e36ac,data,"DAT_004e36a8",undefined4
004e36ac,004e36b0,data,"DAT_004e36ac",undefined4
004e36b0,004e36b4,data,"DAT_004e36b0",undefined4
004e36b4,004e36b8,data,"DAT_004e36b4",undefined4
004e36b8,004e36bc,data,"DAT_004e36b8",undefined4
004e36bc,004e36c0,data,"DAT_004e36bc",undefined4
004e36c0,004e36c4,data,"DAT_004e36c0",undefined4
004e36c4,004e36c8,data,"DAT_004e36c4",undefined4
004e36c8,004e36cc,data,"DAT_004e36c8",undefined4
004e36cc,004e36d0,data,"DAT_004e36cc",undefined4
004e36d0,004e36d4,data,"DAT_004e36d0",undefined4
004e36d4,004e36d8,data,"DAT_004e36d4",undefined4
004e36d8,004e36dc,data,"DAT_004e36d8",undefined4
004e36dc,004e36e0,data,"DAT_004e36dc",undefined4
004e36e4,004e36e8,data,"DAT_004e36e4",undefined4
004e36e8,004e36ec,data,"DAT_004e36e8",undefined4
004e36ec,004e36f0,data,"DAT_004e36ec",undefined4
004e36f0,004e36f2,data,"DAT_004e36f0",undefined2
004e36fc,004e3700,data,"DAT_004e36fc",undefined4
004e3704,004e3708,data,"DAT_004e3704",undefined4
004e3708,004e370c,data,"DAT_004e3708",undefined4
004e370c,004e3710,data,"DAT_004e370c",undefined4
004e3710,004e3714,data,"DAT_004e3710",undefined4
004e3714,004e3718,data,"DAT_004e3714",undefined4
004e3718,004e371c,data,"DAT_004e3718",undefined4
004e371c,004e3720,data,"DAT_004e371c",undefined4
004e3728,004e372c,data,"DAT_004e3728",undefined4
004e372c,004e3730,data,"DAT_004e372c",undefined4
004e3730,004e3734,data,"DAT_004e3730",undefined4
004e3734,004e3738,data,"DAT_004e3734",undefined4
004e3738,004e373c,data,"DAT_004e3738",undefined4
004e3744,004e3748,data,"DAT_004e3744",undefined4
004e3748,004e374c,data,"DAT_004e3748",undefined4
004e374c,004e3750,data,"DAT_004e374c",undefined4
004e3754,004e3758,data,"DAT_004e3754",undefined4
004e375c,004e3760,data,"DAT_004e375c",undefined4
004e3768,004e376c,data,"DAT_004e3768",undefined4
004e376c,004e3770,data,"DAT_004e376c",undefined4
004e3774,004e3778,data,"DAT_004e3774",undefined4
004e377c,004e3780,data,"DAT_004e377c",undefined4
004e3780,004e3784,data,"DAT_004e3780",undefined4
004e3790,004e3794,data,"DAT_004e3790",undefined4
004e3794,004e3798,data,"DAT_004e3794",undefined4
004e379c,004e37a0,data,"DAT_004e379c",undefined4
004e37a0,004e37a4,data,"DAT_004e37a0",undefined4
004e37a4,004e37a8,data,"DAT_004e37a4",undefined4
004e37a8,004e37ac,data,"DAT_004e37a8",undefined4
004e37ac,004e37b0,data,"DAT_004e37ac",undefined4
004e37b0,004e37b4,data,"DAT_004e37b0",undefined4
004e37b4,004e37b8,data,"DAT_004e37b4",undefined4
004e37b8,004e37bc,data,"DAT_004e37b8",undefined4
004e37bc,004e37c0,data,"DAT_004e37bc",undefined4
004e37c0,004e37c4,data,"DAT_004e37c0",undefined4
004e37c4,004e37c8,data,"DAT_004e37c4",undefined4
004e37c8,004e37cc,data,"DAT_004e37c8",undefined4
004e37cc,004e37d0,data,"DAT_004e37cc",undefined4
004e37d0,004e37d4,data,"DAT_004e37d0",undefined4
004e37d4,004e37d8,data,"DAT_004e37d4",undefined4
004e37d8,004e37dc,data,"DAT_004e37d8",undefined4
004e37dc,004e37dd,data,"DAT_004e37dc",undefined1
004e37e0,004e37e4,data,"DAT_004e37e0",undefined4
004e37e4,004e37e8,data,"DAT_004e37e4",undefined4
004e37e8,004e37ec,data,"DAT_004e37e8",undefined4
004e37ec,004e37f0,data,"DAT_004e37ec",undefined4
004e37f4,004e37f8,data,"DAT_004e37f4",undefined4
004e37f8,004e37fc,data,"DAT_004e37f8",undefined4
004e37fc,004e3800,data,"DAT_004e37fc",undefined4
004e3800,004e3804,data,"DAT_004e3800",undefined4
004e3808,004e380c,data,"DAT_004e3808",undefined4
004e380c,004e380d,data,"DAT_004e380c",undefined1
004e381c,004e3820,data,"DAT_004e381c",undefined4
004e3820,004e3824,data,"DAT_004e3820",undefined4
004e3824,004e3828,data,"DAT_004e3824",undefined4
004e3970,004e3974,data,"DAT_004e3970",undefined4
004e397c,004e3980,data,"DAT_004e397c",undefined4
004e3980,004e3984,data,"DAT_004e3980",undefined4
004e3984,004e3988,data,"DAT_004e3984",undefined4
004e39b4,004e39b8,data,"DAT_004e39b4",undefined4
004e39b8,004e39bc,data,"DAT_004e39b8",undefined4
004e39bc,004e39c0,data,"DAT_004e39bc",undefined4
004e39c0,004e39c4,data,"DAT_004e39c0",undefined4
004e39c4,004e39c8,data,"DAT_004e39c4",undefined4
004e39c8,004e39cc,data,"DAT_004e39c8",undefined4
004e39d0,004e39d4,data,"DAT_004e39d0",undefined4
004e39d4,004e39d8,data,"DAT_004e39d4",undefined4
004e39d8,004e39dc,data,"DAT_004e39d8",undefined4
004e39dc,004e39e0,data,"DAT_004e39dc",undefined4
004e39e0,004e39e4,data,"DAT_004e39e0",undefined4
004e39e8,004e39ec,data,"DAT_004e39e8",undefined4
004e3b0c,004e3b10,data,"DAT_004e3b0c",undefined4
004e3b10,004e3b14,data,"DAT_004e3b10",undefined4
004e3b14,004e3b18,data,"DAT_004e3b14",undefined4
004e3b18,004e3b1c,data,"DAT_004e3b18",undefined4
004e3b1c,004e3b20,data,"DAT_004e3b1c",undefined4
004e3b20,004e3b24,data,"DAT_004e3b20",undefined4
004e3b24,004e3b28,data,"DAT_004e3b24",undefined4
004e3b30,004e3b34,data,"DAT_004e3b30",undefined4
004e3b34,004e3b38,data,"DAT_004e3b34",undefined4
004e3b38,004e3b3c,data,"DAT_004e3b38",undefined4
004e3b3c,004e3b40,data,"DAT_004e3b3c",undefined4
004e3b40,004e3b44,data,"DAT_004e3b40",undefined4
004e3b44,004e3b48,data,"DAT_004e3b44",undefined4
004e3b48,004e3b4c,data,"DAT_004e3b48",undefined4
004e3b4c,004e3b50,data,"DAT_004e3b4c",undefined4
004e3b50,004e3b54,data,"DAT_004e3b50",undefined4
004e3b54,004e3b58,data,"DAT_004e3b54",undefined4
004e3b58,004e3b5c,data,"DAT_004e3b58",undefined4
004e3ef0,004e3ef4,data,"DAT_004e3ef0",undefined4
004e3ef4,004e3ef8,data,"DAT_004e3ef4",undefined4
004e3ef8,004e3efc,data,"DAT_004e3ef8",undefined4
004e3efc,004e3f00,data,"DAT_004e3efc",undefined4
004e3f08,004e3f0c,data,"DAT_004e3f08",undefined4
004e3f10,004e3f14,data,"DAT_004e3f10",undefined4
004e3f14,004e3f18,data,"DAT_004e3f14",undefined4
004e3f18,004e3f1c,data,"DAT_004e3f18",undefined4
004e42b8,004e42bc,data,"DAT_004e42b8",undefined4
004e42bc,004e42c0,data,"DAT_004e42bc",undefined4
004e42c0,004e42c4,data,"DAT_004e42c0",undefined4
004e42d0,004e42d4,data,"DAT_004e42d0",undefined4
004e42e0,004e42e4,data,"DAT_004e42e0",undefined4
004e4330,004e4334,data,"DAT_004e4330",undefined4
004e4334,004e4338,data,"DAT_004e4334",undefined4
004e4338,004e433c,data,"DAT_004e4338",undefined4
004e4354,004e4358,data,"DAT_004e4354",undefined4
004e4358,004e435c,data,"DAT_004e4358",undefined4
004e435c,004e4360,data,"DAT_004e435c",undefined4
004e43f0,004e43f4,data,"DAT_004e43f0",undefined4
004e43f8,004e43fc,data,"DAT_004e43f8",undefined4
004e4400,004e4404,data,"DAT_004e4400",undefined4
004e4404,004e4408,data,"DAT_004e4404",undefined4
004e440c,004e4410,data,"DAT_004e440c",undefined4
004e4414,004e4418,data,"DAT_004e4414",undefined4
004e4418,004e441c,data,"DAT_004e4418",undefined4
004e441c,004e4420,data,"DAT_004e441c",undefined4
004e4420,004e4424,data,"DAT_004e4420",undefined4
004e4428,004e442c,data,"DAT_004e4428",undefined4
004e442c,004e4430,data,"DAT_004e442c",undefined4
004e4434,004e4438,data,"DAT_004e4434",undefined4
004e443c,004e4440,data,"DAT_004e443c",undefined4
004e4440,004e4444,data,"DAT_004e4440",undefined4
004e4448,004e444c,data,"DAT_004e4448",undefined4
004e4450,004e4454,data,"DAT_004e4450",undefined4
004e4454,004e4458,data,"DAT_004e4454",undefined4
004e445c,004e4460,data,"DAT_004e445c",undefined4
004e4464,004e4468,data,"DAT_004e4464",undefined4
004e4468,004e4469,data,"DAT_004e4468",undefined1
004e446c,004e4470,data,"DAT_004e446c",undefined4
004e44a8,004e44ac,data,"DAT_004e44a8",undefined4
004e44d4,004e44d8,data,"DAT_004e44d4",undefined4
004e44e4,004e44e8,data,"DAT_004e44e4",undefined4
004e4520,004e4524,data,"DAT_004e4520",undefined4
004e4524,004e4528,data,"DAT_004e4524",undefined4
004e452c,004e4530,data,"DAT_004e452c",undefined4
004e4530,004e4534,data,"DAT_004e4530",undefined4
004e4538,004e453c,data,"DAT_004e4538",undefined4
004e4540,004e4544,data,"DAT_004e4540",undefined4
004e4544,004e4548,data,"DAT_004e4544",undefined4
004e4548,004e454c,data,"DAT_004e4548",undefined4
004e454c,004e4550,data,"DAT_004e454c",undefined4
004e4550,004e4551,data,"DAT_004e4550",undefined1
004e4558,004e455c,data,"DAT_004e4558",undefined4
004e455c,004e4560,data,"DAT_004e455c",undefined4
004e45a8,004e45ac,data,"DAT_004e45a8",undefined4
004e45ac,004e45b0,data,"DAT_004e45ac",undefined4
004e45bc,004e45c0,data,"DAT_004e45bc",undefined4
004e4608,004e460c,data,"DAT_004e4608",undefined4
004e460c,004e4610,data,"DAT_004e460c",undefined4
004e4610,004e4614,data,"DAT_004e4610",undefined4
004e465c,004e4660,data,"DAT_004e465c",undefined4
004e4660,004e4664,data,"DAT_004e4660",undefined4
004e4668,004e466c,data,"DAT_004e4668",undefined4
004e4670,004e4674,data,"DAT_004e4670",undefined4
004e4674,004e4678,data,"DAT_004e4674",undefined4
004e4888,004e488c,data,"DAT_004e4888",undefined4
004e488c,004e4890,data,"DAT_004e488c",undefined4
004e48c4,004e48c8,data,"DAT_004e48c4",undefined4
004e48c8,004e48cc,data,"DAT_004e48c8",undefined4
004e48cc,004e48d0,data,"DAT_004e48cc",undefined4
004e48f8,004e48fc,data,"DAT_004e48f8",undefined4
004e48fc,004e4900,data,"DAT_004e48fc",undefined4
004e4904,004e4908,data,"DAT_004e4904",undefined4
004e490c,004e4910,data,"DAT_004e490c",undefined4
004e4910,004e4914,data,"DAT_004e4910",undefined4
004e4914,004e4918,data,"DAT_004e4914",undefined4
004e4918,004e491c,data,"DAT_004e4918",undefined4
004e491c,004e4920,data,"DAT_004e491c",undefined4
004e4920,004e4924,data,"DAT_004e4920",undefined4
004e4924,004e4928,data,"DAT_004e4924",undefined4
004e4928,004e492c,data,"DAT_004e4928",undefined4
004e4930,004e4934,data,"DAT_004e4930",undefined4
004e4938,004e493c,data,"DAT_004e4938",undefined4
004e4940,004e4944,data,"DAT_004e4940",undefined4
004e4948,004e494c,data,"DAT_004e4948",undefined4
004e494c,004e4950,data,"DAT_004e494c",undefined4
004e497c,004e4980,data,"DAT_004e497c",undefined4
004e4980,004e4984,data,"DAT_004e4980",undefined4
004e4984,004e4988,data,"DAT_004e4984",undefined4
004e4988,004e498c,data,"DAT_004e4988",undefined4
004e498c,004e4990,data,"DAT_004e498c",undefined4
004e4994,004e4998,data,"DAT_004e4994",undefined4
004e4998,004e499c,data,"DAT_004e4998",undefined4
004e49c0,004e49c4,data,"DAT_004e49c0",undefined4
004e49c4,004e49c8,data,"DAT_004e49c4",undefined4
004e49c8,004e49cc,data,"DAT_004e49c8",undefined4
004e49cc,004e49d0,data,"DAT_004e49cc",undefined4
004e49d0,004e49d4,data,"DAT_004e49d0",undefined4
004e49d4,004e49d8,data,"DAT_004e49d4",undefined4
004e49d8,004e49dc,data,"DAT_004e49d8",undefined4
004e49dc,004e49e0,data,"DAT_004e49dc",undefined4
004e49e0,004e49e4,data,"DAT_004e49e0",undefined4
004e49ec,004e49f0,data,"DAT_004e49ec",undefined4
004e49f0,004e49f4,data,"DAT_004e49f0",undefined4
004e49f8,004e49fc,data,"DAT_004e49f8",undefined4
004e49fc,004e4a00,data,"DAT_004e49fc",undefined4
004e4df0,004e4df4,data,"DAT_004e4df0",undefined4
004e4df4,004e4df8,data,"DAT_004e4df4",undefined4
004e5d98,004e5d9c,data,"DAT_004e5d98",undefined4
004e5d9c,004e5da0,data,"DAT_004e5d9c",undefined4
004e5da0,004e5da4,data,"DAT_004e5da0",undefined4
004e5da4,004e5da8,data,"DAT_004e5da4",undefined4
004e5da8,004e5dac,data,"DAT_004e5da8",undefined4
004e5db0,004e5db4,data,"DAT_004e5db0",undefined4
004e5db4,004e5db8,data,"DAT_004e5db4",undefined4
004e5db8,004e5dbc,data,"DAT_004e5db8",undefined4
004e5dc0,004e5dc4,data,"DAT_004e5dc0",undefined4
004e5dc4,004e5dc8,data,"DAT_004e5dc4",undefined4
004e5dc8,004e5dcc,data,"DAT_004e5dc8",undefined4
004e5dcc,004e5dd0,data,"DAT_004e5dcc",undefined4
004e5dd0,004e5dd4,data,"DAT_004e5dd0",undefined4
004e5dd4,004e5dd8,data,"DAT_004e5dd4",undefined4
004e61d0,004e61d4,data,"DAT_004e61d0",undefined4
004e61dc,004e61e0,data,"DAT_004e61dc",undefined4
004e61fc,004e6200,data,"DAT_004e61fc",undefined4
004e6200,004e6204,data,"DAT_004e6200",undefined4
004e6204,004e6208,data,"DAT_004e6204",undefined4
004e6208,004e620c,data,"DAT_004e6208",undefined4
004e620c,004e6210,data,"DAT_004e620c",undefined4
004e6210,004e6214,data,"DAT_004e6210",undefined4
004e6214,004e6218,data,"DAT_004e6214",undefined4
004e6218,004e621c,data,"DAT_004e6218",undefined4
004e621c,004e6220,data,"DAT_004e621c",undefined4
004e6220,004e6224,data,"DAT_004e6220",undefined4
004e6228,004e622c,data,"DAT_004e6228",undefined4
004e6270,004e6274,data,"DAT_004e6270",undefined4
004e6274,004e6278,data,"DAT_004e6274",undefined4
004e6278,004e627c,data,"DAT_004e6278",undefined4
004e627c,004e6280,data,"DAT_004e627c",undefined4
004e6448,004e6449,data,"DAT_004e6448",undefined1
004e6490,004e6491,data,"DAT_004e6490",undefined1
004e6494,004e6498,data,"DAT_004e6494",undefined4
004e64d0,004e64d1,data,"DAT_004e64d0",undefined1
004e6918,004e6919,data,"DAT_004e6918",undefined1
004e6a18,004e6a1c,data,"DAT_004e6a18",undefined4
004e6a1c,004e6a20,data,"DAT_004e6a1c",undefined4
004e6a20,004e6a24,data,"DAT_004e6a20",undefined4
004e6a24,004e6a28,data,"DAT_004e6a24",undefined4
004e6a38,004e6a3c,data,"DAT_004e6a38",undefined4
004e6a3c,004e6a40,data,"DAT_004e6a3c",undefined4
004e6a44,004e6a48,data,"DAT_004e6a44",undefined4
004e6a48,004e6a4c,data,"DAT_004e6a48",undefined4
004e6a4c,004e6a50,data,"DAT_004e6a4c",undefined4
004e6a64,004e6a68,data,"DAT_004e6a64",undefined4
004e6a68,004e6a6c,data,"DAT_004e6a68",undefined4
004e6a6c,004e6a70,data,"DAT_004e6a6c",undefined4
004e6a74,004e6a78,data,"DAT_004e6a74",undefined4
004e6a78,004e6a7c,data,"DAT_004e6a78",undefined4
004e6a80,004e6a84,data,"DAT_004e6a80",undefined4
004e6a84,004e6a88,data,"DAT_004e6a84",undefined4
004e6a88,004e6a8c,data,"DAT_004e6a88",undefined4
004e6a8c,004e6a90,data,"DAT_004e6a8c",undefined4
004e6a94,004e6a98,data,"DAT_004e6a94",undefined4
004e6af8,004e6afc,data,"DAT_004e6af8",undefined4
004e6afc,004e6b00,data,"DAT_004e6afc",undefined4
004e6b00,004e6b04,data,"DAT_004e6b00",undefined4
004e6b04,004e6b08,data,"DAT_004e6b04",undefined4
004e6b08,004e6b0c,data,"DAT_004e6b08",undefined4
004e6b0c,004e6b10,data,"DAT_004e6b0c",undefined4
004e6b10,004e6b14,data,"DAT_004e6b10",undefined4
004e6b18,004e6b1c,data,"DAT_004e6b18",undefined4
004e6b30,004e6b34,data,"DAT_004e6b30",undefined4
004e6b40,004e6b44,data,"DAT_004e6b40",undefined4
004e6b48,004e6b4c,data,"DAT_004e6b48",undefined4
004e6b4c,004e6b50,data,"DAT_004e6b4c",undefined4
004e6c54,004e6c58,data,"DAT_004e6c54",undefined4
004e6c58,004e6c5c,data,"DAT_004e6c58",undefined4
004e6c60,004e6c64,data,"DAT_004e6c60",undefined4
004e6c64,004e6c68,data,"DAT_004e6c64",undefined4
004e6c68,004e6c6c,data,"DAT_004e6c68",undefined4
004e6c70,004e6c74,data,"DAT_004e6c70",undefined4
004e6cb4,004e6cb6,data,"DAT_004e6cb4",undefined2
004e6cb6,004e6cb8,data,"DAT_004e6cb6",undefined2
004e6cb8,004e6cba,data,"DAT_004e6cb8",undefined2
004e6cba,004e6cbc,data,"DAT_004e6cba",undefined2
004e6cbc,004e6cbe,data,"DAT_004e6cbc",undefined2
004e6cbe,004e6cc0,data,"DAT_004e6cbe",undefined2
004e6cc0,004e6cc2,data,"DAT_004e6cc0",undefined2
004e6cc2,004e6cc4,data,"DAT_004e6cc2",undefined2
004e6cc4,004e6cc8,data,"DAT_004e6cc4",undefined4
004e6d08,004e6d0a,data,"DAT_004e6d08",undefined2
004e6d0a,004e6d0c,data,"DAT_004e6d0a",undefined2
004e6d0c,004e6d0e,data,"DAT_004e6d0c",undefined2
004e6d0e,004e6d10,data,"DAT_004e6d0e",undefined2
004e6d10,004e6d12,data,"DAT_004e6d10",undefined2
004e6d12,004e6d14,data,"DAT_004e6d12",undefined2
004e6d14,004e6d16,data,"DAT_004e6d14",undefined2
004e6d16,004e6d18,data,"DAT_004e6d16",undefined2
004e6d18,004e6d1c,data,"DAT_004e6d18",undefined4
004e6d1c,004e6d20,data,"DAT_004e6d1c",undefined4
004e6d20,004e6d24,data,"DAT_004e6d20",undefined4
004e6d24,004e6d28,data,"DAT_004e6d24",undefined4
004e6d28,004e6d2c,data,"DAT_004e6d28",undefined4
004e6d2c,004e6d30,data,"DAT_004e6d2c",undefined4
004e6d98,004e6d9c,data,"DAT_004e6d98",undefined4
004e6db0,004e6db4,data,"DAT_004e6db0",undefined4
004e6de0,004e6de4,data,"DAT_004e6de0",undefined4
004e6de4,004e6de8,data,"DAT_004e6de4",undefined4
004e6dec,004e6df0,data,"DAT_004e6dec",undefined4
004e6df0,004e6df4,data,"DAT_004e6df0",undefined4
004e6e00,004e6e04,data,"DAT_004e6e00",undefined4
004e6e04,004e6e08,data,"DAT_004e6e04",undefined4
004e6e08,004e6e0c,data,"DAT_004e6e08",undefined4
004e6e0c,004e6e10,data,"DAT_004e6e0c",undefined4
004e6e20,004e6e21,data,"DAT_004e6e20",undefined1
004e6e21,004e6e22,data,"DAT_004e6e21",undefined1
004e6f20,004e6f24,data,"DAT_004e6f20",undefined4
004e6f24,004e6f25,data,"DAT_004e6f24",undefined1
004e7024,004e7028,data,"DAT_004e7024",undefined4
004e7028,004e702c,data,"DAT_004e7028",undefined4
004e7040,004e7044,data,"DAT_004e7040",undefined4
004e7044,004e7048,data,"DAT_004e7044",undefined4
004e7140,004e7144,data,"DAT_004e7140",undefined4
004e7144,004e7148,data,"DAT_004e7144",undefined4
004e7148,004e714c,data,"DAT_004e7148",undefined4
004e714c,004e7150,data,"DAT_004e714c",undefined4
004e7150,004e7154,data,"DAT_004e7150",undefined4
004e7154,004e7158,data,"DAT_004e7154",undefined4
004e7158,004e715c,data,"DAT_004e7158",undefined4
004e715c,004e7160,data,"DAT_004e715c",undefined4
004e7160,004e7164,data,"DAT_004e7160",undefined4
004e7164,004e7168,data,"DAT_004e7164",undefined4
004e7168,004e716c,data,"DAT_004e7168",undefined4
004e8180,004e8184,data,"DAT_004e8180",undefined4
004e8184,004e8188,data,"DAT_004e8184",undefined4
004e8188,004e818c,data,"DAT_004e8188",undefined4
004e818c,004e8190,data,"DAT_004e818c",undefined4
004e8190,004e8194,data,"DAT_004e8190",undefined4
004e8194,004e8198,data,"DAT_004e8194",undefined4
004e9000,004e9010,data,"IMAGE_RESOURCE_DIRECTORY_004e9000",IMAGE_RESOURCE_DIRECTORY
004e9010,004e9018,data,"DAT_004e9010",IMAGE_RESOURCE_DIRECTORY_ENTRY
004e9018,004e9020,data,"DAT_004e9018",IMAGE_RESOURCE_DIRECTORY_ENTRY
004e9020,004e9028,data,"DAT_004e9020",IMAGE_RESOURCE_DIRECTORY_ENTRY
004e9028,004e9030,data,"DAT_004e9028",IMAGE_RESOURCE_DIRECTORY_ENTRY
004e9030,004e9038,data,"DAT_004e9030",IMAGE_RESOURCE_DIRECTORY_ENTRY
004e9038,004e9040,data,"DAT_004e9038",IMAGE_RESOURCE_DIRECTORY_ENTRY
004e9040,004e9048,data,"DAT_004e9040",IMAGE_RESOURCE_DIRECTORY_ENTRY
004e9048,004e9050,data,"DAT_004e9048",IMAGE_RESOURCE_DIRECTORY_ENTRY
004e9050,004e9058,data,"DAT_004e9050",IMAGE_RESOURCE_DIRECTORY_ENTRY
004e9058,004e9068,data,"DAT_004e9058",IMAGE_RESOURCE_DIRECTORY
004e9068,004e9070,data,"DAT_004e9068",IMAGE_RESOURCE_DIRECTORY_ENTRY
004e9070,004e9078,data,"DAT_004e9070",IMAGE_RESOURCE_DIRECTORY_ENTRY
004e9078,004e9088,data,"DAT_004e9078",IMAGE_RESOURCE_DIRECTORY
004e9088,004e9090,data,"DAT_004e9088",IMAGE_RESOURCE_DIRECTORY_ENTRY
004e9090,004e9098,data,"DAT_004e9090",IMAGE_RESOURCE_DIRECTORY_ENTRY
004e9098,004e90a0,data,"DAT_004e9098",IMAGE_RESOURCE_DIRECTORY_ENTRY
004e90a0,004e90a8,data,"DAT_004e90a0",IMAGE_RESOURCE_DIRECTORY_ENTRY
004e90a8,004e90b8,data,"DAT_004e90a8",IMAGE_RESOURCE_DIRECTORY
004e90b8,004e90c0,data,"DAT_004e90b8",IMAGE_RESOURCE_DIRECTORY_ENTRY
004e90c0,004e90c8,data,"DAT_004e90c0",IMAGE_RESOURCE_DIRECTORY_ENTRY
004e90c8,004e90d8,data,"DAT_004e90c8",IMAGE_RESOURCE_DIRECTORY
004e90d8,004e90e0,data,"DAT_004e90d8",IMAGE_RESOURCE_DIRECTORY_ENTRY
004e90e0,004e90e8,data,"DAT_004e90e0",IMAGE_RESOURCE_DIRECTORY_ENTRY
004e90e8,004e90f8,data,"DAT_004e90e8",IMAGE_RESOURCE_DIRECTORY
004e90f8,004e9100,data,"DAT_004e90f8",IMAGE_RESOURCE_DIRECTORY_ENTRY
004e9100,004e9108,data,"DAT_004e9100",IMAGE_RESOURCE_DIRECTORY_ENTRY
004e9108,004e9110,data,"DAT_004e9108",IMAGE_RESOURCE_DIRECTORY_ENTRY
004e9110,004e9118,data,"DAT_004e9110",IMAGE_RESOURCE_DIRECTORY_ENTRY
004e9118,004e9120,data,"DAT_004e9118",IMAGE_RESOURCE_DIRECTORY_ENTRY
004e9120,004e9128,data,"DAT_004e9120",IMAGE_RESOURCE_DIRECTORY_ENTRY
004e9128,004e9130,data,"DAT_004e9128",IMAGE_RESOURCE_DIRECTORY_ENTRY
004e9130,004e9138,data,"DAT_004e9130",IMAGE_RESOURCE_DIRECTORY_ENTRY
004e9138,004e9140,data,"DAT_004e9138",IMAGE_RESOURCE_DIRECTORY_ENTRY
004e9140,004e9148,data,"DAT_004e9140",IMAGE_RESOURCE_DIRECTORY_ENTRY
004e9148,004e9150,data,"DAT_004e9148",IMAGE_RESOURCE_DIRECTORY_ENTRY
004e9150,004e9160,data,"DAT_004e9150",IMAGE_RESOURCE_DIRECTORY
004e9160,004e9168,data,"DAT_004e9160",IMAGE_RESOURCE_DIRECTORY_ENTRY
004e9168,004e9178,data,"DAT_004e9168",IMAGE_RESOURCE_DIRECTORY
004e9178,004e9180,data,"DAT_004e9178",IMAGE_RESOURCE_DIRECTORY_ENTRY
004e9180,004e9190,data,"DAT_004e9180",IMAGE_RESOURCE_DIRECTORY
004e9190,004e9198,data,"DAT_004e9190",IMAGE_RESOURCE_DIRECTORY_ENTRY
004e9198,004e91a8,data,"DAT_004e9198",IMAGE_RESOURCE_DIRECTORY
004e91a8,004e91b0,data,"DAT_004e91a8",IMAGE_RESOURCE_DIRECTORY_ENTRY
004e91b0,004e91c0,data,"DAT_004e91b0",IMAGE_RESOURCE_DIRECTORY
004e91c0,004e91c8,data,"DAT_004e91c0",IMAGE_RESOURCE_DIRECTORY_ENTRY
004e91c8,004e91d8,data,"DAT_004e91c8",IMAGE_RESOURCE_DIRECTORY
004e91d8,004e91e0,data,"DAT_004e91d8",IMAGE_RESOURCE_DIRECTORY_ENTRY
004e91e0,004e91f0,data,"DAT_004e91e0",IMAGE_RESOURCE_DIRECTORY
004e91f0,004e91f8,data,"DAT_004e91f0",IMAGE_RESOURCE_DIRECTORY_ENTRY
004e91f8,004e9208,data,"DAT_004e91f8",IMAGE_RESOURCE_DIRECTORY
004e9208,004e9210,data,"DAT_004e9208",IMAGE_RESOURCE_DIRECTORY_ENTRY
004e9210,004e9220,data,"DAT_004e9210",IMAGE_RESOURCE_DIRECTORY
004e9220,004e9228,data,"DAT_004e9220",IMAGE_RESOURCE_DIRECTORY_ENTRY
004e9228,004e9238,data,"DAT_004e9228",IMAGE_RESOURCE_DIRECTORY
004e9238,004e9240,data,"DAT_004e9238",IMAGE_RESOURCE_DIRECTORY_ENTRY
004e9240,004e9250,data,"DAT_004e9240",IMAGE_RESOURCE_DIRECTORY
004e9250,004e9258,data,"DAT_004e9250",IMAGE_RESOURCE_DIRECTORY_ENTRY
004e9258,004e9268,data,"DAT_004e9258",IMAGE_RESOURCE_DIRECTORY
004e9268,004e9270,data,"DAT_004e9268",IMAGE_RESOURCE_DIRECTORY_ENTRY
004e9270,004e9280,data,"DAT_004e9270",IMAGE_RESOURCE_DIRECTORY
004e9280,004e9288,data,"DAT_004e9280",IMAGE_RESOURCE_DIRECTORY_ENTRY
004e9288,004e9298,data,"DAT_004e9288",IMAGE_RESOURCE_DIRECTORY
004e9298,004e92a0,data,"DAT_004e9298",IMAGE_RESOURCE_DIRECTORY_ENTRY
004e92a0,004e92b0,data,"DAT_004e92a0",IMAGE_RESOURCE_DIRECTORY
004e92b0,004e92b8,data,"DAT_004e92b0",IMAGE_RESOURCE_DIRECTORY_ENTRY
004e92b8,004e92c8,data,"DAT_004e92b8",IMAGE_RESOURCE_DIRECTORY
004e92c8,004e92d0,data,"DAT_004e92c8",IMAGE_RESOURCE_DIRECTORY_ENTRY
004e92d0,004e92e0,data,"DAT_004e92d0",IMAGE_RESOURCE_DIRECTORY
004e92e0,004e92e8,data,"DAT_004e92e0",IMAGE_RESOURCE_DIRECTORY_ENTRY
004e92e8,004e92f8,data,"DAT_004e92e8",IMAGE_RESOURCE_DIRECTORY
004e92f8,004e9300,data,"DAT_004e92f8",IMAGE_RESOURCE_DIRECTORY_ENTRY
004e9300,004e9310,data,"DAT_004e9300",IMAGE_RESOURCE_DIRECTORY
004e9310,004e9318,data,"DAT_004e9310",IMAGE_RESOURCE_DIRECTORY_ENTRY
004e9318,004e9328,data,"DAT_004e9318",IMAGE_RESOURCE_DIRECTORY
004e9328,004e9330,data,"DAT_004e9328",IMAGE_RESOURCE_DIRECTORY_ENTRY
004e9330,004e9340,data,"DAT_004e9330",IMAGE_RESOURCE_DIRECTORY
004e9340,004e9348,data,"DAT_004e9340",IMAGE_RESOURCE_DIRECTORY_ENTRY
004e9348,004e9358,data,"DAT_004e9348",IMAGE_RESOURCE_DIRECTORY
004e9358,004e9360,data,"DAT_004e9358",IMAGE_RESOURCE_DIRECTORY_ENTRY
004e9360,004e9370,data,"DAT_004e9360",IMAGE_RESOURCE_DIRECTORY
004e9370,004e9378,data,"DAT_004e9370",IMAGE_RESOURCE_DIRECTORY_ENTRY
004e9378,004e9388,data,"DAT_004e9378",IMAGE_RESOURCE_DIRECTORY
004e9388,004e9390,data,"DAT_004e9388",IMAGE_RESOURCE_DIRECTORY_ENTRY
004e9390,004e93a0,data,"DAT_004e9390",IMAGE_RESOURCE_DIRECTORY
004e93a0,004e93a8,data,"DAT_004e93a0",IMAGE_RESOURCE_DIRECTORY_ENTRY
004e93a8,004e93b8,data,"DAT_004e93a8",IMAGE_RESOURCE_DIRECTORY
004e93b8,004e93c0,data,"DAT_004e93b8",IMAGE_RESOURCE_DIRECTORY_ENTRY
004e93c0,004e93d0,data,"DAT_004e93c0",IMAGE_RESOURCE_DIRECTORY
004e93d0,004e93d8,data,"DAT_004e93d0",IMAGE_RESOURCE_DIRECTORY_ENTRY
004e93d8,004e93e8,data,"DAT_004e93d8",IMAGE_RESOURCE_DIRECTORY
004e93e8,004e93f0,data,"DAT_004e93e8",IMAGE_RESOURCE_DIRECTORY_ENTRY
004e93f0,004e9400,data,"DAT_004e93f0",IMAGE_RESOURCE_DIRECTORY
004e9400,004e9408,data,"DAT_004e9400",IMAGE_RESOURCE_DIRECTORY_ENTRY
004e9408,004e9418,data,"DAT_004e9408",IMAGE_RESOURCE_DATA_ENTRY
004e9418,004e9428,data,"DAT_004e9418",IMAGE_RESOURCE_DATA_ENTRY
004e9428,004e9438,data,"DAT_004e9428",IMAGE_RESOURCE_DATA_ENTRY
004e9438,004e9448,data,"DAT_004e9438",IMAGE_RESOURCE_DATA_ENTRY
004e9448,004e9458,data,"DAT_004e9448",IMAGE_RESOURCE_DATA_ENTRY
004e9458,004e9468,data,"DAT_004e9458",IMAGE_RESOURCE_DATA_ENTRY
004e9468,004e9478,data,"DAT_004e9468",IMAGE_RESOURCE_DATA_ENTRY
004e9478,004e9488,data,"DAT_004e9478",IMAGE_RESOURCE_DATA_ENTRY
004e9488,004e9498,data,"DAT_004e9488",IMAGE_RESOURCE_DATA_ENTRY
004e9498,004e94a8,data,"DAT_004e9498",IMAGE_RESOURCE_DATA_ENTRY
004e94a8,004e94b8,data,"DAT_004e94a8",IMAGE_RESOURCE_DATA_ENTRY
004e94b8,004e94c8,data,"DAT_004e94b8",IMAGE_RESOURCE_DATA_ENTRY
004e94c8,004e94d8,data,"DAT_004e94c8",IMAGE_RESOURCE_DATA_ENTRY
004e94d8,004e94e8,data,"DAT_004e94d8",IMAGE_RESOURCE_DATA_ENTRY
004e94e8,004e94f8,data,"DAT_004e94e8",IMAGE_RESOURCE_DATA_ENTRY
004e94f8,004e9508,data,"DAT_004e94f8",IMAGE_RESOURCE_DATA_ENTRY
004e9508,004e9518,data,"DAT_004e9508",IMAGE_RESOURCE_DATA_ENTRY
004e9518,004e9528,data,"DAT_004e9518",IMAGE_RESOURCE_DATA_ENTRY
004e9528,004e9538,data,"DAT_004e9528",IMAGE_RESOURCE_DATA_ENTRY
004e9538,004e9548,data,"DAT_004e9538",IMAGE_RESOURCE_DATA_ENTRY
004e9548,004e9558,data,"DAT_004e9548",IMAGE_RESOURCE_DATA_ENTRY
004e9558,004e9568,data,"DAT_004e9558",IMAGE_RESOURCE_DATA_ENTRY
004e9568,004e9578,data,"DAT_004e9568",IMAGE_RESOURCE_DATA_ENTRY
004e9578,004e9588,data,"DAT_004e9578",IMAGE_RESOURCE_DATA_ENTRY
004e9588,004e9598,data,"DAT_004e9588",IMAGE_RESOURCE_DATA_ENTRY
004e95a0,004e9970,data,"Rsrc_Dialog_89_409",DialogResource
004e9970,004e99cc,data,"Rsrc_Version_1_409",VS_VERSION_INFO
004e99cc,004e99d2,data,"DAT_004e99cc",StringFileInfo
004e99d2,004e99f0,data,"DAT_004e99d2",TerminatedUnicode
004e99f0,004e99f6,data,"DAT_004e99f0",StringTable
004e99f6,004e9a08,data,"DAT_004e99f6",TerminatedUnicode
004e9a08,004e9a0e,data,"DAT_004e9a08",StringInfo
004e9a0e,004e9a26,data,"DAT_004e9a0e",TerminatedUnicode
004e9a28,004e9a2e,data,"DAT_004e9a28",StringInfo
004e9a2e,004e9a4e,data,"DAT_004e9a2e",TerminatedUnicode
004e9a50,004e9a7e,data,"DAT_004e9a50",TerminatedUnicode
004e9a80,004e9a86,data,"DAT_004e9a80",StringInfo
004e9a86,004e9a9e,data,"DAT_004e9a86",TerminatedUnicode
004e9aa0,004e9ab6,data,"DAT_004e9aa0",TerminatedUnicode
004e9ab8,004e9abe,data,"DAT_004e9ab8",StringInfo
004e9abe,004e9ad8,data,"DAT_004e9abe",TerminatedUnicode
004e9ad8,004e9ae6,data,"DAT_004e9ad8",TerminatedUnicode
004e9ae8,004e9aee,data,"DAT_004e9ae8",StringInfo
004e9aee,004e9b0c,data,"DAT_004e9aee",TerminatedUnicode
004e9b0c,004e9b32,data,"DAT_004e9b0c",TerminatedUnicode
004e9b34,004e9b3a,data,"DAT_004e9b34",StringInfo
004e9b3a,004e9b5a,data,"DAT_004e9b3a",TerminatedUnicode
004e9b5c,004e9b62,data,"DAT_004e9b5c",StringInfo
004e9b62,004e9b84,data,"DAT_004e9b62",TerminatedUnicode
004e9b84,004e9b9a,data,"DAT_004e9b84",TerminatedUnicode
004e9b9c,004e9ba2,data,"DAT_004e9b9c",StringInfo
004e9ba2,004e9bba,data,"DAT_004e9ba2",TerminatedUnicode
004e9bbc,004e9be2,data,"DAT_004e9bbc",TerminatedUnicode
004e9be4,004e9bea,data,"DAT_004e9be4",StringInfo
004e9bea,004e9c08,data,"DAT_004e9bea",TerminatedUnicode
004e9c08,004e9c1e,data,"DAT_004e9c08",TerminatedUnicode
004e9c20,004e9c26,data,"DAT_004e9c20",VarFileInfo
004e9c26,004e9c3e,data,"DAT_004e9c26",TerminatedUnicode
004e9c40,004e9c46,data,"DAT_004e9c40",Var
004e9c46,004e9c5e,data,"DAT_004e9c46",TerminatedUnicode
004e9c60,004e9c64,data,"DAT_004e9c60",dword
004e9c68,004e9f50,data,"Rsrc_Icon_1_409",IconResource
004e9f50,004ea078,data,"Rsrc_Icon_2_409",IconResource
004ea078,004ea09a,data,"Rsrc_GroupIcon_80_409",GroupIconResource
004ea0a0,004ec628,data,"Rsrc_3039_8c_409",byte[9608]
004ec628,004ec75c,data,"Rsrc_Cursor_3_409",byte[308]
004ec760,004ec814,data,"Rsrc_Cursor_4_409",byte[180]
004ec818,004ec83a,data,"Rsrc_GroupCursor_7901_409",byte[34]
004ec840,004ece24,data,"Rsrc_Bitmap_67c7_409",BitmapResource
004ece28,004ecf10,data,"Rsrc_Dialog_7801_409",DialogResource
004ecf10,004ecfc8,data,"Rsrc_Bitmap_7912_409",BitmapResource
004ecfc8,004ed134,data,"Rsrc_Bitmap_7913_409",BitmapResource
004ed138,004ed27c,data,"Rsrc_Bitmap_7914_409",BitmapResource
004ed280,004ed28a,data,"Rsrc_StringTable_f01_409",PascalUnicode
004ed28a,004ed29a,data,"DAT_004ed28a",PascalUnicode
004ed29a,004ed2ba,data,"DAT_004ed29a",PascalUnicode
004ed2ba,004ed2cc,data,"DAT_004ed2ba",PascalUnicode
004ed2cc,004ed2ce,data,"DAT_004ed2cc",PascalUnicode
004ed2ce,004ed2d0,data,"DAT_004ed2ce",PascalUnicode
004ed2d0,004ed2f0,data,"DAT_004ed2d0",PascalUnicode
004ed2f0,004ed2f2,data,"DAT_004ed2f0",PascalUnicode
004ed2f2,004ed2f4,data,"DAT_004ed2f2",PascalUnicode
004ed2f4,004ed2f6,data,"DAT_004ed2f4",PascalUnicode
004ed2f6,004ed2f8,data,"DAT_004ed2f6",PascalUnicode
004ed2f8,004ed2fa,data,"DAT_004ed2f8",PascalUnicode
004ed2fa,004ed2fc,data,"DAT_004ed2fa",PascalUnicode
004ed2fc,004ed2fe,data,"DAT_004ed2fc",PascalUnicode
004ed2fe,004ed300,data,"DAT_004ed2fe",PascalUnicode
004ed300,004ed302,data,"DAT_004ed300",PascalUnicode
004ed308,004ed30a,data,"Rsrc_StringTable_f02_409",PascalUnicode
004ed30a,004ed316,data,"DAT_004ed30a",PascalUnicode
004ed316,004ed318,data,"DAT_004ed316",PascalUnicode
004ed318,004ed31a,data,"DAT_004ed318",PascalUnicode
004ed31a,004ed31c,data,"DAT_004ed31a",PascalUnicode
004ed31c,004ed31e,data,"DAT_004ed31c",PascalUnicode
004ed31e,004ed320,data,"DAT_004ed31e",PascalUnicode
004ed320,004ed322,data,"DAT_004ed320",PascalUnicode
004ed322,004ed324,data,"DAT_004ed322",PascalUnicode
004ed324,004ed326,data,"DAT_004ed324",PascalUnicode
004ed326,004ed328,data,"DAT_004ed326",PascalUnicode
004ed328,004ed32a,data,"DAT_004ed328",PascalUnicode
004ed32a,004ed32c,data,"DAT_004ed32a",PascalUnicode
004ed32c,004ed32e,data,"DAT_004ed32c",PascalUnicode
004ed32e,004ed330,data,"DAT_004ed32e",PascalUnicode
004ed330,004ed332,data,"DAT_004ed330",PascalUnicode
004ed338,004ed376,data,"Rsrc_StringTable_f03_409",PascalUnicode
004ed376,004ed3c6,data,"DAT_004ed376",PascalUnicode
004ed3c6,004ed410,data,"DAT_004ed3c6",PascalUnicode
004ed410,004ed42e,data,"DAT_004ed410",PascalUnicode
004ed42e,004ed46c,data,"DAT_004ed42e",PascalUnicode
004ed46c,004ed46e,data,"DAT_004ed46c",PascalUnicode
004ed46e,004ed470,data,"DAT_004ed46e",PascalUnicode
004ed470,004ed472,data,"DAT_004ed470",PascalUnicode
004ed472,004ed474,data,"DAT_004ed472",PascalUnicode
004ed474,004ed476,data,"DAT_004ed474",PascalUnicode
004ed476,004ed478,data,"DAT_004ed476",PascalUnicode
004ed478,004ed47a,data,"DAT_004ed478",PascalUnicode
004ed47a,004ed47c,data,"DAT_004ed47a",PascalUnicode
004ed47c,004ed47e,data,"DAT_004ed47c",PascalUnicode
004ed47e,004ed480,data,"DAT_004ed47e",PascalUnicode
004ed480,004ed482,data,"DAT_004ed480",PascalUnicode
004ed488,004ed4ac,data,"Rsrc_StringTable_f11_409",PascalUnicode
004ed4ac,004ed4de,data,"DAT_004ed4ac",PascalUnicode
004ed4de,004ed510,data,"DAT_004ed4de",PascalUnicode
004ed510,004ed538,data,"DAT_004ed510",PascalUnicode
004ed538,004ed57a,data,"DAT_004ed538",PascalUnicode
004ed57a,004ed5b8,data,"DAT_004ed57a",PascalUnicode
004ed5b8,004ed5ee,data,"DAT_004ed5b8",PascalUnicode
004ed5ee,004ed61c,data,"DAT_004ed5ee",PascalUnicode
004ed61c,004ed654,data,"DAT_004ed61c",PascalUnicode
004ed654,004ed674,data,"DAT_004ed654",PascalUnicode
004ed674,004ed6c8,data,"DAT_004ed674",PascalUnicode
004ed6c8,004ed76a,data,"DAT_004ed6c8",PascalUnicode
004ed76a,004ed7f0,data,"DAT_004ed76a",PascalUnicode
004ed7f0,004ed87e,data,"DAT_004ed7f0",PascalUnicode
004ed87e,004ed968,data,"DAT_004ed87e",PascalUnicode
004ed968,004ed96a,data,"DAT_004ed968",PascalUnicode
004ed970,004ed972,data,"Rsrc_StringTable_f19_409",PascalUnicode
004ed972,004ed974,data,"DAT_004ed972",PascalUnicode
004ed974,004ed976,data,"DAT_004ed974",PascalUnicode
004ed976,004ed978,data,"DAT_004ed976",PascalUnicode
004ed978,004ed97a,data,"DAT_004ed978",PascalUnicode
004ed97a,004ed97c,data,"DAT_004ed97a",PascalUnicode
004ed97c,004ed97e,data,"DAT_004ed97c",PascalUnicode
004ed97e,004ed980,data,"DAT_004ed97e",PascalUnicode
004ed980,004ed982,data,"DAT_004ed980",PascalUnicode
004ed982,004ed984,data,"DAT_004ed982",PascalUnicode
004ed984,004ed986,data,"DAT_004ed984",PascalUnicode
004ed986,004ed988,data,"DAT_004ed986",PascalUnicode
004ed988,004ed9d0,data,"DAT_004ed988",PascalUnicode
004ed9d0,004eda18,data,"DAT_004ed9d0",PascalUnicode
004eda18,004eda1a,data,"DAT_004eda18",PascalUnicode
004eda1a,004eda1c,data,"DAT_004eda1a",PascalUnicode
004eda20,004eda50,data,"Rsrc_StringTable_f13_409",PascalUnicode
004eda50,004edafe,data,"DAT_004eda50",PascalUnicode
004edafe,004edb3e,data,"DAT_004edafe",PascalUnicode
004edb3e,004edbaa,data,"DAT_004edb3e",PascalUnicode
004edbaa,004edc2e,data,"DAT_004edbaa",PascalUnicode
004edc2e,004edc8c,data,"DAT_004edc2e",PascalUnicode
004edc8c,004edcea,data,"DAT_004edc8c",PascalUnicode
004edcea,004edcec,data,"DAT_004edcea",PascalUnicode
004edcec,004edcee,data,"DAT_004edcec",PascalUnicode
004edcee,004edcf0,data,"DAT_004edcee",PascalUnicode
004edcf0,004edcf2,data,"DAT_004edcf0",PascalUnicode
004edcf2,004edcf4,data,"DAT_004edcf2",PascalUnicode
004edcf4,004edcf6,data,"DAT_004edcf4",PascalUnicode
004edcf6,004edcf8,data,"DAT_004edcf6",PascalUnicode
004edcf8,004edcfa,data,"DAT_004edcf8",PascalUnicode
004edcfa,004edcfc,data,"DAT_004edcfa",PascalUnicode
004edd00,004edd32,data,"Rsrc_StringTable_f12_409",PascalUnicode
004edd32,004edd60,data,"DAT_004edd32",PascalUnicode
004edd60,004eddb6,data,"DAT_004edd60",PascalUnicode
004eddb6,004ede08,data,"DAT_004eddb6",PascalUnicode
004ede08,004ede5a,data,"DAT_004ede08",PascalUnicode
004ede5a,004ede8a,data,"DAT_004ede5a",PascalUnicode
004ede8a,004edee0,data,"DAT_004ede8a",PascalUnicode
004edee0,004edf22,data,"DAT_004edee0",PascalUnicode
004edf22,004edf64,data,"DAT_004edf22",PascalUnicode
004edf64,004edf96,data,"DAT_004edf64",PascalUnicode
004edf96,004edf98,data,"DAT_004edf96",PascalUnicode
004edf98,004edf9a,data,"DAT_004edf98",PascalUnicode
004edf9a,004edf9c,data,"DAT_004edf9a",PascalUnicode
004edf9c,004edf9e,data,"DAT_004edf9c",PascalUnicode
004edf9e,004edfa0,data,"DAT_004edf9e",PascalUnicode
004edfa0,004edfa2,data,"DAT_004edfa0",PascalUnicode
004edfa8,004edfce,data,"Rsrc_StringTable_f1b_409",PascalUnicode
004edfce,004ee02a,data,"DAT_004edfce",PascalUnicode
004ee02a,004ee04e,data,"DAT_004ee02a",PascalUnicode
004ee04e,004ee088,data,"DAT_004ee04e",PascalUnicode
004ee088,004ee104,data,"DAT_004ee088",PascalUnicode
004ee104,004ee136,data,"DAT_004ee104",PascalUnicode
004ee136,004ee194,data,"DAT_004ee136",PascalUnicode
004ee194,004ee20e,data,"DAT_004ee194",PascalUnicode
004ee20e,004ee27c,data,"DAT_004ee20e",PascalUnicode
004ee27c,004ee2a0,data,"DAT_004ee27c",PascalUnicode
004ee2a0,004ee30c,data,"DAT_004ee2a0",PascalUnicode
004ee30c,004ee36e,data,"DAT_004ee30c",PascalUnicode
004ee36e,004ee3d0,data,"DAT_004ee36e",PascalUnicode
004ee3d0,004ee40c,data,"DAT_004ee3d0",PascalUnicode
004ee40c,004ee46a,data,"DAT_004ee40c",PascalUnicode
004ee46a,004ee46c,data,"DAT_004ee46a",PascalUnicode
004ee470,004ee496,data,"Rsrc_StringTable_f1c_409",PascalUnicode
004ee496,004ee4f2,data,"DAT_004ee496",PascalUnicode
004ee4f2,004ee552,data,"DAT_004ee4f2",PascalUnicode
004ee552,004ee5b0,data,"DAT_004ee552",PascalUnicode
004ee5b0,004ee612,data,"DAT_004ee5b0",PascalUnicode
004ee612,004ee63c,data,"DAT_004ee612",PascalUnicode
004ee63c,004ee682,data,"DAT_004ee63c",PascalUnicode
004ee682,004ee6c4,data,"DAT_004ee682",PascalUnicode
004ee6c4,004ee6c6,data,"DAT_004ee6c4",PascalUnicode
004ee6c6,004ee6c8,data,"DAT_004ee6c6",PascalUnicode
004ee6c8,004ee6ca,data,"DAT_004ee6c8",PascalUnicode
004ee6ca,004ee6cc,data,"DAT_004ee6ca",PascalUnicode
004ee6cc,004ee6ce,data,"DAT_004ee6cc",PascalUnicode
004ee6ce,004ee6d0,data,"DAT_004ee6ce",PascalUnicode
004ee6d0,004ee6d2,data,"DAT_004ee6d0",PascalUnicode
004ee6d2,004ee6d4,data,"DAT_004ee6d2",PascalUnicode
004ee6d8,004ee720,data,"Rsrc_StringTable_f1a_409",PascalUnicode
004ee720,004ee758,data,"DAT_004ee720",PascalUnicode
004ee758,004ee79c,data,"DAT_004ee758",PascalUnicode
004ee79c,004ee79e,data,"DAT_004ee79c",PascalUnicode
004ee79e,004ee7a0,data,"DAT_004ee79e",PascalUnicode
004ee7a0,004ee7a2,data,"DAT_004ee7a0",PascalUnicode
004ee7a2,004ee7a4,data,"DAT_004ee7a2",PascalUnicode
004ee7a4,004ee7a6,data,"DAT_004ee7a4",PascalUnicode
004ee7a6,004ee7a8,data,"DAT_004ee7a6",PascalUnicode
004ee7a8,004ee7aa,data,"DAT_004ee7a8",PascalUnicode
004ee7aa,004ee7ac,data,"DAT_004ee7aa",PascalUnicode
004ee7ac,004ee7ae,data,"DAT_004ee7ac",PascalUnicode
004ee7ae,004ee7b0,data,"DAT_004ee7ae",PascalUnicode
004ee7b0,004ee7b2,data,"DAT_004ee7b0",PascalUnicode
004ee7b2,004ee7b4,data,"DAT_004ee7b2",PascalUnicode
004ee7b4,004ee7b6,data,"DAT_004ee7b4",PascalUnicode
004ee7b8,004ee7c6,data,"Rsrc_StringTable_f1d_409",PascalUnicode
004ee7c6,004ee7c8,data,"DAT_004ee7c6",PascalUnicode
004ee7c8,004ee7ca,data,"DAT_004ee7c8",PascalUnicode
004ee7ca,004ee7cc,data,"DAT_004ee7ca",PascalUnicode
004ee7cc,004ee7ce,data,"DAT_004ee7cc",PascalUnicode
004ee7ce,004ee7d0,data,"DAT_004ee7ce",PascalUnicode
004ee7d0,004ee7d2,data,"DAT_004ee7d0",PascalUnicode
004ee7d2,004ee7d4,data,"DAT_004ee7d2",PascalUnicode
004ee7d4,004ee7d6,data,"DAT_004ee7d4",PascalUnicode
004ee7d6,004ee7d8,data,"DAT_004ee7d6",PascalUnicode
004ee7d8,004ee7da,data,"DAT_004ee7d8",PascalUnicode
004ee7da,004ee7dc,data,"DAT_004ee7da",PascalUnicode
004ee7dc,004ee7de,data,"DAT_004ee7dc",PascalUnicode
004ee7de,004ee7e0,data,"DAT_004ee7de",PascalUnicode
004ee7e0,004ee7e2,data,"DAT_004ee7e0",PascalUnicode
004ee7e2,004ee7e4,data,"DAT_004ee7e2",PascalUnicode
