address,action,before,after
10042b7c,data,"undefined","char[8] len=8"
1003c05d,clip_body,"FUN_1003c05d@1003c05d body=1003c05d-1003c0bb 1003c0c0-1003c0df 1003e47e-1003e48b","removed 1003e47e-1003e48b -> FUN_1003c05d@1003c05d body=1003c05d-1003c0bb 1003c0c0-1003c0df"
10001030,new_function,"code outside any function 6a006a0068cdcc4c in extent of FUN_10001000","padding before -> FUN_10001030@10001030 body=10001030-10001049"
10001050,new_function,"code outside any function b920d60410e82696 in extent of FUN_10001000","padding before -> FUN_10001050@10001050 body=10001050-1000107a"
10001080,new_function,"code outside any function b920d60410e94c96 in extent of FUN_10001000","padding before -> FUN_10001080@10001080 body=10001080-1000108a"
10001090,new_function,"code outside any function b980da0410e8e695 in extent of FUN_10001000","padding before -> FUN_10001090@10001090 body=10001090-100010ba"
100010c0,new_function,"code outside any function b980da0410e90c96 in extent of FUN_10001000","padding before -> FUN_100010c0@100010c0 body=100010c0-100010ca"
100010d0,new_function,"code outside any function b948eb0410e8a695 in extent of FUN_10001000","padding before -> FUN_100010d0@100010d0 body=100010d0-100010fa"
10001100,new_function,"code outside any function b948eb0410e9cc95 in extent of FUN_10001000","padding before -> FUN_10001100@10001100 body=10001100-1000110a"
10001110,new_function,"code outside any function b9e0da0410e86695 in extent of FUN_10001000","padding before -> FUN_10001110@10001110 body=10001110-1000113a"
10001140,new_function,"code outside any function b9e0da0410e98c95 in extent of FUN_10001000","padding before -> FUN_10001140@10001140 body=10001140-1000114a"
10001150,new_function,"code outside any function 6a006a0068000040 in extent of FUN_10001000","padding before -> FUN_10001150@10001150 body=10001150-10001169"
10001170,new_function,"code outside any function 6a006a006a0068c4 in extent of FUN_10001000","padding before -> FUN_10001170@10001170 body=10001170-10001186"
10001190,new_function,"code outside any function 6a006a006a0068d8 in extent of FUN_10001000","padding before -> FUN_10001190@10001190 body=10001190-100011a6"
100011b0,new_function,"code outside any function 6a006a00680000fc in extent of FUN_10001000","padding before -> FUN_100011b0@100011b0 body=100011b0-100011c9"
100011d0,new_function,"code outside any function 6a006a0068000080 in extent of FUN_10001000","padding before -> FUN_100011d0@100011d0 body=100011d0-100011e9"
100011f0,new_function,"code outside any function 6a006a0068000000 in extent of FUN_10001000","padding before -> FUN_100011f0@100011f0 body=100011f0-10001209"
10001210,new_function,"code outside any function 6a006a0068000080 in extent of FUN_10001000","padding before -> FUN_10001210@10001210 body=10001210-10001229"
10001370,new_function,"code outside any function 8b442404d90544eb in extent of FUN_10001340","padding before -> FUN_10001370@10001370 body=10001370-1000138e"
10001390,new_function,"code outside any function 8b442404d90540eb in extent of FUN_10001340","padding before -> FUN_10001390@10001390 body=10001390-100013c6"
100013d0,new_function,"code outside any function d9421cd94218d959 in extent of FUN_10001340","padding before -> FUN_100013d0@100013d0 body=100013d0-100013df"
100013e0,new_function,"code outside any function 8b442404d90540eb in extent of FUN_10001340","padding before -> FUN_100013e0@100013e0 body=100013e0-1000140a"
10001410,new_function,"code outside any function c204009090909090 in extent of FUN_10001340","padding before -> FUN_10001410@10001410 body=10001410-10001413"
10001420,new_function,"code outside any function d981a4050000d84a in extent of FUN_10001340","padding before -> FUN_10001420@10001420 body=10001420-10001483"
10001490,new_function,"code outside any function 83ec0c8d81740800 in extent of FUN_10001340","padding before -> FUN_10001490@10001490 body=10001490-10001501"
10001530,new_function,"code outside any function 83ec28a118c80510 in extent of FUN_10001520","address taken by code 100042ab[FUN_10004270] -> FUN_10001530@10001530 body=10001530-10001938"
10001b30,new_function,"code outside any function 83ec28a118c80510 in extent of FUN_10001ac0","padding before -> FUN_10001b30@10001b30 body=10001b30-10001f19"
10002050,new_function,"code outside any function 81ecac0500005355 in extent of FUN_10001f20","padding before -> FUN_10002050@10002050 body=10002050-10002bb3"
10002bc0,new_function,"code outside any function 81ec880500005355 in extent of FUN_10001f20","padding before -> FUN_10002bc0@10002bc0 body=10002bc0-100036cb"
100036d0,new_function,"code outside any function 83ec38535556578b in extent of FUN_10001f20","padding before -> FUN_100036d0@100036d0 body=100036d0-10003b58"
10003b60,new_function,"code outside any function 83ec14535556578b in extent of FUN_10001f20","padding before -> FUN_10003b60@10003b60 body=10003b60-10003df2"
10003e00,new_function,"code outside any function 83ec14535556578b in extent of FUN_10001f20","padding before -> FUN_10003e00@10003e00 body=10003e00-10004221"
10004230,new_function,"code outside any function 8b442404568b4018 in extent of FUN_10001f20","padding before -> FUN_10004230@10004230 body=10004230-1000426d"
10006140,new_function,"code outside any function 8b4128f7d81bc024 in extent of FUN_10005700","padding before -> FUN_10006140@10006140 body=10006140-1000614d"
10006150,new_function,"code outside any function 8b4128f7d81bc024 in extent of FUN_10005700","padding before -> FUN_10006150@10006150 body=10006150-1000615d"
10006180,new_function,"code outside any function 83ec105355568bf1 in extent of FUN_10006160","padding before -> FUN_10006180@10006180 body=10006180-1000622f"
10006230,new_function,"code outside any function 83ec105355568bf1 in extent of FUN_10006160","padding before -> FUN_10006230@10006230 body=10006230-100062df"
100083bf,new_function,"code outside any function 6858870510e86dfa in extent of FUN_100083ae","address taken by code 10014e5d[FUN_10014e40] 100144ce[FUN_100144b0] -> FUN_100083bf@100083bf body=100083bf-100083ec"
10008cd0,new_function,"code outside any function c390909090909090 in extent of FUN_10008c6e","padding before -> FUN_10008cd0@10008cd0 body=10008cd0-10008cd1"
100098d0,new_function,"code outside any function e9000000006a006a in extent of FUN_100098b0","padding before -> thunk_FUN_100098d5@100098d0 body=100098d0-100098d5 (thunk)"
1000a16b,new_function,"code outside any function 56578b7c240c837f in extent of FUN_1000a134","address taken by code 10014e7c[FUN_10014e40] 100144ed[FUN_100144b0] -> FUN_1000a16b@1000a16b body=1000a16b-1000a1c2"
1000b349,new_function,"code outside any function b980290510e85c04 in extent of FUN_1000b20c","referenced from pointer table 10048054 -> FUN_1000b349@1000b349 body=1000b349-1000b35f"
1000baa4,new_function,"code outside any function 8b44240451d98090 in extent of FUN_1000ba6e","address taken by code 1000c723[FUN_1000c100] -> FUN_1000baa4@1000baa4 body=1000baa4-1000bafe"
1000dd18,new_function,"code outside any function c383c10856518bf2 in extent of FUN_1000dcc7","address taken by code 1000db67[FUN_1000d3a7] 1000db62[FUN_1000d3a7] -> FUN_1000dd18@1000dd18 body=1000dd18-1000dd19"
1000ddb4,new_function,"code outside any function d90578320510e81d in extent of FUN_1000dd34","address taken by code 1000db67[FUN_1000d3a7] 1000db5b[FUN_1000d3a7] -> FUN_1000ddb4@1000ddb4 body=1000ddb4-1000ddc5"
1000e0d7,new_function,"code outside any function 8b5424048b49048b in extent of FUN_1000e0c1","referenced from pointer table 1004620c -> FUN_1000e0d7@1000e0d7 body=1000e0d7-1000e0ec"
1000e248,new_function,"code outside any function 6a02ff7108ff7104 in extent of FUN_1000e1b9","referenced from pointer table 1004622c -> FUN_1000e248@1000e248 body=1000e248-1000e26f"
1000e291,new_function,"code outside any function 8b4424048b003b41 in extent of FUN_1000e26f","referenced from pointer table 10046208 10046238 10046268 10046344 10046464 10046540 10046570 -> FUN_1000e291@1000e291 body=1000e291-1000e2a1"
1000e485,new_function,"code outside any function 6a20ff7108ff7104 in extent of FUN_1000e3c9","referenced from pointer table 1004625c -> FUN_1000e485@1000e485 body=1000e485-1000e4ac"
1000e4ce,new_function,"code outside any function 8b54240856576a10 in extent of FUN_1000e4ac","referenced from pointer table 1004626c -> FUN_1000e4ce@1000e4ce body=1000e4ce-1000e4f1"
1000e6b2,new_function,"code outside any function 6a40ff7108ff7104 in extent of FUN_1000e5f6","referenced from pointer table 1004628c -> FUN_1000e6b2@1000e6b2 body=1000e6b2-1000e6d9"
1000f160,new_function,"code outside any function 6a006a00680000e0 in extent of FUN_1000f148","padding before -> FUN_1000f160@1000f160 body=1000f160-1000f179"
1000f180,new_function,"code outside any function 6a006a00680ad723 in extent of FUN_1000f148","padding before -> FUN_1000f180@1000f180 body=1000f180-1000f199"
1000f3a0,new_function,"code outside any function c3c3c3c3c3b9f85c in extent of FUN_1000f270","padding before -> FUN_1000f3a0@1000f3a0 body=1000f3a0-1000f3a1"
1001094c,new_function,"code outside any function b800780510a30478 in extent of FUN_1001085e","referenced from pointer table 100480b4 -> FUN_1001094c@1001094c body=1001094c-1001095c"
100109c6,new_function,"code outside any function 6808860410ff7424 in extent of FUN_10010998","address taken by code 100110ca[RenderDLLSetup] -> FUN_100109c6@100109c6 body=100109c6-100109fd"
10010b13,new_function,"code outside any function e84ffeffffe823ad in extent of FUN_10010a69","address taken by code 10011001[RenderDLLSetup] -> FUN_10010b13@10010b13 body=10010b13-10010b22"
10010eb3,new_function,"code outside any function 56578b7c240c8b47 in extent of FUN_10010e36","address taken by code 10010f93[GetSupportedModes] -> FUN_10010eb3@10010eb3 body=10010eb3-10010f44"
1001116b,new_function,"code outside any function e900000000d9ee33 in extent of RenderDLLSetup","referenced from pointer table 100480bc -> thunk_FUN_10011170@1001116b body=1001116b-10011170 (thunk)"
100111f0,new_function,"code outside any function e900000000d9ee33 in extent of FUN_100111b5","referenced from pointer table 100480c0 -> thunk_FUN_100111f5@100111f0 body=100111f0-100111f5 (thunk)"
10013215,new_function,"code outside any function 51518d44240050ff in extent of FUN_1001317f","referenced from pointer table 1004821c -> FUN_10013215@10013215 body=10013215-10013236"
100132a0,new_function,"code outside any function 6a006a006a006854 in extent of FUN_1001325f","padding before -> FUN_100132a0@100132a0 body=100132a0-100132b6"
100132c0,new_function,"code outside any function 6a006a00680080a2 in extent of FUN_1001325f","padding before -> FUN_100132c0@100132c0 body=100132c0-100132d9"
100132e0,new_function,"code outside any function 6a006a0068000000 in extent of FUN_1001325f","padding before -> FUN_100132e0@100132e0 body=100132e0-100132f9"
10013300,new_function,"code outside any function 6a006a006a006878 in extent of FUN_1001325f","padding before -> FUN_10013300@10013300 body=10013300-10013316"
10013320,new_function,"code outside any function 6a006a0068000034 in extent of FUN_1001325f","padding before -> FUN_10013320@10013320 body=10013320-10013339"
10013340,new_function,"code outside any function 6a006a00680000e1 in extent of FUN_1001325f","padding before -> FUN_10013340@10013340 body=10013340-10013359"
10013360,new_function,"code outside any function 6a006a006a006898 in extent of FUN_1001325f","padding before -> FUN_10013360@10013360 body=10013360-10013376"
10013380,new_function,"code outside any function 6a006a0068000080 in extent of FUN_1001325f","padding before -> FUN_10013380@10013380 body=10013380-10013399"
100133a0,new_function,"code outside any function 6a006a006a0068b0 in extent of FUN_1001325f","padding before -> FUN_100133a0@100133a0 body=100133a0-100133b6"
100133c0,new_function,"code outside any function 6a006a0068000080 in extent of FUN_1001325f","padding before -> FUN_100133c0@100133c0 body=100133c0-100133d9"
100133e0,new_function,"code outside any function 6a006a0068000080 in extent of FUN_1001325f","padding before -> FUN_100133e0@100133e0 body=100133e0-100133f9"
10013400,new_function,"code outside any function 6a006a006a0068dc in extent of FUN_1001325f","padding before -> FUN_10013400@10013400 body=10013400-10013416"
10013420,new_function,"code outside any function 6a006a0068000080 in extent of FUN_1001325f","padding before -> FUN_10013420@10013420 body=10013420-10013439"
10013440,new_function,"code outside any function 6a006a006a006800 in extent of FUN_1001325f","padding before -> FUN_10013440@10013440 body=10013440-10013456"
10013460,new_function,"code outside any function 6a006a006a00680c in extent of FUN_1001325f","padding before -> FUN_10013460@10013460 body=10013460-10013476"
10013480,new_function,"code outside any function c70538a305100000 in extent of FUN_1001325f","padding before -> FUN_10013480@10013480 body=10013480-1001349f"
100134a0,new_function,"code outside any function c390909090909090 in extent of FUN_1001325f","padding before -> FUN_100134a0@100134a0 body=100134a0-100134a1"
10013a80,new_function,"code outside any function 515633f68d442407 in extent of FUN_100139f0","padding before -> FUN_10013a80@10013a80 body=10013a80-10013acc"
10013ad0,new_function,"code outside any function 515657b9288c0510 in extent of FUN_100139f0","padding before -> FUN_10013ad0@10013ad0 body=10013ad0-10013b9e"
10013f40,new_function,"code outside any function 81ecc8030000538b in extent of FUN_10013ef0","padding before -> FUN_10013f40@10013f40 body=10013f40-100140f7"
100142f0,new_function,"code outside any function a130de051081ec80 in extent of FUN_100142b0","padding before -> FUN_100142f0@100142f0 body=100142f0-100144aa"
10015230,new_function,"code outside any function c390909090909090 in extent of FUN_10014f20","padding before -> FUN_10015230@10015230 body=10015230-10015231"
100155a0,new_function,"code outside any function c390909090909090 in extent of FUN_10015240","padding before -> FUN_100155a0@100155a0 body=100155a0-100155a1"
10016150,new_function,"code outside any function 8bc1c39090909090 in extent of FUN_10015820","padding before -> FUN_10016150@10016150 body=10016150-10016153"
100161c0,new_function,"code outside any function e83b3c020050a1b4 in extent of FUN_10016180","padding before -> FUN_100161c0@100161c0 body=100161c0-100161d5"
10017aa0,new_function,"code outside any function b840500000e8863d in extent of FUN_10017980","padding before -> FUN_10017aa0@10017aa0 body=10017aa0-100184ef"
10019350,new_function,"code outside any function c3558bec83ec18f6 in extent of FUN_10019220","padding before -> FUN_10019350@10019350 body=10019350-10019351"
1001955d,new_function,"code outside any function c3558bec81ec0c08 in extent of FUN_10019351","address taken by code 10019367[FUN_10019351] -> FUN_1001955d@1001955d body=1001955d-1001955e"
1001a380,new_function,"code outside any function 6a006a006a006858 in extent of FUN_10019b10","padding before -> FUN_1001a380@1001a380 body=1001a380-1001a396"
1001a3a0,new_function,"code outside any function 6a006a006a006864 in extent of FUN_10019b10","padding before -> FUN_1001a3a0@1001a3a0 body=1001a3a0-1001a3b6"
1001a3c0,new_function,"code outside any function 6a006a006a006870 in extent of FUN_10019b10","padding before -> FUN_1001a3c0@1001a3c0 body=1001a3c0-1001a3d6"
1001a3e0,new_function,"code outside any function 6a006a006a00687c in extent of FUN_10019b10","padding before -> FUN_1001a3e0@1001a3e0 body=1001a3e0-1001a3f6"
1001a860,new_function,"code outside any function a19cc90510578b38 in extent of FUN_1001a850","padding before -> FUN_1001a860@1001a860 body=1001a860-1001a8a1"
1001b6f0,new_function,"code outside any function 8b442404a31c7805 in extent of FUN_1001acc0","padding before -> FUN_1001b6f0@1001b6f0 body=1001b6f0-1001b6fe"
1001b700,new_function,"code outside any function 566a10e8f675ffff in extent of FUN_1001acc0","padding before -> FUN_1001b700@1001b700 body=1001b700-1001b76e"
1001b8a0,new_function,"code outside any function 81ec300400005657 in extent of FUN_1001b870","padding before -> FUN_1001b8a0@1001b8a0 body=1001b8a0-1001bd65"
1001bd70,new_function,"code outside any function 33c0c39090909090 in extent of FUN_1001b870","padding before -> FUN_1001bd70@1001bd70 body=1001bd70-1001bd73"
1001bd80,new_function,"code outside any function a140de051085c075 in extent of FUN_1001b870","padding before -> FUN_1001bd80@1001bd80 body=1001bd80-1001bdaa"
1001bdb0,new_function,"code outside any function a140de051085c074 in extent of FUN_1001b870","padding before -> FUN_1001bdb0@1001bdb0 body=1001bdb0-1001be20"
1001c3d2,new_function,"code outside any function 837c240400740aff in extent of FUN_1001c133","address taken by code 100110ac[RenderDLLSetup] -> FUN_1001c3d2@1001c3d2 body=1001c3d2-1001c3e4"
1001c627,new_function,"code outside any function a130de05105633f6 in extent of FUN_1001c3e4","address taken by code 1001105c[RenderDLLSetup] -> FUN_1001c627@1001c627 body=1001c627-1001c725"
1001c7eb,new_function,"code outside any function a144de0510c38b44 in extent of FUN_1001c725","address taken by code 10011098[RenderDLLSetup] -> FUN_1001c7eb@1001c7eb body=1001c7eb-1001c7f1"
1001d1dd,new_function,"code outside any function f644240401568bf1 in extent of FUN_1001d1b5","referenced from pointer table 10046308 -> FUN_1001d1dd@1001d1dd body=1001d1dd-1001d1fa"
1001d496,new_function,"code outside any function 8b5424048b410489 in extent of FUN_1001d478","referenced from pointer table 100462f0 -> FUN_1001d496@1001d496 body=1001d496-1001d4ab"
1001d9a0,new_function,"code outside any function f644240401568bf1 in extent of FUN_1001d955","referenced from pointer table 10046334 -> FUN_1001d9a0@1001d9a0 body=1001d9a0-1001d9bd"
1001da29,new_function,"code outside any function 8b41048b4c240456 in extent of FUN_1001d9bd","referenced from pointer table 10046330 -> FUN_1001da29@1001da29 body=1001da29-1001da60"
1001db4e,new_function,"code outside any function 8b44240485c07427 in extent of FUN_1001db2d","address taken by code 10011106[RenderDLLSetup] -> FUN_1001db4e@1001db4e body=1001db4e-1001db7e"
1001dbb4,new_function,"code outside any function 8b44240485c0740d in extent of FUN_1001db7e","address taken by code 1001111a[RenderDLLSetup] -> FUN_1001dbb4@1001dbb4 body=1001dbb4-1001dbca"
1001dc4f,new_function,"code outside any function a11c78051085c074 in extent of FUN_1001dbca","address taken by code 1001112e[RenderDLLSetup] -> FUN_1001dc4f@1001dc4f body=1001dc4f-1001dc81"
1001de1c,new_function,"code outside any function 5333db391d1c7805 in extent of FUN_1001dd30","address taken by code 1001114c[RenderDLLSetup] -> FUN_1001de1c@1001de1c body=1001de1c-1001de85"
1001e3be,new_function,"code outside any function 8b5424048b49048b in extent of FUN_1001e39c","referenced from pointer table 10046348 10046544 -> FUN_1001e3be@1001e3be body=1001e3be-1001e3d2"
1001e5a0,new_function,"code outside any function b858280610a35c28 in extent of FUN_1001e57c","padding before -> FUN_1001e5a0@1001e5a0 body=1001e5a0-1001e5b0"
1001e5d0,new_function,"code outside any function 6a206a4c68ec1706 in extent of FUN_1001e57c","padding before -> FUN_1001e5d0@1001e5d0 body=1001e5d0-1001e5f6"
1001e600,new_function,"code outside any function 6a0168ec170610c7 in extent of FUN_1001e57c","padding before -> FUN_1001e600@1001e600 body=1001e600-1001e624"
1001e630,new_function,"code outside any function 8a442404568bf1a8 in extent of FUN_1001e57c","padding before -> FUN_1001e630@1001e630 body=1001e630-1001e650"
1001e670,new_function,"code outside any function 6a006a0068000080 in extent of FUN_1001e57c","padding before -> FUN_1001e670@1001e670 body=1001e670-1001e689"
1001e6d0,new_function,"code outside any function 8a442404568bf1a8 in extent of FUN_1001e690","referenced from pointer table 10046390 100463a4 -> FUN_1001e6d0@1001e6d0 body=1001e6d0-1001e6f0"
1001e700,new_function,"code outside any function 8b411833c9668b48 in extent of FUN_1001e690","padding before -> FUN_1001e700@1001e700 body=1001e700-1001e70c"
1001e710,new_function,"code outside any function 8b411833c9668b48 in extent of FUN_1001e690","padding before -> FUN_1001e710@1001e710 body=1001e710-1001e71c"
1001e720,new_function,"code outside any function 8b411833c9668b48 in extent of FUN_1001e690","padding before -> FUN_1001e720@1001e720 body=1001e720-1001e72c"
1001e750,new_function,"code outside any function a1747f051081ec88 in extent of FUN_1001e730","padding before -> FUN_1001e750@1001e750 body=1001e750-1001e8f4"
1001f0d0,new_function,"code outside any function 83ec0c5368a40000 in extent of FUN_1001ec50","padding before -> FUN_1001f0d0@1001f0d0 body=1001f0d0-1001f53a"
10021b50,new_function,"code outside any function 83ec1c538b5c2424 in extent of FUN_10021a80","padding before -> FUN_10021b50@10021b50 body=10021b50-10021c52"
10021c60,new_function,"code outside any function 8b4424048b400c85 in extent of FUN_10021a80","padding before -> FUN_10021c60@10021c60 body=10021c60-10021c77"
10021cf0,new_function,"code outside any function 8b44240483c10485 in extent of FUN_10021c80","padding before -> FUN_10021cf0@10021cf0 body=10021cf0-10021d10"
10021d70,new_function,"code outside any function b9903c0610e80c00 in extent of FUN_10021d30","padding before -> FUN_10021d70@10021d70 body=10021d70-10021d86"
10021d9c,new_function,"code outside any function b9903c0610e9167b in extent of FUN_10021d86","address taken by code 10021d7a[-] -> FUN_10021d9c@10021d9c body=10021d9c-10021da6"
100220f1,new_function,"code outside any function 6a01b9a83c0610e8 in extent of FUN_10021fec","referenced from pointer table 1004829c -> FUN_100220f1@100220f1 body=100220f1-100220fe"
10022123,new_function,"code outside any function 6a02b9c03c0610e8 in extent of FUN_100220fe","referenced from pointer table 100482a0 -> FUN_10022123@10022123 body=10022123-10022130"
10022424,new_function,"code outside any function b970430610e91f00 in extent of FUN_1002241c","referenced from pointer table 100482a8 -> FUN_10022424@10022424 body=10022424-1002242e"
10022832,new_function,"code outside any function 53578b7c240c8bd9 in extent of FUN_10022803","referenced from pointer table 100463cc -> FUN_10022832@10022832 body=10022832-10022970"
100229d5,new_function,"code outside any function 8b44240483f80872 in extent of FUN_100229a8","referenced from pointer table 100463d0 -> FUN_100229d5@100229d5 body=100229d5-100229f2"
10022b3b,new_function,"code outside any function 8b0d34b906106890 in extent of FUN_10022b15","address taken by code 10022b1e[FUN_10022b15] -> FUN_10022b3b@10022b3b body=10022b3b-10022b50"
10022bc5,new_function,"code outside any function e9000000006a006a in extent of FUN_10022b50","referenced from pointer table 100482b0 -> thunk_FUN_10022bca@10022bc5 body=10022bc5-10022bca (thunk)"
10023397,new_function,"code outside any function c3558becb8081000 in extent of FUN_1002331b","address taken by code 10022c17[FUN_10022c01] -> FUN_10023397@10023397 body=10023397-10023398"
10023860,new_function,"code outside any function a15c87041085c074 in extent of FUN_10023763","padding before -> FUN_10023860@10023860 body=10023860-100238aa"
10023b00,new_function,"code outside any function 8b44240480b8bc00 in extent of FUN_100238b0","address taken by code 10023bea[-] -> FUN_10023b00@10023b00 body=10023b00-10023b1c"
10023b20,new_function,"code outside any function 83ec58565733ff8d in extent of FUN_100238b0","padding before -> FUN_10023b20@10023b20 body=10023b20-10023caf"
10023ce0,new_function,"code outside any function e81b6101008b88a8 in extent of FUN_10023cb0","padding before -> FUN_10023ce0@10023ce0 body=10023ce0-10023d21"
10023d60,new_function,"code outside any function 8b4424088b0d34b9 in extent of FUN_10023d30","padding before -> FUN_10023d60@10023d60 body=10023d60-10023d76"
100241e0,new_function,"code outside any function e9000000006a006a in extent of FUN_10023d80","padding before -> thunk_FUN_100241e5@100241e0 body=100241e0-100241e5 (thunk)"
10024ceb,new_function,"code outside any function e8105101008b4c24 in extent of FUN_10024cd7","referenced from pointer table 1004ba9c -> FUN_10024ceb@10024ceb body=10024ceb-10024d22"
10025013,new_function,"code outside any function e900000000d905e0 in extent of FUN_10024f8c","referenced from pointer table 100482bc -> thunk_FUN_10025018@10025013 body=10025013-10025018 (thunk)"
100260cd,new_function,"code outside any function c3558bec83ec148b in extent of FUN_10026009","address taken by code 10025390[FUN_100252c6] -> FUN_100260cd@100260cd body=100260cd-100260ce"
10026d09,new_function,"code outside any function e900000000d905e4 in extent of FUN_10026bd2","referenced from pointer table 100482c8 -> thunk_FUN_10026d0e@10026d09 body=10026d09-10026d0e (thunk)"
100285a0,new_function,"code outside any function 6a006a006a0068a4 in extent of FUN_1002701e","padding before -> FUN_100285a0@100285a0 body=100285a0-100285b6"
100285c0,new_function,"code outside any function 6a006a0068000080 in extent of FUN_1002701e","padding before -> FUN_100285c0@100285c0 body=100285c0-100285d9"
10028960,new_function,"code outside any function 51a15cbd06105633 in extent of FUN_10028660","padding before -> FUN_10028960@10028960 body=10028960-100289ac"
10028c30,new_function,"code outside any function 8b5424088b490456 in extent of FUN_10028ba0","padding before -> FUN_10028c30@10028c30 body=10028c30-10028c5d"
10028c60,new_function,"code outside any function 8b442408568b008d in extent of FUN_10028ba0","padding before -> FUN_10028c60@10028c60 body=10028c60-10028c8a"
10028c90,new_function,"code outside any function 83ec085355568bf1 in extent of FUN_10028ba0","padding before -> FUN_10028c90@10028c90 body=10028c90-10028e09"
10028e10,new_function,"code outside any function 5153568bf1578b46 in extent of FUN_10028ba0","padding before -> FUN_10028e10@10028e10 body=10028e10-10028f58"
10028f60,new_function,"code outside any function 51568bf15733ff8b in extent of FUN_10028ba0","padding before -> FUN_10028f60@10028f60 body=10028f60-10028f9a"
10028fa0,new_function,"code outside any function 8b4108c390909090 in extent of FUN_10028ba0","padding before -> FUN_10028fa0@10028fa0 body=10028fa0-10028fa4"
10028fb0,new_function,"code outside any function 83ec14538b5c241c in extent of FUN_10028ba0","padding before -> FUN_10028fb0@10028fb0 body=10028fb0-100290f3"
10029100,new_function,"code outside any function 83ec14535556578b in extent of FUN_10028ba0","padding before -> FUN_10029100@10029100 body=10029100-100291fa"
10029200,new_function,"code outside any function 8b41088b49048b54 in extent of FUN_10028ba0","padding before -> FUN_10029200@10029200 body=10029200-1002922a"
10029660,new_function,"code outside any function e900000000d90500 in extent of FUN_10029640","padding before -> thunk_FUN_10029665@10029660 body=10029660-10029665 (thunk)"
100298da,new_function,"code outside any function 8b0d34b90610680e in extent of FUN_100298b6","address taken by code 100298c4[FUN_100298b6] -> FUN_100298da@100298da body=100298da-100298ef"
10029ac6,new_function,"code outside any function b940ec0610e90000 in extent of FUN_10029a80","address taken by code 1002993b[-] -> FUN_10029ac6@10029ac6 body=10029ac6-10029b12"
10029d60,new_function,"code outside any function 8b442408834810ff in extent of FUN_10029d5a","referenced from pointer table 1004bc20 -> FUN_10029d60@10029d60 body=10029d60-10029d6b"
10029e1c,new_function,"code outside any function 8b4424048b4c240c in extent of FUN_10029da6","referenced from pointer table 1004bbd8 -> FUN_10029e1c@10029e1c body=10029e1c-10029e39"
1002a084,new_function,"code outside any function e9000000006a006a in extent of FUN_10029f9a","referenced from pointer table 100482f0 -> thunk_FUN_1002a089@1002a084 body=1002a084-1002a089 (thunk)"
1002a9b2,new_function,"code outside any function 8b54240856578b02 in extent of FUN_1002a990","referenced from pointer table 10046468 10046574 -> FUN_1002a9b2@1002a9b2 body=1002a9b2-1002a9d4"
1002ab75,new_function,"code outside any function 6a10ff7108ff7104 in extent of FUN_1002aaba","referenced from pointer table 10046488 10046594 -> FUN_1002ab75@1002ab75 body=1002ab75-1002ab9c"
1002ad92,new_function,"code outside any function 568d71046a0156e8 in extent of FUN_1002ad60","referenced from pointer table 1004645c -> FUN_1002ad92@1002ad92 body=1002ad92-1002adad"
1002afd0,new_function,"code outside any function 6a006a0068000080 in extent of FUN_1002afb9","padding before -> FUN_1002afd0@1002afd0 body=1002afd0-1002afe9"
1002cdf0,new_function,"code outside any function 8b4424088b0d34b9 in extent of FUN_1002cdc0","padding before -> FUN_1002cdf0@1002cdf0 body=1002cdf0-1002ce06"
1002ce10,new_function,"code outside any function 33c0a350080710a3 in extent of FUN_1002cdc0","padding before -> FUN_1002ce10@1002ce10 body=1002ce10-1002ce27"
1002ce30,new_function,"code outside any function a15008071050e809 in extent of FUN_1002cdc0","padding before -> FUN_1002ce30@1002ce30 body=1002ce30-1002ce61"
1002d000,new_function,"code outside any function e9000000006a006a in extent of FUN_1002cf10","padding before -> thunk_FUN_1002d005@1002d000 body=1002d000-1002d005 (thunk)"
1002d080,new_function,"code outside any function c390909090909090 in extent of FUN_1002d07c","padding before -> FUN_1002d080@1002d080 body=1002d080-1002d081"
1002d090,new_function,"code outside any function 33c0a3d4390710a3 in extent of FUN_1002d07c","padding before -> FUN_1002d090@1002d090 body=1002d090-1002d0a7"
1002d0b0,new_function,"code outside any function 6a006a006a00688c in extent of FUN_1002d07c","padding before -> FUN_1002d0b0@1002d0b0 body=1002d0b0-1002d0c6"
1002d640,new_function,"code outside any function c390909090909090 in extent of FUN_1002d4c0","padding before -> FUN_1002d640@1002d640 body=1002d640-1002d641"
1002d650,new_function,"code outside any function c390909090909090 in extent of FUN_1002d4c0","padding before -> FUN_1002d650@1002d650 body=1002d650-1002d651"
1002e9f0,new_function,"code outside any function e80bb400008b5424 in extent of FUN_1002e310","padding before -> FUN_1002e9f0@1002e9f0 body=1002e9f0-1002ea3a"
1002ea70,new_function,"code outside any function 8b4424088b0d34b9 in extent of FUN_1002ea40","padding before -> FUN_1002ea70@1002ea70 body=1002ea70-1002ea86"
1002f330,new_function,"code outside any function 6a006a0068000080 in extent of FUN_1002f010","padding before -> FUN_1002f330@1002f330 body=1002f330-1002f349"
1002f350,new_function,"code outside any function c390909090909090 in extent of FUN_1002f010","padding before -> FUN_1002f350@1002f350 body=1002f350-1002f351"
1002f360,new_function,"code outside any function 568b7424088b86b0 in extent of FUN_1002f010","padding before -> FUN_1002f360@1002f360 body=1002f360-1002f436"
1002fa80,new_function,"code outside any function 81ecb0000000538b in extent of FUN_1002fa50","padding before -> FUN_1002fa80@1002fa80 body=1002fa80-1002fec4"
10030ad0,new_function,"code outside any function 83ec18a130de0510 in extent of FUN_10030370","address taken by code 10030042[FUN_1002ff00] -> FUN_10030ad0@10030ad0 body=10030ad0-10030ba3"
10031e7c,new_function,"code outside any function ff742410ff742410 in extent of FUN_10031d82","address taken by code 10031d40[FUN_10031d18] -> FUN_10031e7c@10031e7c body=10031e7c-10031e94"
10032583,new_function,"code outside any function e9000000006a006a in extent of FUN_10032503","referenced from pointer table 10048334 -> thunk_FUN_10032588@10032583 body=10032583-10032588 (thunk)"
100329b0,new_function,"code outside any function 6a006a006a0068d0 in extent of FUN_10032966","padding before -> FUN_100329b0@100329b0 body=100329b0-100329c6"
10034277,new_function,"code outside any function 33c0c36a4058c3f6 in extent of FUN_1003424d","referenced from pointer table 100464cc 100464d0 -> FUN_10034277@10034277 body=10034277-1003427a"
1003451a,new_function,"code outside any function c36a0158c38b4424 in extent of FUN_100344f5","address taken by code 100344fe[FUN_100344f5] 10034505[FUN_100344f5] 1003466c[FUN_10034597] 1003956e[FUN_10039540] 1003957e[FUN_10039540] -> FUN_1003451a@1003451a body=1003451a-1003451b"
1003481f,new_function,"code outside any function e900000000558bec in extent of FUN_100347ac","referenced from pointer table 10048344 -> thunk_FUN_10034824@1003481f body=1003481f-10034824 (thunk)"
10034d82,new_function,"code outside any function e900000000c3b9e4 in extent of FUN_10034c7c","referenced from pointer table 10048348 -> thunk_FUN_10034d87@10034d82 body=10034d82-10034d87 (thunk)"
100356b8,new_function,"code outside any function 6a006808a30510ff in extent of FUN_10035629","address taken by code 10014e69[FUN_10014e40] 100144da[FUN_100144b0] -> FUN_100356b8@100356b8 body=100356b8-100356d5"
10035ce6,new_function,"code outside any function c3b968210910e900 in extent of FUN_10035917","address taken by code 10035930[FUN_10035917] -> FUN_10035ce6@10035ce6 body=10035ce6-10035ce7"
10035d75,new_function,"code outside any function b968200810e90000 in extent of FUN_10035d1d","referenced from pointer table 10048358 -> FUN_10035d75@10035d75 body=10035d75-10035d7f"
10035de7,new_function,"code outside any function e900000000832568 in extent of FUN_10035d7f","referenced from pointer table 1004835c -> thunk_FUN_10035dec@10035de7 body=10035de7-10035dec (thunk)"
1003602c,new_function,"code outside any function 6a006a00ff742410 in extent of FUN_10035fe7","referenced from pointer table 1004bfbc -> FUN_1003602c@1003602c body=1003602c-10036041"
100360c1,new_function,"code outside any function 6a006a00ff742410 in extent of FUN_1003608d","referenced from pointer table 1004bfe0 -> FUN_100360c1@100360c1 body=100360c1-100360d6"
1003610d,new_function,"code outside any function 6a006a00ff742410 in extent of FUN_100360d6","referenced from pointer table 1004bffc -> FUN_1003610d@1003610d body=1003610d-10036122"
1003622f,new_function,"code outside any function 6a006a00ff742410 in extent of FUN_100361f9","referenced from pointer table 1004c0a0 -> FUN_1003622f@1003622f body=1003622f-10036244"
10038830,new_function,"code outside any function b9a8370910e82603 in extent of FUN_10038011","padding before -> FUN_10038830@10038830 body=10038830-10038846"
10038850,new_function,"code outside any function 56b9ac3a0910e8e5 in extent of FUN_10038011","padding before -> FUN_10038850@10038850 body=10038850-100389ef"
10039a40,new_function,"code outside any function 8b4424045355568b in extent of FUN_10039900","padding before -> FUN_10039a40@10039a40 body=10039a40-10039adb"
10039ae0,new_function,"code outside any function 83ec0866a1a07705 in extent of FUN_10039900","padding before -> FUN_10039ae0@10039ae0 body=10039ae0-10039d8d"
10039d90,new_function,"code outside any function 83ec0c8b4424108d in extent of FUN_10039900","padding before -> FUN_10039d90@10039d90 body=10039d90-10039dfc"
10039e10,new_function,"code outside any function 8b44240483ec0833 in extent of FUN_10039e00","padding before -> FUN_10039e10@10039e10 body=10039e10-10039e28"
10039e30,new_function,"code outside any function 8b4424048b108b41 in extent of FUN_10039e00","padding before -> FUN_10039e30@10039e30 body=10039e30-10039e42"
10039e50,new_function,"code outside any function 8b5424048b49048b in extent of FUN_10039e00","padding before -> FUN_10039e50@10039e50 body=10039e50-10039e64"
10039e70,new_function,"code outside any function 8b4424048b108b41 in extent of FUN_10039e00","padding before -> FUN_10039e70@10039e70 body=10039e70-10039e7f"
1003a0a0,new_function,"code outside any function 83ec10535556578b in extent of FUN_10039f90","padding before -> FUN_1003a0a0@1003a0a0 body=1003a0a0-1003a1bd"
1003a1c0,new_function,"code outside any function 83ec105355568b74 in extent of FUN_10039f90","padding before -> FUN_1003a1c0@1003a1c0 body=1003a1c0-1003a28d"
1003a290,new_function,"code outside any function 8b41088b49048b54 in extent of FUN_10039f90","padding before -> FUN_1003a290@1003a290 body=1003a290-1003a2ba"
1003a2c0,new_function,"code outside any function 8b442404894110c2 in extent of FUN_10039f90","padding before -> FUN_1003a2c0@1003a2c0 body=1003a2c0-1003a2ca"
1003a942,new_function,"code outside any function b9103b0910e84800 in extent of FUN_1003a90f","referenced from pointer table 10048364 -> FUN_1003a942@1003a942 body=1003a942-1003a958"
1003a9d0,new_function,"code outside any function 8b4154c3568bf1e8 in extent of FUN_1003a994","referenced from pointer table 100465b4 -> FUN_1003a9d0@1003a9d0 body=1003a9d0-1003a9d4"
1003aa6d,new_function,"code outside any function 8b442404568bf168 in extent of FUN_1003a9f0","referenced from pointer table 100465b8 -> FUN_1003aa6d@1003aa6d body=1003aa6d-1003aabb"
1003acfb,new_function,"code outside any function 8b4424048b49048b in extent of FUN_1003acd9","referenced from pointer table 1004634c 10046548 -> FUN_1003acfb@1003acfb body=1003acfb-1003ad0a"
1003ae76,new_function,"code outside any function 8b44240856578b30 in extent of FUN_1003ae54","referenced from pointer table 1004646c 10046578 -> FUN_1003ae76@1003ae76 body=1003ae76-1003ae93"
1003b650,new_function,"code outside any function e80b000000e91600 in extent of FUN_1003b5f0","padding before -> FUN_1003b650@1003b650 body=1003b650-1003b65a"
1003b680,new_function,"code outside any function c705843b09104c66 in extent of FUN_1003b670","padding before -> FUN_1003b680@1003b680 body=1003b680-1003b68b"
1003b690,new_function,"code outside any function 8b44240450e84b76 in extent of FUN_1003b670","padding before -> FUN_1003b690@1003b690 body=1003b690-1003b6a0"
1003b6b0,new_function,"code outside any function 8a442404568bf1a8 in extent of FUN_1003b670","padding before -> FUN_1003b6b0@1003b6b0 body=1003b6b0-1003b6d0"
1003b7fa,new_function,"code outside any function 6880000000e8600b in extent of FUN_1003b7e8","referenced from pointer table 10048374 -> FUN_1003b7fa@1003b7fa body=1003b7fa-1003b829"
1003c740,new_function,"code outside any function 57565333ff8b4424 in extent of __aulldiv","padding before -> FUN_1003c740@1003c740 body=1003c740-1003c7ea"
1003c7f0,new_function,"code outside any function 8b4424088b4c2410 in extent of __aulldiv","padding before -> FUN_1003c7f0@1003c7f0 body=1003c7f0-1003c824"
1003ca0a,new_function,"code outside any function 6a19e8b006000059 in extent of FUN_1003c9f7","referenced from pointer table 1004630c 10046310 10046314 10046318 1004631c 10046320 10046338 1004633c 10046384 10046388 1004638c 100463a8 100463ac 100463b0 100463b4 10046534 10046538 -> FUN_1003ca0a@1003ca0a body=1003ca0a-1003ca13"
1003cb69,new_function,"code outside any function 8d54240ce8b31800 in extent of FUN_1003cb50","unreferenced code after a RET (separate routine) -> FUN_1003cb69@1003cb69 body=1003cb69-1003cb72"
1003ce80,new_function,"code outside any function 83ec08dd1424e8dd in extent of FUN_1003cda0","unreferenced code after a RET (separate routine) -> FUN_1003ce80@1003ce80 body=1003ce80-1003ce94"
1003d114,new_function,"code outside any function 8b4c2404f7410406 in extent of __global_unwind2","address taken by code 1003d140[__local_unwind2] -> FUN_1003d114@1003d114 body=1003d114-1003d136"
1003d19e,new_function,"code outside any function 33c0648b0d000000 in extent of __local_unwind2","unreferenced code after a RET (separate routine) -> FUN_1003d19e@1003d19e body=1003d19e-1003d1c1"
1003d2b5,new_function,"code outside any function 8b4424048a1540c6 in extent of FUN_1003d25b","address taken by code 1003b737[FUN_1003b732] -> FUN_1003d2b5@1003d2b5 body=1003d2b5-1003d303"
1003e2bb,new_function,"code outside any function ddd8ddd8d9e8c3db in extent of FUN_1003e2b6","tail-jumped to from other function(s) FUN_100407d3 -> FUN_1003e2bb@1003e2bb body=1003e2bb-1003e2c2"
1003e3e0,new_function,"code outside any function d9c0d9fcdce1d9c9 in extent of __startOneArgErrorHandling","padding before -> FUN_1003e3e0@1003e3e0 body=1003e3e0-1003e3f5"
1003e47e,new_function,"code outside any function 66813c247f027403 in extent of FUN_1003e468","tail-jumped to from other function(s) FUN_1003b93d FUN_1003ba2d FUN_1003bbad FUN_1003bfad FUN_1003c05d FUN_1003cb72 FUN_1003cda0 -> FUN_1003e47e@1003e47e body=1003e47e-1003e48b"
1003e4b5,new_function,"code outside any function 83ec08dd14248b44 in extent of __math_exit","unreferenced code after a RET (separate routine) -> FUN_1003e4b5@1003e4b5 body=1003e4b5-1003e4c9 1003e4dd-1003e51a 1003e543-1003e56c"
1003fe7a,new_function,"code outside any function a1e0620910566a14 in extent of FUN_1003fe4f","referenced from pointer table 10048378 -> FUN_1003fe7a@1003fe7a body=1003fe7a-1003ff22"
1004016f,new_function,"code outside any function 6a01e80200000059 in extent of FUN_10040113","called from code outside functions -> FUN_1004016f@1004016f body=1004016f-10040178"
10040960,new_function,"code outside any function c68570fffffffe0a in extent of FUN_100407d3","padding before -> FUN_10040960@10040960 body=10040960-10040971 1004097e-100409ce 100409d3-100409d8 (clipped 1003e2a8-1003e2ad 1003e356-1003e373 past next entry)"
10040d00,new_function,"code outside any function e83700000086e9eb in extent of FUN_10040c97","padding before -> FUN_10040d00@10040d00 body=10040d00-10040d09 10040d2b-10040d3c"
10040d75,new_function,"code outside any function ddd80ac9740bddd8 in extent of FUN_10040d6c","referenced from pointer table 1004cb2c 1004cb30 1004cb34 1004cb3c -> FUN_10040d75@10040d75 body=10040d75-10040d8b"
10042b84,new_function,"code outside any function 558bec83ec085356 in extent of FUN_10042b40","address taken by code 100419d6[FUN_100419cc] 1003fc35[FUN_1003fc2b] 100426ed[FUN_100426e3] -> __except_handler3@10042b84 body=10042b84-10042c41"
10042ce9,new_function,"code outside any function 53576a0233dbe860 in extent of FUN_10042c5c","tail-jumped to from other function(s) FUN_1003fe4f -> FUN_10042ce9@10042ce9 body=10042ce9-10042d6a"
100433b0,new_function,"code outside any function db6c2410db6c2404 in extent of FUN_100430de","padding before -> FUN_100433b0@100433b0 body=100433b0-100434c7"
10043966,new_function,"undisassembled 83ec2cdb3c24db7c in extent of FUN_100430de","unreferenced code after a RET (separate routine) -> FUN_10043966@10043966 body=10043966-10043979"
10043ba1,new_function,"code outside any function 5083ec2cdb7c240c in extent of FUN_100430de","called from code outside functions -> FUN_10043ba1@10043ba1 body=10043ba1-10043bb6"
10044b61,new_function,"code outside any function 681b4b0410ff1508 in extent of FUN_10044b1b","referenced from pointer table 10048380 -> FUN_10044b61@10044b61 body=10044b61-10044b72"
100457b0,new_function,"code outside any function 8d42ff5bc38da424 in extent of FUN_10045742","padding before -> FUN_100457b0@100457b0 body=100457b0-100457b5"
10045886,new_function,"code outside any function 0000000000000000 in extent of KERNEL32.DLL::RtlUnwind","outside any function extent -> FUN_10045886@10045886 body=10045886-10045890 (clipped 10045890-100458a8 past next entry)"
100098ef,new_function,"code outside any function e9000000006a006a in extent of FUN_100098d5","referenced from pointer table 1004803c -> thunk_FUN_100098f4@100098ef body=100098ef-100098f4 (thunk)"
1000b35f,new_function,"code outside any function b980290510e96b06 in extent of FUN_1000b349","address taken by code 1000b353[FUN_1000b349] -> FUN_1000b35f@1000b35f body=1000b35f-1000b369"
1000dd19,new_function,"code outside any function 83c10856518bf2ff in extent of FUN_1000dd18","address taken by code 1000db7f[FUN_1000d3a7] 1000db7a[FUN_1000d3a7] -> FUN_1000dd19@1000dd19 body=1000dd19-1000dd34"
1000e0ec,new_function,"code outside any function 8b4424048b49048b in extent of FUN_1000e0d7","referenced from pointer table 10046210 -> FUN_1000e0ec@1000e0ec body=1000e0ec-1000e0fc"
1000e2a1,new_function,"code outside any function 8b54240856576a08 in extent of FUN_1000e291","referenced from pointer table 1004623c -> FUN_1000e2a1@1000e2a1 body=1000e2a1-1000e2c4"
1000e4f1,new_function,"code outside any function 8b44240856576a10 in extent of FUN_1000e4ce","referenced from pointer table 10046270 -> FUN_1000e4f1@1000e4f1 body=1000e4f1-1000e50f"
1000f3a1,new_function,"code outside any function c3c3c3c3b9f85c05 in extent of FUN_1000f3a0","referenced from pointer table 100480a0 -> FUN_1000f3a1@1000f3a1 body=1000f3a1-1000f3a2"
1001095c,new_function,"code outside any function c705c8770510d861 in extent of FUN_1001094c","referenced from pointer table 100480b8 -> FUN_1001095c@1001095c body=1001095c-10010967"
1001123f,new_function,"code outside any function e900000000d9ee33 in extent of FUN_100111f5","referenced from pointer table 100480c4 -> thunk_FUN_10011244@1001123f body=1001123f-10011244 (thunk)"
1001be20,new_function,"code outside any function a140de0510c39090 in extent of FUN_1001bdb0","address taken by code 10011052[RenderDLLSetup] -> FUN_1001be20@1001be20 body=1001be20-1001be26"
1001c7f1,new_function,"code outside any function 8b442404a34cf205 in extent of FUN_1001c7eb","address taken by code 10011070[RenderDLLSetup] -> FUN_1001c7f1@1001c7f1 body=1001c7f1-1001c8b8"
1001d4ab,new_function,"code outside any function 53558b690c56576a in extent of FUN_1001d496","referenced from pointer table 100462f4 -> FUN_1001d4ab@1001d4ab body=1001d4ab-1001d5b5"
1001da60,new_function,"code outside any function e9000000006a006a in extent of FUN_1001da29","referenced from pointer table 1004827c -> thunk_FUN_1001da65@1001da60 body=1001da60-1001da65 (thunk)"
1001de85,new_function,"code outside any function 33d239151c780510 in extent of FUN_1001de1c","address taken by code 10011160[RenderDLLSetup] -> FUN_1001de85@1001de85 body=1001de85-1001dec3"
1001e3d2,new_function,"code outside any function 8b4108c36a04ff71 in extent of FUN_1001e3be","referenced from pointer table 10046220 10046250 10046280 1004635c 1004647c 10046558 10046588 -> FUN_1001e3d2@1001e3d2 body=1001e3d2-1001e3d6"
1001e5b0,new_function,"code outside any function b8ac130610c705a8 in extent of FUN_1001e5a0","referenced from pointer table 10048284 -> FUN_1001e5b0@1001e5b0 body=1001e5b0-1001e5ca"
1001e650,new_function,"code outside any function b868280610a36c28 in extent of FUN_1001e630","referenced from pointer table 1004828c -> FUN_1001e650@1001e650 body=1001e650-1001e660"
1001e6f0,new_function,"code outside any function b801000000c39090 in extent of FUN_1001e6d0","referenced from pointer table 10046394 -> FUN_1001e6f0@1001e6f0 body=1001e6f0-1001e6f6"
10021d10,new_function,"code outside any function 568d71046a0156e8 in extent of FUN_10021cf0","referenced from pointer table 1004637c -> FUN_10021d10@10021d10 body=10021d10-10021d2b"
10022130,new_function,"code outside any function e9000000006a64b8 in extent of FUN_10022123","referenced from pointer table 100482a4 -> thunk_FUN_10022135@10022130 body=10022130-10022135 (thunk)"
1002242e,new_function,"code outside any function e9000000006a006a in extent of FUN_10022424","referenced from pointer table 100482ac -> thunk_FUN_10022433@1002242e body=1002242e-10022433 (thunk)"
100229f2,new_function,"code outside any function 837c240400567504 in extent of FUN_100229d5","referenced from pointer table 100463d4 -> FUN_100229f2@100229f2 body=100229f2-10022a73"
10022be4,new_function,"code outside any function 6a0168908c0510ff in extent of FUN_10022bca","address taken by code 10014e46[FUN_10014e40] 100144b7[FUN_100144b0] -> FUN_10022be4@10022be4 body=10022be4-10022c01"
100241ff,new_function,"code outside any function e9000000006a006a in extent of FUN_100241e5","referenced from pointer table 100482b8 -> thunk_FUN_10024204@100241ff body=100241ff-10024204 (thunk)"
10025036,new_function,"code outside any function e900000000d905f0 in extent of FUN_10025018","referenced from pointer table 100482c0 -> thunk_FUN_1002503b@10025036 body=10025036-1002503b (thunk)"
10026d2c,new_function,"code outside any function e9000000006a006a in extent of FUN_10026d0e","referenced from pointer table 100482cc -> thunk_FUN_10026d31@10026d2c body=10026d2c-10026d31 (thunk)"
10029683,new_function,"code outside any function e900000000d90500 in extent of FUN_10029665","referenced from pointer table 100482e0 -> thunk_FUN_10029688@10029683 body=10029683-10029688 (thunk)"
100298ef,new_function,"code outside any function e900000000d9054c in extent of FUN_100298da","referenced from pointer table 100482e4 -> thunk_FUN_100298f4@100298ef body=100298ef-100298f4 (thunk)"
10029b12,new_function,"code outside any function 8b44240c8b542404 in extent of FUN_10029ac6","referenced from pointer table 1004bbe0 -> FUN_10029b12@10029b12 body=10029b12-10029b3c"
10029d6b,new_function,"code outside any function 8b4c24040fb64116 in extent of FUN_10029d60","referenced from pointer table 1004bc24 -> FUN_10029d6b@10029d6b body=10029d6b-10029da6"
10029e39,new_function,"code outside any function 8b4424048b4c240c in extent of FUN_10029e1c","referenced from pointer table 1004bbdc -> FUN_10029e39@10029e39 body=10029e39-10029e53"
1002a0a3,new_function,"code outside any function e9000000006a006a in extent of FUN_1002a089","referenced from pointer table 100482f4 -> thunk_FUN_1002a0a8@1002a0a3 body=1002a0a3-1002a0a8 (thunk)"
1002a9d4,new_function,"code outside any function 8b410868843b0910 in extent of FUN_1002a9b2","referenced from pointer table 10046470 -> FUN_1002a9d4@1002a9d4 body=1002a9d4-1002a9e9"
1002ab9c,new_function,"code outside any function e95e010000ff7424 in extent of FUN_1002ab75","referenced from pointer table 10046454 -> thunk_FUN_1002acff@1002ab9c body=1002ab9c-1002aba1 (thunk)"
1002d01f,new_function,"code outside any function e9000000006a006a in extent of FUN_1002d005","referenced from pointer table 10048300 -> thunk_FUN_1002d024@1002d01f body=1002d01f-1002d024 (thunk)"
100325a2,new_function,"code outside any function e900000000d905b8 in extent of FUN_10032588","referenced from pointer table 10048338 -> thunk_FUN_100325a7@100325a2 body=100325a2-100325a7 (thunk)"
1003427a,new_function,"code outside any function 6a4058c3f6442404 in extent of FUN_10034277","referenced from pointer table 100464d4 100464d8 -> FUN_1003427a@1003427a body=1003427a-1003427e"
1003451b,new_function,"code outside any function 6a0158c38b442404 in extent of FUN_1003451a","address taken by code 1003450f[FUN_100344f5] 1003958a[FUN_10039540] -> FUN_1003451b@1003451b body=1003451b-1003451f"
10034d88,new_function,"code outside any function b9e4ab0710e90000 in extent of FUN_10034d87","referenced from pointer table 1004834c -> FUN_10034d88@10034d88 body=10034d88-10034db8"
10035ce7,new_function,"code outside any function b968210910e90000 in extent of FUN_10035ce6","referenced from pointer table 10048350 -> FUN_10035ce7@10035ce7 body=10035ce7-10035d13"
10036041,new_function,"code outside any function 6a006a00ff742410 in extent of FUN_1003602c","referenced from pointer table 1004bfc0 -> FUN_10036041@10036041 body=10036041-10036056"
10036244,new_function,"code outside any function 6a006a00ff742410 in extent of FUN_1003622f","referenced from pointer table 1004c0a4 -> FUN_10036244@10036244 body=10036244-10036259"
1003a958,new_function,"code outside any function f6057c3b09100175 in extent of FUN_1003a942","address taken by code 1003a94c[FUN_1003a942] -> FUN_1003a958@1003a958 body=1003a958-1003a973"
1003ad0a,new_function,"code outside any function 8b410868843b0910 in extent of FUN_1003acfb","referenced from pointer table 10046350 1004654c -> FUN_1003ad0a@1003ad0a body=1003ad0a-1003ad1f"
1003ae93,new_function,"code outside any function 8b410868843b0910 in extent of FUN_1003ae76","referenced from pointer table 1004657c -> FUN_1003ae93@1003ae93 body=1003ae93-1003aea8"
1003b6a0,new_function,"code outside any function 8b44240450e89a76 in extent of FUN_1003b690","referenced from pointer table 10046654 -> FUN_1003b6a0@1003b6a0 body=1003b6a0-1003b6ae"
1003ce94,new_function,"code outside any function 8d542404e8881500 in extent of FUN_1003ce80","unreferenced code after a RET (separate routine) -> FUN_1003ce94@1003ce94 body=1003ce94-1003ce9d"
1003d303,new_function,"code outside any function 8b442404dd00dc1d in extent of FUN_1003d2b5","address taken by code 1003b75a[FUN_1003b732] -> FUN_1003d303@1003d303 body=1003d303-1003d31b"
1003e2c2,new_function,"code outside any function dbbd62ffffffdbad in extent of FUN_1003e2bb","referenced from pointer table 1004cb02 -> FUN_1003e2c2@1003e2c2 body=1003e2c2-1003e2ed"
1003e4c9,new_function,"code outside any function 83ec08dd14248b44 in extent of FUN_1003e4b5","tail-jumped to from other function(s) FUN_1003cb72 -> FUN_1003e4c9@1003e4c9 body=1003e4c9-1003e56c"
1003ff22,new_function,"code outside any function e848020000803ddc in extent of FUN_1003fe7a","referenced from pointer table 1004838c -> FUN_1003ff22@1003ff22 body=1003ff22-1003ff36"
10040971,new_function,"code outside any function c68570fffffffe32 in extent of FUN_10040960","referenced from pointer table 1004cafa -> FUN_10040971@10040971 body=10040971-100409b6 (clipped 1003e2a8-1003e2ad past next entry)"
10040d3c,new_function,"code outside any function d9e1d9c0d9c0d9e8 in extent of FUN_10040d00","called from code outside functions -> FUN_10040d3c@10040d3c body=10040d3c-10040d6c (clipped 1003e356-1003e373 past next entry)"
100434c7,new_function,"code outside any function 83ec2c83e03fff24 in extent of FUN_100433b0","unreferenced code after a RET (separate routine) -> FUN_100434c7@100434c7 body=100434c7-100434d4"
10043979,new_function,"undisassembled 83ec2cdb7c240cdb in extent of FUN_10043966","unreferenced code after a RET (separate routine) -> FUN_10043979@10043979 body=10043979-1004398c"
10043bb6,new_function,"code outside any function 5053518b44241635 in extent of FUN_10043ba1","called from code outside functions -> FUN_10043bb6@10043bb6 body=10043bb6-10043dbc"
10044b72,new_function,"code outside any function ff350c3e0910ff15 in extent of FUN_10044b61","referenced from pointer table 10048398 -> FUN_10044b72@10044b72 body=10044b72-10044b7f"
1000990e,new_function,"code outside any function e9000000006a006a in extent of FUN_100098f4","referenced from pointer table 10048040 -> thunk_FUN_10009913@1000990e body=1000990e-10009913 (thunk)"
1000b369,new_function,"code outside any function c3e9000000006a00 in extent of FUN_1000b35f","referenced from pointer table 10048058 -> FUN_1000b369@1000b369 body=1000b369-1000b36a"
1000e0fc,new_function,"code outside any function 8b410868843b0910 in extent of FUN_1000e0ec","referenced from pointer table 10046214 -> FUN_1000e0fc@1000e0fc body=1000e0fc-1000e111"
1000e2c4,new_function,"code outside any function 8b44240856576a08 in extent of FUN_1000e2a1","referenced from pointer table 10046240 -> FUN_1000e2c4@1000e2c4 body=1000e2c4-1000e2e2"
1000e50f,new_function,"code outside any function 8b410868843b0910 in extent of FUN_1000e4f1","referenced from pointer table 10046274 -> FUN_1000e50f@1000e50f body=1000e50f-1000e524"
1000f3a2,new_function,"code outside any function c3c3c3b9f85c0510 in extent of FUN_1000f3a1","referenced from pointer table 100480a4 -> FUN_1000f3a2@1000f3a2 body=1000f3a2-1000f3a3"
1001128e,new_function,"code outside any function e90000000033c0c7 in extent of FUN_10011244","referenced from pointer table 100480c8 -> thunk_FUN_10011293@1001128e body=1001128e-10011293 (thunk)"
1001c8b8,new_function,"code outside any function 8b4424046a010d00 in extent of FUN_1001c7f1","address taken by code 10011084[RenderDLLSetup] -> FUN_1001c8b8@1001c8b8 body=1001c8b8-1001c8ca"
1001e3d6,new_function,"code outside any function 6a04ff7108ff7104 in extent of FUN_1001e3d2","referenced from pointer table 10046368 10046564 -> FUN_1001e3d6@1001e3d6 body=1001e3d6-1001e3fd"
1001e660,new_function,"code outside any function b910070610e9e681 in extent of FUN_1001e650","referenced from pointer table 10048290 -> FUN_1001e660@1001e660 body=1001e660-1001e66a"
10022a73,new_function,"code outside any function d905101806108b44 in extent of FUN_100229f2","referenced from pointer table 100463d8 -> FUN_10022a73@10022a73 body=10022a73-10022a90"
10025059,new_function,"code outside any function e9000000006a006a in extent of FUN_1002503b","referenced from pointer table 100482c4 -> thunk_FUN_1002505e@10025059 body=10025059-1002505e (thunk)"
10026d4b,new_function,"code outside any function e9000000006a006a in extent of FUN_10026d31","referenced from pointer table 100482d0 -> thunk_FUN_10026d50@10026d4b body=10026d4b-10026d50 (thunk)"
100296a6,new_function,"code outside any function 33c9390db8e70610 in extent of FUN_10029688","referenced from pointer table 1004bafc -> FUN_100296a6@100296a6 body=100296a6-100296f7"
10029912,new_function,"code outside any function e9000000006a006a in extent of FUN_100298f4","referenced from pointer table 100482e8 -> thunk_FUN_10029917@10029912 body=10029912-10029917 (thunk)"
10029b3c,new_function,"code outside any function 8b4424048b4c2408 in extent of FUN_10029b12","referenced from pointer table 1004bbe4 -> FUN_10029b3c@10029b3c body=10029b3c-10029b52"
10029e53,new_function,"code outside any function 6a0068f85c0510ff in extent of FUN_10029e39","referenced from pointer table 1004bc48 -> FUN_10029e53@10029e53 body=10029e53-10029e70"
1002a9e9,new_function,"code outside any function 68843b0910ff7424 in extent of FUN_1002a9d4","referenced from pointer table 10046474 -> FUN_1002a9e9@1002a9e9 body=1002a9e9-1002a9fa"
1002aba1,new_function,"code outside any function ff742404e88f0100 in extent of thunk_FUN_1002acff","referenced from pointer table 10046458 -> FUN_1002aba1@1002aba1 body=1002aba1-1002abad"
1002d03e,new_function,"code outside any function e9000000006a006a in extent of FUN_1002d024","referenced from pointer table 10048304 -> thunk_FUN_1002d043@1002d03e body=1002d03e-1002d043 (thunk)"
100325c5,new_function,"code outside any function e900000000d905bc in extent of FUN_100325a7","referenced from pointer table 1004833c -> thunk_FUN_100325ca@100325c5 body=100325c5-100325ca (thunk)"
1003427e,new_function,"code outside any function f644240401568bf1 in extent of FUN_1003427a","referenced from pointer table 100464c8 -> FUN_1003427e@1003427e body=1003427e-1003429b"
10035d13,new_function,"code outside any function b968210810e90000 in extent of FUN_10035ce7","referenced from pointer table 10048354 -> FUN_10035d13@10035d13 body=10035d13-10035d1d"
10036259,new_function,"code outside any function 6a006a00ff742410 in extent of FUN_10036244","referenced from pointer table 1004c040 1004c060 1004c080 -> FUN_10036259@10036259 body=10036259-1003626e"
1003ad1f,new_function,"code outside any function 68843b0910ff7424 in extent of FUN_1003ad0a","referenced from pointer table 10046354 10046550 -> FUN_1003ad1f@1003ad1f body=1003ad1f-1003ad30"
1003aea8,new_function,"code outside any function 68843b0910ff7424 in extent of FUN_1003ae93","referenced from pointer table 10046580 -> FUN_1003aea8@1003aea8 body=1003aea8-1003aeb9"
1003ce9d,new_function,"code outside any function 529bd93c24746d66 in extent of FUN_1003ce94","called from FUN_1003ce80 -> FUN_1003ce9d@1003ce9d body=1003ce9d-1003cf4b"
1003e2ed,new_function,"code outside any function d9c9dbbd62ffffff in extent of FUN_1003e2c2","referenced from pointer table 1004cb40 1004cb44 1004cb4c -> FUN_1003e2ed@1003e2ed body=1003e2ed-1003e317"
100434d4,new_function,"code outside any function d8f083c42cc383c4 in extent of FUN_100434c7","referenced from pointer table 1004ce3e -> FUN_100434d4@100434d4 body=100434d4-100434da"
1004398c,new_function,"undisassembled 508b442408250000 in extent of FUN_10043979","unreferenced code after a RET (separate routine) -> FUN_1004398c@1004398c body=1004398c-100439d8"
10043dbc,new_function,"code outside any function 5283ec30db7c2418 in extent of FUN_10043bb6","called from code outside functions -> FUN_10043dbc@10043dbc body=10043dbc-10043e6e"
1000992d,new_function,"code outside any function e9000000006a006a in extent of FUN_10009913","referenced from pointer table 10048044 -> thunk_FUN_10009932@1000992d body=1000992d-10009932 (thunk)"
1000b36a,new_function,"code outside any function e9000000006a006a in extent of FUN_1000b369","referenced from pointer table 1004805c -> thunk_FUN_1000b36f@1000b36a body=1000b36a-1000b36f (thunk)"
1000e111,new_function,"code outside any function 68843b0910ff7424 in extent of FUN_1000e0fc","referenced from pointer table 10046218 -> FUN_1000e111@1000e111 body=1000e111-1000e122"
1000e2e2,new_function,"code outside any function 8b410868843b0910 in extent of FUN_1000e2c4","referenced from pointer table 10046244 -> FUN_1000e2e2@1000e2e2 body=1000e2e2-1000e2f7"
1000e524,new_function,"code outside any function 68843b0910ff7424 in extent of FUN_1000e50f","referenced from pointer table 10046278 -> FUN_1000e524@1000e524 body=1000e524-1000e535"
1000f3a3,new_function,"code outside any function c3c3b9f85c0510e9 in extent of FUN_1000f3a2","referenced from pointer table 100480a8 -> FUN_1000f3a3@1000f3a3 body=1000f3a3-1000f3a4"
100112df,new_function,"code outside any function e90000000033c0c7 in extent of FUN_10011293","referenced from pointer table 100480cc -> thunk_FUN_100112e4@100112df body=100112df-100112e4 (thunk)"
1001c8ca,new_function,"code outside any function 8b4424048b0d4cf2 in extent of FUN_1001c8b8","address taken by code 1001107a[RenderDLLSetup] -> FUN_1001c8ca@1001c8ca body=1001c8ca-1001c8da"
1001e3fd,new_function,"code outside any function 8b442404894110c2 in extent of FUN_1001e3d6","referenced from pointer table 10046230 10046260 10046290 1004636c 1004648c 10046568 10046598 -> FUN_1001e3fd@1001e3fd body=1001e3fd-1001e407"
10022a90,new_function,"code outside any function ff742408b9704306 in extent of FUN_10022a73","address taken by code 10022afe[FUN_10022ae3] 10022b41[FUN_10022b3b] -> FUN_10022a90@10022a90 body=10022a90-10022a9f"
100296f7,new_function,"code outside any function ff742404e8000701 in extent of FUN_100296a6","referenced from pointer table 1004bb00 -> FUN_100296f7@100296f7 body=100296f7-1002970e"
10029931,new_function,"code outside any function b940ec0610e80c00 in extent of FUN_10029917","referenced from pointer table 100482ec -> FUN_10029931@10029931 body=10029931-10029947"
10029b52,new_function,"code outside any function d981980700008b54 in extent of FUN_10029b3c","referenced from pointer table 1004bbe8 -> FUN_10029b52@10029b52 body=10029b52-10029b9f"
10029e70,new_function,"code outside any function 6a0068f85c0510ff in extent of FUN_10029e53","referenced from pointer table 1004bc4c -> FUN_10029e70@10029e70 body=10029e70-10029e8d"
1002a9fa,new_function,"code outside any function 68843b09106a00e8 in extent of FUN_1002a9e9","referenced from pointer table 10046478 -> FUN_1002a9fa@1002a9fa body=1002a9fa-1002aa07"
1002d05d,new_function,"code outside any function e9000000006a006a in extent of FUN_1002d043","referenced from pointer table 10048308 -> thunk_FUN_1002d062@1002d05d body=1002d05d-1002d062 (thunk)"
1003626e,new_function,"code outside any function 6a006a00ff742410 in extent of FUN_10036259","referenced from pointer table 1004c044 1004c064 1004c084 -> FUN_1003626e@1003626e body=1003626e-10036283"
1003ad30,new_function,"code outside any function 68843b09106a00e8 in extent of FUN_1003ad1f","referenced from pointer table 10046358 10046554 -> FUN_1003ad30@1003ad30 body=1003ad30-1003ad3d"
1003aeb9,new_function,"code outside any function 68843b09106a00e8 in extent of FUN_1003aea8","referenced from pointer table 10046584 -> FUN_1003aeb9@1003aeb9 body=1003aeb9-1003aec6"
1003e317,new_function,"code outside any function dbbd62ffffffdbad in extent of FUN_1003e2ed","referenced from pointer table 1004cb48 -> FUN_1003e317@1003e317 body=1003e317-1003e356"
100434da,new_function,"code outside any function 83c42ccd06d8f883 in extent of FUN_100434d4","referenced from pointer table 1004ce42 -> FUN_100434da@100434da body=100434da-100434e5"
100439d8,new_function,"undisassembled 508b44240c250000 in extent of FUN_1004398c","unreferenced code after a RET (separate routine) -> FUN_100439d8@100439d8 body=100439d8-10043a24"
10043e6e,new_function,"code outside any function 5053518b44241635 in extent of FUN_10043dbc","called from code outside functions -> FUN_10043e6e@10043e6e body=10043e6e-10044074"
1000994c,new_function,"code outside any function e9000000006a006a in extent of FUN_10009932","referenced from pointer table 10048048 -> thunk_FUN_10009951@1000994c body=1000994c-10009951 (thunk)"
1000b389,new_function,"code outside any function e9000000006a006a in extent of FUN_1000b36f","referenced from pointer table 10048060 -> thunk_FUN_1000b38e@1000b389 body=1000b389-1000b38e (thunk)"
1000e122,new_function,"code outside any function 68843b09106a00e8 in extent of FUN_1000e111","referenced from pointer table 1004621c -> FUN_1000e122@1000e122 body=1000e122-1000e12f"
1000e2f7,new_function,"code outside any function 68843b0910ff7424 in extent of FUN_1000e2e2","referenced from pointer table 10046248 -> FUN_1000e2f7@1000e2f7 body=1000e2f7-1000e308"
1000e535,new_function,"code outside any function 68843b09106a00e8 in extent of FUN_1000e524","referenced from pointer table 1004627c -> FUN_1000e535@1000e535 body=1000e535-1000e542"
1000f3a4,new_function,"code outside any function c3b9f85c0510e900 in extent of FUN_1000f3a3","referenced from pointer table 100480ac -> FUN_1000f3a4@1000f3a4 body=1000f3a4-1000f3a5"
10011330,new_function,"code outside any function e900000000d9ee33 in extent of FUN_100112e4","referenced from pointer table 100480d0 -> thunk_FUN_10011335@10011330 body=10011330-10011335 (thunk)"
1001c8da,new_function,"code outside any function 8b4424048b0dd8b4 in extent of FUN_1001c8ca","address taken by code 1001108e[RenderDLLSetup] -> FUN_1001c8da@1001c8da body=1001c8da-1001c8ea"
10022a9f,new_function,"code outside any function ff742404e8587301 in extent of FUN_10022a90","referenced from pointer table 1004bb50 -> FUN_10022a9f@10022a9f body=10022a9f-10022ab6"
10029b9f,new_function,"code outside any function 8b4424048b542408 in extent of FUN_10029b52","referenced from pointer table 1004bbec -> FUN_10029b9f@10029b9f body=10029b9f-10029bc1"
10029e8d,new_function,"code outside any function ff7424045251e819 in extent of FUN_10029e70","referenced from pointer table 1004bc58 -> FUN_10029e8d@10029e8d body=10029e8d-10029e9e"
1003e356,new_function,"code outside any function ddd8ddd8db2d00c4 in extent of FUN_1003e317","referenced from pointer table 1004cb5c -> FUN_1003e356@1003e356 body=1003e356-1003e373"
100434e5,new_function,"code outside any function 83c42ccd06d8f083 in extent of FUN_100434da","referenced from pointer table 1004ce4a -> FUN_100434e5@100434e5 body=100434e5-100434f0"
10043a24,new_function,"undisassembled 50dfe02500380000 in extent of FUN_100439d8","unreferenced code after a RET (separate routine) -> FUN_10043a24@10043a24 body=10043a24-10043a58"
10044074,new_function,"code outside any function 5283ec30db7c2418 in extent of FUN_10043e6e","called from code outside functions -> FUN_10044074@10044074 body=10044074-10044129"
1000996b,new_function,"code outside any function e9000000006a006a in extent of FUN_10009951","referenced from pointer table 1004804c -> thunk_FUN_10009970@1000996b body=1000996b-10009970 (thunk)"
1000b3a8,new_function,"code outside any function e9000000006a006a in extent of FUN_1000b38e","referenced from pointer table 10048064 -> thunk_FUN_1000b3ad@1000b3a8 body=1000b3a8-1000b3ad (thunk)"
1000e308,new_function,"code outside any function 68843b09106a00e8 in extent of FUN_1000e2f7","referenced from pointer table 1004624c -> FUN_1000e308@1000e308 body=1000e308-1000e315"
1000f3a5,new_function,"code outside any function b9f85c0510e90000 in extent of FUN_1000f3a4","referenced from pointer table 100480b0 -> FUN_1000f3a5@1000f3a5 body=1000f3a5-1000f3c0"
1001137f,new_function,"code outside any function e900000000d9ee33 in extent of FUN_10011335","referenced from pointer table 100480d4 -> thunk_FUN_10011384@1001137f body=1001137f-10011384 (thunk)"
10029bc1,new_function,"code outside any function 56578b7c24106a00 in extent of FUN_10029b9f","referenced from pointer table 1004bbf8 -> FUN_10029bc1@10029bc1 body=10029bc1-10029bed"
10029e9e,new_function,"code outside any function ff7424045251e8d0 in extent of FUN_10029e8d","referenced from pointer table 1004bc5c -> FUN_10029e9e@10029e9e body=10029e9e-10029eaf"
100434f0,new_function,"code outside any function def883c42cc3d8f8 in extent of FUN_100434e5","referenced from pointer table 1004ce52 -> FUN_100434f0@100434f0 body=100434f0-100434f6"
10043a58,new_function,"undisassembled 50dfe02500380000 in extent of FUN_10043a24","unreferenced code after a RET (separate routine) -> FUN_10043a58@10043a58 body=10043a58-10043a8c"
10044129,new_function,"code outside any function e88efcffffc3e840 in extent of FUN_10044074","unreferenced code after a RET (separate routine) -> FUN_10044129@10044129 body=10044129-1004412f"
1000998a,new_function,"code outside any function e9000000006a006a in extent of FUN_10009970","referenced from pointer table 10048050 -> thunk_FUN_1000998f@1000998a body=1000998a-1000998f (thunk)"
1000b3c7,new_function,"code outside any function e9000000006a006a in extent of FUN_1000b3ad","referenced from pointer table 10048068 -> thunk_FUN_1000b3cc@1000b3c7 body=1000b3c7-1000b3cc (thunk)"
100113ce,new_function,"code outside any function e90000000033c0c7 in extent of FUN_10011384","referenced from pointer table 100480d8 -> thunk_FUN_100113d3@100113ce body=100113ce-100113d3 (thunk)"
10029bed,new_function,"code outside any function 56578b7c24106a00 in extent of FUN_10029bc1","referenced from pointer table 1004bbfc -> FUN_10029bed@10029bed body=10029bed-10029c2b"
10029eaf,new_function,"code outside any function 33c0c204008b4424 in extent of FUN_10029e9e","referenced from pointer table 1004bc50 1004bc60 -> FUN_10029eaf@10029eaf body=10029eaf-10029eb4"
100434f6,new_function,"code outside any function d8f883c42cc3def0 in extent of FUN_100434f0","referenced from pointer table 1004ce56 -> FUN_100434f6@100434f6 body=100434f6-100434fc"
10043a8c,new_function,"undisassembled 508b442408250000 in extent of FUN_10043a58","unreferenced code after a RET (separate routine) -> FUN_10043a8c@10043a8c body=10043a8c-10043ad8"
1004412f,new_function,"code outside any function e840ffffffc3d9f3 in extent of FUN_10044129","unreferenced code after a RET (separate routine) -> FUN_1004412f@1004412f body=1004412f-10044135"
1000b3e6,new_function,"code outside any function e900000000d905ec in extent of FUN_1000b3cc","referenced from pointer table 1004806c -> thunk_FUN_1000b3eb@1000b3e6 body=1000b3e6-1000b3eb (thunk)"
1001141f,new_function,"code outside any function e900000000d9ee33 in extent of FUN_100113d3","referenced from pointer table 100480dc -> thunk_FUN_10011424@1001141f body=1001141f-10011424 (thunk)"
10029c2b,new_function,"code outside any function 8b4424088d94c174 in extent of FUN_10029bed","referenced from pointer table 1004bc00 -> FUN_10029c2b@10029c2b body=10029c2b-10029c55"
10029eb4,new_function,"code outside any function 8b442404ff70108d in extent of FUN_10029eaf","referenced from pointer table 1004bc6c -> FUN_10029eb4@10029eb4 body=10029eb4-10029ecc"
100434fc,new_function,"code outside any function def083c42cc3db7c in extent of FUN_100434f6","referenced from pointer table 1004ce5a -> FUN_100434fc@100434fc body=100434fc-10043502"
10043ad8,new_function,"undisassembled 508b44240c250000 in extent of FUN_10043a8c","unreferenced code after a RET (separate routine) -> FUN_10043ad8@10043ad8 body=10043ad8-10043b24"
10044135,new_function,"code outside any function d9f3c3d9f2c3558b in extent of FUN_1004412f","unreferenced code after a RET (separate routine) -> FUN_10044135@10044135 body=10044135-10044138"
1000b409,new_function,"code outside any function e9000000006a006a in extent of FUN_1000b3eb","referenced from pointer table 10048070 -> thunk_FUN_1000b40e@1000b409 body=1000b409-1000b40e (thunk)"
1001146e,new_function,"code outside any function e900000000d9ee33 in extent of FUN_10011424","referenced from pointer table 100480e0 -> thunk_FUN_10011473@1001146e body=1001146e-10011473 (thunk)"
10029c55,new_function,"code outside any function 6a0158c208008b44 in extent of FUN_10029c2b","referenced from pointer table 1004bc04 -> FUN_10029c55@10029c55 body=10029c55-10029c5b"
10029ecc,new_function,"code outside any function c20400558bec5151 in extent of FUN_10029eb4","referenced from pointer table 1004bc68 1004bc70 -> FUN_10029ecc@10029ecc body=10029ecc-10029ecf"
10043502,new_function,"code outside any function db7c240cd9c0db3c in extent of FUN_100434fc","referenced from pointer table 1004ce5e -> FUN_10043502@10043502 body=10043502-1004351e"
10043b24,new_function,"undisassembled 50dfe02500380000 in extent of FUN_10043ad8","unreferenced code after a RET (separate routine) -> FUN_10043b24@10043b24 body=10043b24-10043b58"
10044138,new_function,"code outside any function d9f2c3558bec8b45 in extent of FUN_10044135","unreferenced code after a RET (separate routine) -> FUN_10044138@10044138 body=10044138-1004413b"
1000b428,new_function,"code outside any function e9000000006a006a in extent of FUN_1000b40e","referenced from pointer table 10048074 -> thunk_FUN_1000b42d@1000b428 body=1000b428-1000b42d (thunk)"
100114bd,new_function,"code outside any function e900000000d9ee33 in extent of FUN_10011473","referenced from pointer table 100480e4 -> thunk_FUN_100114c2@100114bd body=100114bd-100114c2 (thunk)"
10029c5b,new_function,"code outside any function 8b4424045356578b in extent of FUN_10029c55","referenced from pointer table 1004bc08 -> FUN_10029c5b@10029c5b body=10029c5b-10029cbb"
1004351e,new_function,"code outside any function 83c42ccd06db3c24 in extent of FUN_10043502","referenced from pointer table 1004ce62 -> FUN_1004351e@1004351e body=1004351e-10043539"
10043b58,new_function,"undisassembled 50dfe02500380000 in extent of FUN_10043b24","unreferenced code after a RET (separate routine) -> FUN_10043b58@10043b58 body=10043b58-10043b8c"
1000b447,new_function,"code outside any function e9000000006a006a in extent of FUN_1000b42d","referenced from pointer table 10048078 -> thunk_FUN_1000b44c@1000b447 body=1000b447-1000b44c (thunk)"
1001150c,new_function,"code outside any function e900000000d9ee33 in extent of FUN_100114c2","referenced from pointer table 100480e8 -> thunk_FUN_10011511@1001150c body=1001150c-10011511 (thunk)"
10029cbb,new_function,"code outside any function ff742408e8b705fe in extent of FUN_10029c5b","referenced from pointer table 1004bc0c -> FUN_10029cbb@10029cbb body=10029cbb-10029ccb"
10043539,new_function,"code outside any function 83c42ccd06d9c9db in extent of FUN_1004351e","referenced from pointer table 1004ce6a -> FUN_10043539@10043539 body=10043539-1004355a"
10043b8c,new_function,"undisassembled 5083ec2cdb3c24db in extent of FUN_10043b58","unreferenced code after a RET (separate routine) -> FUN_10043b8c@10043b8c body=10043b8c-10043ba1"
1000b466,new_function,"code outside any function e900000000d905f0 in extent of FUN_1000b44c","referenced from pointer table 1004807c -> thunk_FUN_1000b46b@1000b466 body=1000b466-1000b46b (thunk)"
1001155b,new_function,"code outside any function e900000000d9ee33 in extent of FUN_10011511","referenced from pointer table 100480ec -> thunk_FUN_10011560@1001155b body=1001155b-10011560 (thunk)"
10029ccb,new_function,"code outside any function 8b4424046a00ff74 in extent of FUN_10029cbb","referenced from pointer table 1004bc10 -> FUN_10029ccb@10029ccb body=10029ccb-10029ce6"
1004355a,new_function,"code outside any function db3c24db7c240ce8 in extent of FUN_10043539","referenced from pointer table 1004ce72 -> FUN_1004355a@1004355a body=1004355a-1004356a"
1000b489,new_function,"code outside any function e9000000006a006a in extent of FUN_1000b46b","referenced from pointer table 10048080 -> thunk_FUN_1000b48e@1000b489 body=1000b489-1000b48e (thunk)"
100115aa,new_function,"code outside any function e900000000d9ee33 in extent of FUN_10011560","referenced from pointer table 100480f0 -> thunk_FUN_100115af@100115aa body=100115aa-100115af (thunk)"
10029ce6,new_function,"code outside any function ff742408ff742408 in extent of FUN_10029ccb","referenced from pointer table 1004bc14 -> FUN_10029ce6@10029ce6 body=10029ce6-10029cf8"
1004356a,new_function,"code outside any function db7c240cdb3c24e8 in extent of FUN_1004355a","referenced from pointer table 1004ce76 -> FUN_1004356a@1004356a body=1004356a-1004357e"
1000b4a8,new_function,"code outside any function e900000000d905dc in extent of FUN_1000b48e","referenced from pointer table 10048084 -> thunk_FUN_1000b4ad@1000b4a8 body=1000b4a8-1000b4ad (thunk)"
100115f9,new_function,"code outside any function e900000000d9ee33 in extent of FUN_100115af","referenced from pointer table 100480f4 -> thunk_FUN_100115fe@100115f9 body=100115f9-100115fe (thunk)"
10029cf8,new_function,"code outside any function 8b44240456578bf1 in extent of FUN_10029ce6","referenced from pointer table 1004bc18 -> FUN_10029cf8@10029cf8 body=10029cf8-10029d5a"
1004357e,new_function,"code outside any function db7c240cdb3c24e8 in extent of FUN_1004356a","referenced from pointer table 1004ce7a -> FUN_1004357e@1004357e body=1004357e-1004358e"
1000b4cb,new_function,"code outside any function e9000000006a006a in extent of FUN_1000b4ad","referenced from pointer table 10048088 -> thunk_FUN_1000b4d0@1000b4cb body=1000b4cb-1000b4d0 (thunk)"
10011648,new_function,"code outside any function e900000000d9ee33 in extent of FUN_100115fe","referenced from pointer table 100480f8 -> thunk_FUN_1001164d@10011648 body=10011648-1001164d (thunk)"
1004358e,new_function,"code outside any function db7c240cd9c9d9c0 in extent of FUN_1004357e","referenced from pointer table 1004ce7e -> FUN_1004358e@1004358e body=1004358e-100435ae"
1000b4ea,new_function,"code outside any function e9000000006a006a in extent of FUN_1000b4d0","referenced from pointer table 1004808c -> thunk_FUN_1000b4ef@1000b4ea body=1000b4ea-1000b4ef (thunk)"
10011697,new_function,"code outside any function e900000000d9ee33 in extent of FUN_1001164d","referenced from pointer table 100480fc -> thunk_FUN_1001169c@10011697 body=10011697-1001169c (thunk)"
100435ae,new_function,"code outside any function 83c42ccd06db3c24 in extent of FUN_1004358e","referenced from pointer table 1004ce82 -> FUN_100435ae@100435ae body=100435ae-100435cd"
1000b509,new_function,"code outside any function e9000000006a006a in extent of FUN_1000b4ef","referenced from pointer table 10048090 -> thunk_FUN_1000b50e@1000b509 body=1000b509-1000b50e (thunk)"
100116e6,new_function,"code outside any function e900000000d9ee33 in extent of FUN_1001169c","referenced from pointer table 10048100 -> thunk_FUN_100116eb@100116e6 body=100116e6-100116eb (thunk)"
100435cd,new_function,"code outside any function 83c42ccd06d9cadb in extent of FUN_100435ae","referenced from pointer table 1004ce8a -> FUN_100435cd@100435cd body=100435cd-100435f2"
10011735,new_function,"code outside any function e90000000033c0c7 in extent of FUN_100116eb","referenced from pointer table 10048104 -> thunk_FUN_1001173a@10011735 body=10011735-1001173a (thunk)"
100435f2,new_function,"code outside any function db3c24d9c9db7c24 in extent of FUN_100435cd","referenced from pointer table 1004ce92 -> FUN_100435f2@100435f2 body=100435f2-10043606"
10011786,new_function,"code outside any function e90000000033c0c7 in extent of FUN_1001173a","referenced from pointer table 10048108 -> thunk_FUN_1001178b@10011786 body=10011786-1001178b (thunk)"
10043606,new_function,"code outside any function db7c240cd9c9db3c in extent of FUN_100435f2","referenced from pointer table 1004ce96 -> FUN_10043606@10043606 body=10043606-1004361e"
100117d7,new_function,"code outside any function e900000000d9ee33 in extent of FUN_1001178b","referenced from pointer table 1004810c -> thunk_FUN_100117dc@100117d7 body=100117d7-100117dc (thunk)"
1004361e,new_function,"code outside any function db7c240cd9c9db3c in extent of FUN_10043606","referenced from pointer table 1004ce9a -> FUN_1004361e@1004361e body=1004361e-10043632"
10011826,new_function,"code outside any function e90000000033c0c7 in extent of FUN_100117dc","referenced from pointer table 10048110 -> thunk_FUN_1001182b@10011826 body=10011826-1001182b (thunk)"
10043632,new_function,"code outside any function db7c240cd9cad9c0 in extent of FUN_1004361e","referenced from pointer table 1004ce9e -> FUN_10043632@10043632 body=10043632-10043652"
10011877,new_function,"code outside any function e900000000d9ee33 in extent of FUN_1001182b","referenced from pointer table 10048114 -> thunk_FUN_1001187c@10011877 body=10011877-1001187c (thunk)"
10043652,new_function,"code outside any function 83c42ccd06db3c24 in extent of FUN_10043632","referenced from pointer table 1004cea2 -> FUN_10043652@10043652 body=10043652-10043671"
100118c6,new_function,"code outside any function e900000000d9ee33 in extent of FUN_1001187c","referenced from pointer table 10048118 -> thunk_FUN_100118cb@100118c6 body=100118c6-100118cb (thunk)"
10043671,new_function,"code outside any function 83c42ccd06d9cbdb in extent of FUN_10043652","referenced from pointer table 1004ceaa -> FUN_10043671@10043671 body=10043671-10043696"
10011915,new_function,"code outside any function e90000000033c0c7 in extent of FUN_100118cb","referenced from pointer table 1004811c -> thunk_FUN_1001191a@10011915 body=10011915-1001191a (thunk)"
10043696,new_function,"code outside any function db3c24d9cadb7c24 in extent of FUN_10043671","referenced from pointer table 1004ceb2 -> FUN_10043696@10043696 body=10043696-100436aa"
10011966,new_function,"code outside any function e900000000d9ee33 in extent of FUN_1001191a","referenced from pointer table 10048120 -> thunk_FUN_1001196b@10011966 body=10011966-1001196b (thunk)"
100436aa,new_function,"code outside any function db7c240cd9cadb3c in extent of FUN_10043696","referenced from pointer table 1004ceb6 -> FUN_100436aa@100436aa body=100436aa-100436c2"
100119b5,new_function,"code outside any function e90000000033c0c7 in extent of FUN_1001196b","referenced from pointer table 10048124 -> thunk_FUN_100119ba@100119b5 body=100119b5-100119ba (thunk)"
100436c2,new_function,"code outside any function db7c240cd9cadb3c in extent of FUN_100436aa","referenced from pointer table 1004ceba -> FUN_100436c2@100436c2 body=100436c2-100436d6"
10011a06,new_function,"code outside any function e900000000d9ee33 in extent of FUN_100119ba","referenced from pointer table 10048128 -> thunk_FUN_10011a0b@10011a06 body=10011a06-10011a0b (thunk)"
100436d6,new_function,"code outside any function db7c240cd9cbd9c0 in extent of FUN_100436c2","referenced from pointer table 1004cebe -> FUN_100436d6@100436d6 body=100436d6-100436f6"
10011a55,new_function,"code outside any function e900000000d9ee33 in extent of FUN_10011a0b","referenced from pointer table 1004812c -> thunk_FUN_10011a5a@10011a55 body=10011a55-10011a5a (thunk)"
100436f6,new_function,"code outside any function 83c42ccd06db3c24 in extent of FUN_100436d6","referenced from pointer table 1004cec2 -> FUN_100436f6@100436f6 body=100436f6-10043715"
10011aa4,new_function,"code outside any function e900000000d9ee33 in extent of FUN_10011a5a","referenced from pointer table 10048130 -> thunk_FUN_10011aa9@10011aa4 body=10011aa4-10011aa9 (thunk)"
10043715,new_function,"code outside any function 83c42ccd06d9ccdb in extent of FUN_100436f6","referenced from pointer table 1004ceca -> FUN_10043715@10043715 body=10043715-1004373a"
10011af3,new_function,"code outside any function e900000000d9ee33 in extent of FUN_10011aa9","referenced from pointer table 10048134 -> thunk_FUN_10011af8@10011af3 body=10011af3-10011af8 (thunk)"
1004373a,new_function,"code outside any function db3c24d9cbdb7c24 in extent of FUN_10043715","referenced from pointer table 1004ced2 -> FUN_1004373a@1004373a body=1004373a-1004374e"
10011b42,new_function,"code outside any function e900000000d9ee33 in extent of FUN_10011af8","referenced from pointer table 10048138 -> thunk_FUN_10011b47@10011b42 body=10011b42-10011b47 (thunk)"
1004374e,new_function,"code outside any function db7c240cd9cbdb3c in extent of FUN_1004373a","referenced from pointer table 1004ced6 -> FUN_1004374e@1004374e body=1004374e-10043766"
10011b91,new_function,"code outside any function e900000000d9ee33 in extent of FUN_10011b47","referenced from pointer table 1004813c -> thunk_FUN_10011b96@10011b91 body=10011b91-10011b96 (thunk)"
10043766,new_function,"code outside any function db7c240cd9cbdb3c in extent of FUN_1004374e","referenced from pointer table 1004ceda -> FUN_10043766@10043766 body=10043766-1004377a"
10011be0,new_function,"code outside any function e900000000d9ee33 in extent of FUN_10011b96","referenced from pointer table 10048140 -> thunk_FUN_10011be5@10011be0 body=10011be0-10011be5 (thunk)"
1004377a,new_function,"code outside any function db7c240cd9ccd9c0 in extent of FUN_10043766","referenced from pointer table 1004cede -> FUN_1004377a@1004377a body=1004377a-1004379a"
10011c2f,new_function,"code outside any function e900000000d9ee33 in extent of FUN_10011be5","referenced from pointer table 10048144 -> thunk_FUN_10011c34@10011c2f body=10011c2f-10011c34 (thunk)"
1004379a,new_function,"code outside any function 83c42ccd06db3c24 in extent of FUN_1004377a","referenced from pointer table 1004cee2 -> FUN_1004379a@1004379a body=1004379a-100437b9"
10011c7e,new_function,"code outside any function e900000000d9ee33 in extent of FUN_10011c34","referenced from pointer table 10048148 -> thunk_FUN_10011c83@10011c7e body=10011c7e-10011c83 (thunk)"
100437b9,new_function,"code outside any function 83c42ccd06d9cddb in extent of FUN_1004379a","referenced from pointer table 1004ceea -> FUN_100437b9@100437b9 body=100437b9-100437de"
10011ccd,new_function,"code outside any function e900000000d9ee33 in extent of FUN_10011c83","referenced from pointer table 1004814c -> thunk_FUN_10011cd2@10011ccd body=10011ccd-10011cd2 (thunk)"
100437de,new_function,"code outside any function db3c24d9ccdb7c24 in extent of FUN_100437b9","referenced from pointer table 1004cef2 -> FUN_100437de@100437de body=100437de-100437f2"
10011d1c,new_function,"code outside any function e900000000d9ee33 in extent of FUN_10011cd2","referenced from pointer table 10048150 -> thunk_FUN_10011d21@10011d1c body=10011d1c-10011d21 (thunk)"
100437f2,new_function,"code outside any function db7c240cd9ccdb3c in extent of FUN_100437de","referenced from pointer table 1004cef6 -> FUN_100437f2@100437f2 body=100437f2-1004380a"
10011d6b,new_function,"code outside any function e900000000d9ee33 in extent of FUN_10011d21","referenced from pointer table 10048154 -> thunk_FUN_10011d70@10011d6b body=10011d6b-10011d70 (thunk)"
1004380a,new_function,"code outside any function db7c240cd9ccdb3c in extent of FUN_100437f2","referenced from pointer table 1004cefa -> FUN_1004380a@1004380a body=1004380a-1004381e"
10011dba,new_function,"code outside any function e900000000d9ee33 in extent of FUN_10011d70","referenced from pointer table 10048158 -> thunk_FUN_10011dbf@10011dba body=10011dba-10011dbf (thunk)"
1004381e,new_function,"code outside any function db7c240cd9cdd9c0 in extent of FUN_1004380a","referenced from pointer table 1004cefe -> FUN_1004381e@1004381e body=1004381e-1004383e"
10011e09,new_function,"code outside any function e900000000d9ee33 in extent of FUN_10011dbf","referenced from pointer table 1004815c -> thunk_FUN_10011e0e@10011e09 body=10011e09-10011e0e (thunk)"
1004383e,new_function,"code outside any function 83c42ccd06db3c24 in extent of FUN_1004381e","referenced from pointer table 1004cf02 -> FUN_1004383e@1004383e body=1004383e-1004385d"
10011e58,new_function,"code outside any function e900000000d9ee33 in extent of FUN_10011e0e","referenced from pointer table 10048160 -> thunk_FUN_10011e5d@10011e58 body=10011e58-10011e5d (thunk)"
1004385d,new_function,"code outside any function 83c42ccd06d9cedb in extent of FUN_1004383e","referenced from pointer table 1004cf0a -> FUN_1004385d@1004385d body=1004385d-10043882"
10011ea7,new_function,"code outside any function e900000000d9ee33 in extent of FUN_10011e5d","referenced from pointer table 10048164 -> thunk_FUN_10011eac@10011ea7 body=10011ea7-10011eac (thunk)"
10043882,new_function,"code outside any function db3c24d9cddb7c24 in extent of FUN_1004385d","referenced from pointer table 1004cf12 -> FUN_10043882@10043882 body=10043882-10043896"
10011ef6,new_function,"code outside any function e900000000d9ee33 in extent of FUN_10011eac","referenced from pointer table 10048168 -> thunk_FUN_10011efb@10011ef6 body=10011ef6-10011efb (thunk)"
10043896,new_function,"code outside any function db7c240cd9cddb3c in extent of FUN_10043882","referenced from pointer table 1004cf16 -> FUN_10043896@10043896 body=10043896-100438ae"
10011f45,new_function,"code outside any function e900000000d9ee33 in extent of FUN_10011efb","referenced from pointer table 1004816c -> thunk_FUN_10011f4a@10011f45 body=10011f45-10011f4a (thunk)"
100438ae,new_function,"code outside any function db7c240cd9cddb3c in extent of FUN_10043896","referenced from pointer table 1004cf1a -> FUN_100438ae@100438ae body=100438ae-100438c2"
10011f94,new_function,"code outside any function e900000000d9ee33 in extent of FUN_10011f4a","referenced from pointer table 10048170 -> thunk_FUN_10011f99@10011f94 body=10011f94-10011f99 (thunk)"
100438c2,new_function,"code outside any function db7c240cd9ced9c0 in extent of FUN_100438ae","referenced from pointer table 1004cf1e -> FUN_100438c2@100438c2 body=100438c2-100438e2"
10011fe3,new_function,"code outside any function e900000000d9ee33 in extent of FUN_10011f99","referenced from pointer table 10048174 -> thunk_FUN_10011fe8@10011fe3 body=10011fe3-10011fe8 (thunk)"
100438e2,new_function,"code outside any function 83c42ccd06db3c24 in extent of FUN_100438c2","referenced from pointer table 1004cf22 -> FUN_100438e2@100438e2 body=100438e2-10043901"
10012032,new_function,"code outside any function e900000000d9ee33 in extent of FUN_10011fe8","referenced from pointer table 10048178 -> thunk_FUN_10012037@10012032 body=10012032-10012037 (thunk)"
10043901,new_function,"code outside any function 83c42ccd06d9cfdb in extent of FUN_100438e2","referenced from pointer table 1004cf2a -> FUN_10043901@10043901 body=10043901-10043926"
10012081,new_function,"code outside any function e900000000d9ee33 in extent of FUN_10012037","referenced from pointer table 1004817c -> thunk_FUN_10012086@10012081 body=10012081-10012086 (thunk)"
10043926,new_function,"code outside any function db3c24d9cedb7c24 in extent of FUN_10043901","referenced from pointer table 1004cf32 -> FUN_10043926@10043926 body=10043926-1004393a"
100120d0,new_function,"code outside any function e90000000033c0c7 in extent of FUN_10012086","referenced from pointer table 10048180 -> thunk_FUN_100120d5@100120d0 body=100120d0-100120d5 (thunk)"
1004393a,new_function,"code outside any function db7c240cd9cedb3c in extent of FUN_10043926","referenced from pointer table 1004cf36 -> FUN_1004393a@1004393a body=1004393a-10043952"
10012121,new_function,"code outside any function e90000000033c0c7 in extent of FUN_100120d5","referenced from pointer table 10048184 -> thunk_FUN_10012126@10012121 body=10012121-10012126 (thunk)"
10043952,new_function,"code outside any function db7c240cd9cedb3c in extent of FUN_1004393a","referenced from pointer table 1004cf3a -> FUN_10043952@10043952 body=10043952-10043966"
10012172,new_function,"code outside any function e90000000033c0c7 in extent of FUN_10012126","referenced from pointer table 10048188 -> thunk_FUN_10012177@10012172 body=10012172-10012177 (thunk)"
100121c3,new_function,"code outside any function e900000000d9ee33 in extent of FUN_10012177","referenced from pointer table 1004818c -> thunk_FUN_100121c8@100121c3 body=100121c3-100121c8 (thunk)"
10012212,new_function,"code outside any function e90000000033c0c7 in extent of FUN_100121c8","referenced from pointer table 10048190 -> thunk_FUN_10012217@10012212 body=10012212-10012217 (thunk)"
10012263,new_function,"code outside any function e900000000d9ee33 in extent of FUN_10012217","referenced from pointer table 10048194 -> thunk_FUN_10012268@10012263 body=10012263-10012268 (thunk)"
100122b2,new_function,"code outside any function e90000000033c0c7 in extent of FUN_10012268","referenced from pointer table 10048198 -> thunk_FUN_100122b7@100122b2 body=100122b2-100122b7 (thunk)"
10012303,new_function,"code outside any function e900000000d9ee33 in extent of FUN_100122b7","referenced from pointer table 1004819c -> thunk_FUN_10012308@10012303 body=10012303-10012308 (thunk)"
10012352,new_function,"code outside any function e900000000d9ee33 in extent of FUN_10012308","referenced from pointer table 100481a0 -> thunk_FUN_10012357@10012352 body=10012352-10012357 (thunk)"
100123a1,new_function,"code outside any function e900000000d9ee33 in extent of FUN_10012357","referenced from pointer table 100481a4 -> thunk_FUN_100123a6@100123a1 body=100123a1-100123a6 (thunk)"
100123f0,new_function,"code outside any function e900000000d9ee33 in extent of FUN_100123a6","referenced from pointer table 100481a8 -> thunk_FUN_100123f5@100123f0 body=100123f0-100123f5 (thunk)"
1001243f,new_function,"code outside any function e900000000d9ee33 in extent of FUN_100123f5","referenced from pointer table 100481ac -> thunk_FUN_10012444@1001243f body=1001243f-10012444 (thunk)"
1001248e,new_function,"code outside any function e900000000d9ee33 in extent of FUN_10012444","referenced from pointer table 100481b0 -> thunk_FUN_10012493@1001248e body=1001248e-10012493 (thunk)"
100124dd,new_function,"code outside any function e900000000d9ee33 in extent of FUN_10012493","referenced from pointer table 100481b4 -> thunk_FUN_100124e2@100124dd body=100124dd-100124e2 (thunk)"
1001252c,new_function,"code outside any function e900000000d9ee33 in extent of FUN_100124e2","referenced from pointer table 100481b8 -> thunk_FUN_10012531@1001252c body=1001252c-10012531 (thunk)"
1001257b,new_function,"code outside any function e900000000d9ee33 in extent of FUN_10012531","referenced from pointer table 100481bc -> thunk_FUN_10012580@1001257b body=1001257b-10012580 (thunk)"
100125ca,new_function,"code outside any function e900000000d9ee33 in extent of FUN_10012580","referenced from pointer table 100481c0 -> thunk_FUN_100125cf@100125ca body=100125ca-100125cf (thunk)"
10012619,new_function,"code outside any function e900000000d9ee33 in extent of FUN_100125cf","referenced from pointer table 100481c4 -> thunk_FUN_1001261e@10012619 body=10012619-1001261e (thunk)"
10012668,new_function,"code outside any function e900000000d9ee33 in extent of FUN_1001261e","referenced from pointer table 100481c8 -> thunk_FUN_1001266d@10012668 body=10012668-1001266d (thunk)"
100126b7,new_function,"code outside any function e900000000d9ee33 in extent of FUN_1001266d","referenced from pointer table 100481cc -> thunk_FUN_100126bc@100126b7 body=100126b7-100126bc (thunk)"
10012706,new_function,"code outside any function e900000000d9ee33 in extent of FUN_100126bc","referenced from pointer table 100481d0 -> thunk_FUN_1001270b@10012706 body=10012706-1001270b (thunk)"
10012755,new_function,"code outside any function e900000000d9ee33 in extent of FUN_1001270b","referenced from pointer table 100481d4 -> thunk_FUN_1001275a@10012755 body=10012755-1001275a (thunk)"
100127a4,new_function,"code outside any function e900000000d9ee33 in extent of FUN_1001275a","referenced from pointer table 100481d8 -> thunk_FUN_100127a9@100127a4 body=100127a4-100127a9 (thunk)"
100127f3,new_function,"code outside any function e900000000d9ee33 in extent of FUN_100127a9","referenced from pointer table 100481dc -> thunk_FUN_100127f8@100127f3 body=100127f3-100127f8 (thunk)"
10012842,new_function,"code outside any function e900000000d9ee33 in extent of FUN_100127f8","referenced from pointer table 100481e0 -> thunk_FUN_10012847@10012842 body=10012842-10012847 (thunk)"
10012891,new_function,"code outside any function e900000000d9ee33 in extent of FUN_10012847","referenced from pointer table 100481e4 -> thunk_FUN_10012896@10012891 body=10012891-10012896 (thunk)"
100128e0,new_function,"code outside any function e900000000d9ee33 in extent of FUN_10012896","referenced from pointer table 100481e8 -> thunk_FUN_100128e5@100128e0 body=100128e0-100128e5 (thunk)"
1001292f,new_function,"code outside any function e90000000033c0c7 in extent of FUN_100128e5","referenced from pointer table 100481ec -> thunk_FUN_10012934@1001292f body=1001292f-10012934 (thunk)"
10012980,new_function,"code outside any function e900000000d9ee33 in extent of FUN_10012934","referenced from pointer table 100481f0 -> thunk_FUN_10012985@10012980 body=10012980-10012985 (thunk)"
100129cf,new_function,"code outside any function e900000000d9ee33 in extent of FUN_10012985","referenced from pointer table 100481f4 -> thunk_FUN_100129d4@100129cf body=100129cf-100129d4 (thunk)"
10012a1e,new_function,"code outside any function e900000000d9ee33 in extent of FUN_100129d4","referenced from pointer table 100481f8 -> thunk_FUN_10012a23@10012a1e body=10012a1e-10012a23 (thunk)"
10012a6d,new_function,"code outside any function e900000000d9ee33 in extent of FUN_10012a23","referenced from pointer table 100481fc -> thunk_FUN_10012a72@10012a6d body=10012a6d-10012a72 (thunk)"
10012abc,new_function,"code outside any function e900000000d9ee33 in extent of FUN_10012a72","referenced from pointer table 10048200 -> thunk_FUN_10012ac1@10012abc body=10012abc-10012ac1 (thunk)"
10012b0b,new_function,"code outside any function e900000000d9ee33 in extent of FUN_10012ac1","referenced from pointer table 10048204 -> thunk_FUN_10012b10@10012b0b body=10012b0b-10012b10 (thunk)"
10012b5a,new_function,"code outside any function e900000000d9ee33 in extent of FUN_10012b10","referenced from pointer table 10048208 -> thunk_FUN_10012b5f@10012b5a body=10012b5a-10012b5f (thunk)"
10012ba9,new_function,"code outside any function e900000000d9ee33 in extent of FUN_10012b5f","referenced from pointer table 1004820c -> thunk_FUN_10012bae@10012ba9 body=10012ba9-10012bae (thunk)"
10012bf8,new_function,"code outside any function e900000000d9ee33 in extent of FUN_10012bae","referenced from pointer table 10048210 -> thunk_FUN_10012bfd@10012bf8 body=10012bf8-10012bfd (thunk)"
10012c47,new_function,"code outside any function e900000000d9ee33 in extent of FUN_10012bfd","referenced from pointer table 10048214 -> thunk_FUN_10012c4c@10012c47 body=10012c47-10012c4c (thunk)"
10012c96,new_function,"code outside any function e900000000d9ee33 in extent of FUN_10012c4c","referenced from pointer table 10048218 -> thunk_FUN_10012c9b@10012c96 body=10012c96-10012c9b (thunk)"
1003c0bb,add_to_body,"code outside any function b801000000833d88 | FUN_1003c05d@1003c05d body=1003c05d-1003c0bb 1003c0c0-1003c0df","unreferenced code inside extent (after 'JMP 0x1003c076') -> added 1003c0bb-1003c0c0 to FUN_1003c05d"
1003cba1,add_to_body,"code outside any function 0f848e000000a900 | FUN_1003cb72@1003cb72 body=1003cb72-1003cba1 1003cc09-1003cc12 1003cc39-1003cc4f","unreferenced code inside extent (after 'CALL 0x1003e425') -> added 1003cba1-1003cc09 1003cc1c-1003cc39 1003cc4f-1003cd45 to FUN_1003cb72"
1003cc12,add_to_body,"code outside any function f644241608750341 | FUN_1003cb72@1003cb72 body=1003cb72-1003cc12 1003cc1c-1003cd45","unreferenced code that jumps back into FUN_1003cb72 -> added 1003cc12-1003cc1c to FUN_1003cb72"
1003cd7a,add_to_body,"code outside any function ba10cb0410e92c40 | FUN_1003cd70@1003cd70 body=1003cd70-1003cd7a","unreferenced code inside extent (after 'JMP 0x10040e2b') -> added 1003cd7a-1003cd84 to FUN_1003cd70"
1003d0f1,add_to_body,"code outside any function 5959c3558bec5356 | __amsg_exit@1003d0c1 body=1003d0c1-1003d0f1","unreferenced code inside extent (after 'CALL dword ptr [0x1004c2b8]') -> added 1003d0f1-1003d0f4 to __amsg_exit"
1003d771,add_to_body,"code outside any function 5fc36a0de8da0f00 | FUN_1003d6ce@1003d6ce body=1003d6ce-1003d771","unreferenced code inside extent (after 'CALL dword ptr [0x1004605c]') -> added 1003d771-1003d773 to FUN_1003d6ce"
1003e2a3,add_to_body,"code outside any function e8c1000000d9c9dd | __trandisp2@1003e217 body=1003e217-1003e2a3","unreferenced code inside extent (after 'JMP dword ptr [EBX]') -> added 1003e2a3-1003e2ad to __trandisp2"
1003fd3b,add_to_body,"code outside any function 6a0158c38b65e833 | FUN_1003fc2b@1003fc2b body=1003fc2b-1003fd3b 1003fd4e-1003fdef 1003fe01-1003fe4f","SEH scope-table filter/handler -> added 1003fd3b-1003fd3f to FUN_1003fc2b"
1003fdef,add_to_body,"code outside any function 6a0158c38b65e833 | FUN_1003fc2b@1003fc2b body=1003fc2b-1003fd3f 1003fd4e-1003fdef 1003fe01-1003fe4f","SEH scope-table filter/handler -> added 1003fdef-1003fdf3 to FUN_1003fc2b"
100409ce,add_to_body,"code outside any function e9e8d8ffffe97ed9 | FUN_10040971@10040971 body=10040971-100409b6","unreferenced code inside extent (after 'JMP 0x1004096d') -> added 100409ce-100409d3 to FUN_10040971"
100409d8,add_to_body,"code outside any function ddd8ddd8db2db0ca | FUN_10040971@10040971 body=10040971-100409b6 100409ce-100409d3","unreferenced code using the EBP frame of FUN_10040971 -> added 100409d8-100409ea to FUN_10040971"
10040d09,add_to_body,"code outside any function e82e000000d9c9eb | FUN_10040d00@10040d00 body=10040d00-10040d09 10040d2b-10040d3c","unreferenced code that jumps back into FUN_10040d00 -> added 10040d09-10040d12 to FUN_10040d00"
10040d8b,add_to_body,"code outside any function ddd8e9c6d5ffffdd | FUN_10040d75@10040d75 body=10040d75-10040d8b","unreferenced code inside extent (after 'JMP 0x1003e2b6') -> added 10040d8b-10040d92 to FUN_10040d75"
10041a14,add_to_body,"code outside any function 6a0158c38b65e883 | FUN_100419cc@100419cc body=100419cc-10041a14 10041a1f-10041a2d","SEH scope-table filter/handler -> added 10041a14-10041a18 to FUN_100419cc"
100427dc,add_to_body,"code outside any function 6a0158c38b65e833 | FUN_100426e3@100426e3 body=100426e3-100427dc 100427e7-1004282c","SEH scope-table filter/handler -> added 100427dc-100427e0 to FUN_100426e3"
100457c0,add_to_body,"code outside any function 33c08a442408538b | FUN_100457b0@100457b0 body=100457b0-100457b5","unreferenced code that jumps back into FUN_100457b0 -> added 100457c0-1004587c to FUN_100457b0"
1003cd45,new_function,"code outside any function d9c0d9fcd8d9b100 in extent of FUN_1003cb72","called (static helper) from FUN_1003cb72 -> FUN_1003cd45@1003cd45 body=1003cd45-1003cd6d"
10040d92,new_function,"code outside any function ddd88acdeb00e8cf in extent of FUN_10040d75","referenced from pointer table 1004cb24 1004cb50 1004cb54 -> FUN_10040d92@10040d92 body=10040d92-10040da2"
1003e2ad,add_to_body,"code outside any function e8b7000000ebf6dd | __trandisp2@1003e217 body=1003e217-1003e2ad","unreferenced code that jumps back into __trandisp2 -> added 1003e2ad-1003e2b4 to __trandisp2"
1003fd3f,add_to_body,"code outside any function 8b65e833ff897ddc | FUN_1003fc2b@1003fc2b body=1003fc2b-1003fd3f 1003fd4e-1003fdf3 1003fe01-1003fe4f","SEH scope-table filter/handler -> added 1003fd3f-1003fd4e to FUN_1003fc2b"
1003fdf3,add_to_body,"code outside any function 8b65e833ff33db83 | FUN_1003fc2b@1003fc2b body=1003fc2b-1003fdf3 1003fe01-1003fe4f","SEH scope-table filter/handler -> added 1003fdf3-1003fe01 to FUN_1003fc2b"
100409ea,add_to_body,"code outside any function d9edd9c9d9e49bdd | FUN_10040971@10040971 body=10040971-100409b6 100409ce-100409d3 100409d8-100409ea","unreferenced code using the EBP frame of FUN_10040971 -> added 100409ea-10040a04 to FUN_10040971"
10040d12,add_to_body,"code outside any function d9e1d9e88ae932c9 | FUN_10040d00@10040d00 body=10040d00-10040d12 10040d2b-10040d3c","unreferenced code that jumps back into FUN_10040d00 -> added 10040d12-10040d1c to FUN_10040d00"
10041a18,add_to_body,"code outside any function 8b65e88365fc0083 | FUN_100419cc@100419cc body=100419cc-10041a18 10041a1f-10041a2d","SEH scope-table filter/handler -> added 10041a18-10041a1f to FUN_100419cc"
100427e0,add_to_body,"code outside any function 8b65e833db33f683 | FUN_100426e3@100426e3 body=100426e3-100427e0 100427e7-1004282c","SEH scope-table filter/handler -> added 100427e0-100427e7 to FUN_100426e3"
10040d1c,new_function,"code outside any function c68570fffffffed9 in extent of FUN_10040d00","referenced from pointer table 1004cb20 -> FUN_10040d1c@10040d1c body=10040d1c-10040d3c"
1003e2b4,add_to_body,"code outside any function ddd8ddd8d9eec3dd | __trandisp2@1003e217 body=1003e217-1003e2b4","unreferenced code inside extent (after 'JMP 0x1003e2aa') -> added 1003e2b4-1003e2b6 to __trandisp2"
10040a04,add_to_body,"code outside any function c68570ffffff02dd | FUN_10040971@10040971 body=10040971-100409b6 100409ce-100409d3 100409d8-10040a04","unreferenced code using the EBP frame of FUN_10040971 -> added 10040a04-10040a14 to FUN_10040971"
10040a14,new_function,"code outside any function 0ac97553c3d9eceb in extent of FUN_10040971","unreferenced code after a RET (separate routine) -> FUN_10040a14@10040a14 body=10040a14-10040a19 10040a6b-10040a70"
10040a19,new_function,"code outside any function d9eceb02d9edd9c9 in extent of FUN_10040a14","unreferenced code after a RET (separate routine) -> FUN_10040a19@10040a19 body=10040a19-10040a1d 10040a1f-10040a28"
10040a28,new_function,"code outside any function e98ed8ffffe8cf00 in extent of FUN_10040a19","unreferenced code after a RET (separate routine) -> thunk_FUN_1003e2bb@10040a28 body=10040a28-10040a2d (thunk)"
10040a1d,add_to_body,"code outside any function d9edd9c90ac975ae | FUN_10040a19@10040a19 body=10040a19-10040a1d 10040a1f-10040a28","unreferenced code inside extent (after 'JMP 0x10040a1f') -> added 10040a1d-10040a1f to FUN_10040a19"
10040a2d,add_to_body,"code outside any function e8cf000000ddd8dd | thunk_FUN_1003e2bb@10040a28 body=10040a28-10040a2d","unreferenced code inside extent (after 'JMP 0x1003e2bb') -> added 10040a2d-10040a62 to thunk_FUN_1003e2bb"
10040a70,add_to_body,"code outside any function 58d9e49bddbd60ff | thunk_FUN_1003e2bb@10040a28 body=10040a28-10040a62","jump target inside its extent -> added 10040a70-10040a9f to thunk_FUN_1003e2bb"
10040a62,add_to_body,"code outside any function ddd8e94dd8ffffdd | thunk_FUN_1003e2bb@10040a28 body=10040a28-10040a62 10040a70-10040a9f","unreferenced code inside extent (after 'JMP 0x10040a47') -> added 10040a62-10040a69 to thunk_FUN_1003e2bb"
10040a9f,add_to_body,"code outside any function ddd8ddd8db2db0ca | thunk_FUN_1003e2bb@10040a28 body=10040a28-10040a69 10040a70-10040a9f","unreferenced code using the EBP frame of thunk_FUN_1003e2bb -> added 10040a9f-10040ab1 to thunk_FUN_1003e2bb"
10040ab1,new_function,"code outside any function 0ac975afddd8db2d in extent of thunk_FUN_1003e2bb","referenced from pointer table 1004cb06 -> FUN_10040ab1@10040ab1 body=10040ab1-10040abe"
10040abe,new_function,"code outside any function d9c0d9e1db2dceca in extent of FUN_10040ab1","called from FUN_10040971 -> FUN_10040abe@10040abe body=10040abe-10040b01"
10040b01,new_function,"code outside any function d9c0d9fcd8d99bdf in extent of FUN_10040abe","called from FUN_10040960 -> FUN_10040b01@10040b01 body=10040b01-10040b35"
10040a69,add_to_body,"code outside any function ddd8e9e8d8ffff58 | thunk_FUN_1003e2bb@10040a28 body=10040a28-10040a69 10040a70-10040ab1","unreferenced code inside extent (after 'JMP 0x1003e2b6') -> added 10040a69-10040a6b to thunk_FUN_1003e2bb"
10040b35,add_to_body,"code outside any function 5683ec748bf45683 | FUN_10040b01@10040b01 body=10040b01-10040b35","unreferenced code inside extent (after 'JMP 0x10040b26') -> added 10040b35-10040b67 to FUN_10040b01"
